,PERSUASION TAGS,,,,,,,,Total Persuasive,57,38
,,,,,,,,,,Persasive?,
Post,OTHER,RECIPROCITY,COMMITMENT,CONSITENCY,LIKING,SCARCITY,AUTHORITY,SOCIAL PROOF,Additional Comments,W/ Other,W/o Other
"0001 PN60:(background noises throughout) Oh, I'm sorry, try that... (PAUSE)... Hello, <HT01 Name>... (LONG PAUSE).. Oh great, they hit the autodialer thats.. I'm listening. Yeah, I'll believe it when I see it, he keeps hitting the autodialer... PAUSE... Yeah, I'll stay here, I'll monitor... (PAUSE).. Every time you hear it go click-click-click-click, he hit the autodialer...(PAUSE)... Well, I think they're rolling the phone...(inaudible)",,,,,,,,,,0,0
"0002 HT01: Ok, hang loose and I'll talk.(background noises)",,,,,,,,,,0,0
"0003 PN60: Hello, Hello...(background noises)",,,,,,,,,,0,0
"0004 HT01: Ok,... (PAUSE)... no, I got it now...(background noises) ",,,,,,,,,,0,0
"0005 PN60: Oh, great he hit the dialer... Hello... hello... hello...  hello... (background noises)",,,,,,,,,,0,0
"0006 HT01: Right, I got it...",,,,,,,,,,0,0
"0007 PN60: Hello...(PAUSE)... sir, hello... PAUSE... <HT01 First Name>...(background noises) ",,,,,,,,,,0,0
0008 HT01: You on the phone?,,,,,,,,,,0,0
0009 PN60: <HT01 First Name> ,,,,,,,,,,0,0
0010 HT01: Yes ,,,,,,,,,,0,0
"0011 PN60: Yes, this is Officer <PN60 Last Name>, <PN60 Full Name>, Can you hear me ok?",,,,,,,,,,0,0
"0012 HT01: yeah I got ya, I got your <PN60 Last Name> on the phone",,,,,,,,,,0,0
"0013 PN60: Ok, <HT01 First Name>... ",,,,,,,,,,0,0
0014 HT01: Yeah,,,,,,,,,,0,0
"0015 PN60: Ok, you don't have to yell anymore I can hear you just fine ",,,,,,,,,,0,0
0016 HT01: Ok [ ] ,,,,,,,,,,0,0
0017 PN60: if you can hear me.,,,,,,,,,,0,0
0018 HT01: Ok,,,,,,,,,,0,0
0019 PN60: Ok,,,,,,,,,,0,0
0020 HT01: Let me explain what happened.,,,,,,,,,,0,0
"0021 PN60: Ok, explain what happened to me <HT01 First Name>. ",,,,,,,,,,0,0
"0022 HT01: Ok, sigh!",,,,,,,,,,0,0
"0023 PN60: I just got here <HT01 First Name>, lets go through this, lets work it out. [ ]",,,,,,,,,,0,0
"0024 HT01: I went to Los Alamos,  I was out in New Mexico, I got sick, I'm a vet. So, I went to the Los Alamos Military Hospital, they found brain tumor cancer",,,,,,,,,,0,0
0025 PN60: Ok..,,,,,,,,,,0,0
0026 HT01: CIA offered me a deal. They had a russian agent named <Russian Spy>- <initials>(inaudible) [],,,,,,,,,,0,0
"0027 PN60: <initials> Let me get this straight, Its <Russian Spy>?",,,,,,,,,,0,0
"0028 HT01: <Russian Spy>. My last name is <HT01 Last Name>, please. ",,,,,,,,,,0,0
"0029 PN60: Ok, Mr. <HT01 Last Name>, ah...",,,,,,,,,,0,0
"0030 HT01: No, it's <HT01 First Name>.. It's <HT01 Propper Name>..[]",,,,,,,,,,0,0
0031 PN60: Want me to call you <HT01 First Name>? ,,,,,,,,,,0,0
"0032 HT01: <HT01 Propper Name>, I hate <HT01 First Name>.",,,,,,,,,,0,0
"0033 PN60: Ok, mines <PN60 First Name>, <HT01 First Name>. Ok, let me write this down. Whats, do you know what <initials>'s first name is? ",,,,,,,,,,0,0
0034 HT01: Sighs…<Name>,,,,,,,,,,0,0
0035 PN60: <Name>? [ ],,,,,,,,,,0,0
0036 HT01: Born 1916 Russia. ,,,,,,,,,,0,0
0037 PN60: Ok. [ ],,,,,,,,,,0,0
"0038 HT01: Exact look-alike of <initials>  <HT01 Last Name>, who was my father by the way. ",,,,,,,,,,0,0
"0039 PN60: Ok, ok",,,,,,,,,,0,0
"0040 HT01: Now, they give me a name, ",,,,,,,,,,0,0
0041 PN60: Uh-huh,,,,,,,,,,0,0
"0042 HT01: I have brain tumor cancer,",,,,,,,,,,0,0
"0043 PN60: Ok, when did you find this out, <HT01 First Name>.",,,,,,,,,,0,0
"0044 HT01: This month; they had a inkling of it, they took all the tests down there at Los Alamos.",,,,,,,,,,0,0
0045 PN60: At Los Alamos?,,,,,,,,,,0,0
"0046 HT01: And then they promised me a hot shot, ie. enough poison to down a bull elephant if I put down- I'm talking to your man!",,,,,,,,,,0,0
"0047 PN61: Ok, good.",,,,,,,,,,0,0
0048 HT01: and thay promised me a hot sh- they promised me a hot shot if I put down <Russian Spy>... (PAUSE)..,,,,,,,,,,0,0
"0049 PN60: Ok, I understand that. Now when- who promised you this? Can you tell me that?",,,,,,,,,,0,0
"0050 HT01: CIA and s... so and they gave... Look they gave me a number, ok? <number> That was a- (inaudible) []",,,,,,,,,,0,0
"0051 PN60: Wait a minute, lemme write it down. <partial number> what else?",,,,,,,,,,0,0
0052 HT01: <partial number>,,,,,,,,,,0,0
"0053 PN60: Ok, <partial number>. Who is that number to?",,,,,,,,,,0,0
"0054 HT01: That number? Thats not a phone number, thats a warrant number. [ ]",,,,,,,,,,0,0
"0055 PN60: Ok, thats your warrant number?",,,,,,,,,,0,0
"0056 HT01: Thats what they gave me for a warrant number to come up here and put down <Russian Spy>, and now I'm gonna ask you this,",,,,,,,,,,0,0
0057 PN60: Ok.,,,,,,,,,,0,0
0058 HT01: Now I'm not no brave man or nuthin' like that [ ],,,,,,,,,,0,0
0059 PN60: Yeah! ,,,,,,,,,,0,0
0060 HT01: but I'm dyin' and I dont want to die like an animal and hibernate for a year. Can't eat.,,,,,,,,,,0,0
"0061 PN60: OK,",,,,,,,,,,0,0
0062 HT01: I have-wake up every morning with headaches. ,,,,,,,,,,0,0
0063 PN60: Uh-huh,,,,,,,,,,0,0
0064 HT01: They offered me straight heroin and straight morphine- natural base I'm allergic to a artificial bases.,,,,,,,,,,0,0
"0065 PN60: Ok,",,,,,,,,,,0,0
0066 HT01: And artificial drugs! ,,,,,,,,,,0,0
0067 PN60: Ok,,,,,,,,,,0,0
0068 HT01: And penicillin! ,,,,,,,,,,0,0
0069 PN60: OK,,,,,,,,,,0,0
"0070 HT01: And I'm Catholic, Dominican Catholic in case, in case you do take me alive, you understand my meaning. ",,,,,,,,,,0,0
"0071 PN60: Ok, <HT01 First Name>, <HT01 First Name>, can we work this out to where (inaudible) []",,,,,,,,,,0,0
0072 HT01: Look! What they promised me was a hotshot so I wouldn't have to go through the pain.,,,,,,,,,,0,0
"0073 PN60: We can't, We'll work on getting you the hot shot (inaudible) [ ]",,,,,,,,,,0,0
"0074 HT01: Look, I'm, look the thing about it is",,,,,,,,,,0,0
"0075 PN60: Ok,",,,,,,,,,,0,0
"0076 HT01: <Names>, <HT01 Last Name>, the bitch that I was gonna shoot that raised me.",,,,,,,,,,0,0
0077 PN60: Yeah!,,,,,,,,,,0,0
"0078 HT01: She admitted, openly today, that they didn't mean to kill <initials> in 1958 at El Paso.",,,,,,,,,,0,0
0079 PN60: Uh-huh,,,,,,,,,,0,0
0080 HT01: And she's been walking the streets for 28 years with that son-of-a-bitch and hes been calling himself my father. ,,,,,,,,,,0,0
0081 PN60: I see.,,,,,,,,,,0,0
"0082 HT01: Now you tell me what he k- helped kill him and you tell me that when the CIA tells me that and presents proof- fingerprints uh, lesee, fingerprints, signature and footprints",,,,,,,,,,0,0
0083 PN60: Ok!,,,,,,,,,,0,0
0084 HT01: because <initials> <HT01 Last Name> worked at Los Alamos in World War Two. ,,,,,,,,,,0,0
"0085 PN60: Ok, can you tell me who your doctor was down at Los Alamos ",,,,,,,,,,0,0
"0086 HT60: It was, just that- no, I can't",,,,,,,,,,0,0
0087 PN60: Ok <HT01 First Name>,,,,,,,,,,0,0
"0088 HT01: What I'm saying is, I don't have any more information for you, ok? ",,,,,,,,,,0,0
0089 PN60: Ok! [ ] ,,,,,,,,,,0,0
"0090 HT01: Now look, I'm talking, I got the rifle laid down, lets everybody stay calm and I'll talk to ya.",,,,,,,,,,0,0
"0091 PN60: Ok, well no, be assured <HT01 First Name>, we are going to stay calm, we want you to stay calm",,,,,,,,,,0,0
"0092 HT01: I don't, Look, they paid me- the CIA paid me one hotshot, one hotshot []",,,,,,,,,,0,0
0093 PN60: one hotshot.,,,,,,,,,,0,0
0094 HT01: to kill <Russian Spy>. ,,,,,,,,,,0,0
0095 PN60: Ok [ ],,,,,,,,,,0,0
0096 HT01: cause he was a undercover KBG agent,,,,,,,,,,0,0
"0097 PN60: but unless we get you out, we cannot get you to the CIA, we can't have them come to you",1,,,,,,,,reason to come outside,1,0
"0098 HT01: The thing about it is, if I go out where do I go.",,,,,,,,,,0,0
0099 PN60: We will take you downtown and we'll arrange for the CIA to come and meet you,,,1,,,,,,come outside and we'll take you to meet the CIA,1,1
0100 HT01: Would you get him on the phone?,,,,,,,,,,0,0
"0101 PN60: We, we can get the man on the phone and, we can talk to them from this end and relay to you, what I'm trying to tell you <HT01 First Name>, listen up ok.",,,,,,,,,,0,0
"0102 HT01: Ok,[ ]",,,,,,,,,,0,0
"0103 PN60: What I need to know is if I can arrange for them to meet you downtown with the hotshot for what went down today, can we get you out, peace [ ]",,,1,,,,,,here's the deal,1,1
0104 HT01: I'll surrender,,,,,,,,,,0,0
0105 PN60: thats what I'm saying.,,,,,,,,,,0,0
0106 HT01: I'll surrender if they come up on the phone and s- and guarantee it. ,,,1,,,,,,"no, here's the deal",1,1
"0107 PN60: Ok, well, I need I need time to do that but I need you to stay on the phone with me, ok? What I'm doing is, I'm going to have one of the officers that work for me contact him on our radio or contact our  dispatcher and then she'll arrange to contact with the CIA and what we need to make sure we get for you is a hotshot, right?",1,,,,,,,,reasons to stay on the phone with me so we can end this,1,0
"0108 HT01: Well, they said a hot shot or 3 million dollars and a hot shot in Mexico.",,,,,,,,,,0,0
"0109 PN60: Well, [ ]",,,,,,,,,,0,0
0110 HT01: Well enough money that I could actually turn around and get to a place where I could get one.,,,,,,,,,,0,0
"0111 PN60: Ok <HT01 First Name>, what I need to make sure(inaudible) [ ]",,,,,,,,,,0,0
"0112 HT01: Look, the thing about it is, it's the only thing with brain tumor cancer that you can take to stop the pain is heroin and morphine []",,,,,,,,,,0,0
"0113 PN60: I understand that,",,,,,,,,,,0,0
0114 HT01: now I'm not gonna become a drug addict for anybody. ,,,,,,,,,,0,0
0115 PN60: I understand but I wanna(inaudible) [],,,,,,,,,,0,0
"0116 HT01: I will be quite honest, I would rather have a police bullet in my ass before- but you understand, I'm not paid to kill a cop, I- they didn't pay that me to go out there and kill  Tulsa Police officers do you understand?",,,,,,,,,,0,0
"0117 PN60: <HT01 First Name>, I don't want you to kill anybody, what I want you to do is help me work this out so we can get you what you need; if you need the hotshot we'll get you that, give us time to contact the people(inaud) []",,,1,,,,,,give us time,1,1
"0118 HT01: I'll  give you time,",,,,,,,,,,0,0
"0119 PN60: Ok but also lets talk about how we're going to get you out of there where none of us, none of the Tulsa police officers get hurt and you don't get hurt.",,,,,,,,,,0,0
0120 HT01: It's very simple. ,,,,,,,,,,0,0
"0121 PN60: Ok, what is it? ",,,,,,,,,,0,0
"0122 HT01: One man walks up, without any- without a gun no gun (inaudible) [ ]",,,,,,,,,,0,0
"0123 PN60: <HT01 First Name>,-",,,,,,,,,,0,0
"0124 HT01: Wait a minute, listen. [ ]",,,,,,,,,,0,0
"0125 PN60: OK, ",,,,,,,,,,0,0
"0126 HT01: I'm on the phone to ya, ",,,,,,,,,,0,0
0127 PN60: uh-huh,,,,,,,,,,0,0
"0128 HT01: I'll surrender to him- no guns, he ha- he pulls a cruiser, they put a man in the motorhome, back it out, I'll- he walks in, backs it out, another man backs the cruiser in, steps out, takes me right downtown.",,,1,,,,,,here's the deal I want,1,1
"0129 PN60: Ok <HT01 First Name>? I can assure you we can get you right downtown, but lemee ex(inaudible) [ ]",,,,,,,,,,0,0
0130 HT01: No cuffs down [ ],,,,,,,,,,0,0
0131 PN60: no-,,,,,,,,,,0,0
0132 HT01: on the road.,,,,,,,,,,0,0
"0133 PN60: Thats fine, but lemme explain something, ok? Were not gonna be able to find an officer whos gonna walk into a room where he cannot (inaudible) [ ]",1,,,,,,,,reasons why we can’t make that deal,1,0
0134 a. HT01: He ain't walking into the room. ,,,,,,,,,,0,0
"0134 b. PN60: Well, walk into open cover where he cannot see where you're at. Those people out there are not going to take any hostile action toward you.",1,,,,,,,,reasons,1,0
"0135 HT01: Ok, [ ]",,,,,,,,,,0,0
"0136 PN60: We've informed them that you- who you're working for, but what we need to do is(inaudible) [ ]",,,,,,,,,,0,0
"0137 HT01: Well this is what they informed me so I don't know, See, what I'm trying to say this is was a military hospital I was at. ",,,,,,,,,,0,0
0138 PN60: Right!,,,,,,,,,,0,0
"0139 HT01: So I'm-not- it could be army security, it could be FBI, it could be Secret Service, I don't know. They said they were CIA aut- authorized. they showed me their b- authorization cards and and when you're diagnosed as brain tumor cancer you're gonna b- you're gonna- gonna grasp at a couple of straws to do two things ",,,,,,,,,,0,0
"0140 PN60: Yeah,",,,,,,,,,,0,0
"0141 HT01: and one of them is to be quote:- you're not g-, look I've had it for..years. You know what the Cooks-Hills Family Reunion is? ",,,,,,,,,,0,0
"0142 PN60: Yeah,",,,,,,,,,,0,0
"0143 HT01: in '58, where John Wayne caught cancer? ",,,,,,,,,,0,0
"0144 PN60: Right,",,,,,,,,,,0,0
"0145 HT01: That's what they diagnosed it as; the same cancer, I was there, ok? So listen, I... I... I've been having this for 28 years, this pain. ",,,,,,,,,,0,0
"0146 PN60: Ok <HT01 First Name>, today are you in pain right now? Do(inaudible) [ ]",,,,,,,,,,0,0
0147 HT01: I am in pain right now. ,,,,,,,,,,0,0
"0148 PN60: Ok, where do you hurt at, cause I am gonna get a doctor on the (inaudible) []",,,,,,,,,,0,0
"0149 HT01: My gut, my head, I have a h- I have a 24 hour headache, I  finally had to start taking Tylenol... and I've been throwing  up every d- I have an ulcer too.",,,,,,,,,,0,0
0150 PN60: It sounds like you're really hurting and I..I sympathize with that but (inaudible) [ ],,,,,1,,,,sympathize,1,1
0151 HT01: Actually- actually my s- actually the tear gas cleared up my  sinuses.,,,,,,,,,,0,0
0152 PN60: It cleared up my sinuses too and I was.. I was on the other end down here.,,,,,1,,,,I know how you feel,1,1
"0153 HT01: Oh, by the way, ",,,,,,,,,,0,0
"0154 PN60: Yeah,",,,,,,,,,,0,0
"0155 HT01: Do me a favor get those fucking news vultures outta here, I learned to hate th- hate them t- hate them [ ]",,,,,,,,,,0,0
"0156 PN60: Ok, where do you see news people at? ",,,,,,,,,,0,0
"0157 HT01: There on the other side,",,,,,,,,,,0,0
0158 PN60: There on the other side where? Across the street?,,,,,,,,,,0,0
0159 HT01: Straight through straight through the mobile home window. They're up on the son-of-a-bitches property on the corner,,,,,,,,,,0,0
"0160 PN60: Ok, I'll talk to somebody about getting them back outta sight, ok? and you be watching and you'll see them moving, if, ok if, I do that for you can we work on who I need to get in contact with so when we get you out of here and we t- we're gonna run",,,1,,,,,,if I do clear the reporters will you work with me?,1,1
"0161 HT01: Look, look I don't know who, who the hells up here, I don't even know who is running the show, I don't know if they were CIA. Look, all I know is some man offered me a deal at a military hospital.. hospital to either live a few year in peace and quiet with a hotshot at the end of it or he- ya- you understand what I'm saying? It's a little bit or..or..or. a sniper putting me down one day I'm just sitting there and somebody puts me down or g- or..or I don't know what. They just guarentee  me I wouldn't die like an animal to put the man down. to just drive in, put him down, the Tulsa PD would either give me a hotshot or a little bit of money and a pit-pass out, I don't know what the deal was with them with the State of Oklahoma, but they went through the state of Oklahoma and the highway patrol to get this deal and I don't know what it is I just did it, I checked in Oklahoma City, I stayed 6 days in Oklahoma City and checked with the hypo up there.",,,,,,,,,,0,0
"0162 PN60: <HT01 First Name> is.. what you're saying, we can help you but we're gonna hafta-",,,,,,,,,,0,0
0163 HT01: well lets(inaudible) [ ],,,,,,,,,,0,0
"0164 PN60: You said have the Tulsa PD do that, we can do that but you're gonna hafta help them work with us. I've got to get you  downtown or to either to that or St. Francis to get you the hotshot. ",1,,,,,,,,reason,1,0
"0165 HT01: Well I'll make a deal, I'll go to St. Francis with you. [ ]",,,,,,,,,,0,0
"0166 PN60: Ok, St. Francis is fine but we hafta work out to where [ ]",,,,,,,,,,0,0
"0167 HT01: Ok, I und-",,,,,,,,,,0,0
"0168 PN60: where you come out and the officers that are outside know you are not gonna hurt them, and you surrender er... you know and they'll take you in a- in a ambulance if that's what you want  - you want to St. Francis- [ ]",,,,,,,,,,0,0
0169 HT01: Make it an ambulance.,,,,,,,,,,0,0
"0170 PN60: We've got an IMSA down here to take you to St. Francis to get the  hotshot, but we've got to do it controlled, you being- you know dealing with the military before you know we've got to have it  controlled so nobody gets excited. [ ]",1,,,,,,,,reasons to take you into custody to get you help,1,0
"0171 HT01: Ok, you get a hold of the CIA and you tell me if that deal's valid.",,,,,,,,,,0,0
0172 PN60: OK!,,,,,,,,,,0,0
0173 HT01: I'll be- I'll hang on here.[ ],,,,,,,,,,0,0
"0174 PN60: Ok what,- well no, we got more than one phone here; we've got people working on it, <HT01 First Name>. What's the name of the gentleman I need to be talking to there?",,,,,,,,,,0,0
0175 HT01: I- I don't know who the hell it is.[ ],,,,,,,,,,0,0
"0176 PN60: OK! Just the- just the director,  right?",,,,,,,,,,0,0
"0177 HT01: Just somebody about there, because I had, because I called the Tulsa PD about because, uh.. I turned- I made a drug bust in the city of Tulsa and my money was never d- delivered to me and I proved that the Mafia delivered me a nice little .22 caliber bullet so I don't know who the hell goin'- what the hell's goin' on. And I proved- proved that one and I called and I'm on the arrest report.",,,,,,,,,,0,0
0178 PN60: Right,,,,,,,,,,0,0
"0179 HT01: So I'm not, look, I'm not, I been cooperating with the law by turnin' in drug dealers, so you tell me who the hell's somebody's out there out to kill me so you uh., understand what I'm saying. ",,,,,,,,,,0,0
0180 PN60: I hear ya,,,,,,,,,,0,0
0181 HT01: So uh.. you can check the arrest reports. ,,,,,,,,,,0,0
"0182 PN60: Ok,",,,,,,,,,,0,0
"0183 HT01: And you can find out I'm not out to kill no damn law, I just was sent to kill one man and even though I may have hated the son-of-a-bitch, it's a little hard to kill the man you thought- thought was your father for 28 years, you know?",,,,,,,,,,0,0
"0184 PN60: Da-, ok Ok, <HT01 First Name>? What about- you know the CIA- today's Memorial Day, what about us taking you straight to St. Francis and then contacting them from there?",1,,2,,,,,,other: reasons why the CIA is unreachable today; commitment: let's go to the hospital now anyway,1,1
0185 HT01: Prison ward?,,,,,,,,,,0,0
"0186 PN60: NO! We're talking emergency, we're talking about getting you the hotshot you... asked for,",1,,,,,,,,self-consistency,1,0
"0187 HT01: Well, you ain't gonna give it to me until the CIA authorizes it and I'm not gonna be dumb enough to uh...acknowledge it. [ ]",,,,,,,,,,0,0
"0188 PN60: Well, I didn't say we-[ ]",,,,,,,,,,0,0
"0189 HT01: No, uh.. no, I know.",,,,,,,,,,0,0
0190 PN60: I was just saying it's going to take a little time. ,1,,,,,,,,reason: we need more time,1,0
"0191 HT01: Well, we got a little time.",,,,,,,,,,0,0
"0192 PN60: I understand that and thats what, I mean we need to just slow it down to where you give us time.",1,,,,,,,,reason: we need more time,1,0
"0193 HT01: That's all I'm trying to say, I wasn't going to open that door because a- exactly for the same reason a- that- because when he hit there- I'll put it this way, I was talking to ya and I just asked the man to contact the people, now you tell me what I'm supposed to do <Name>. ",,,,,,,,,,0,0
"0194 PN60: Well... I was down here without, you know, away from the scene, I wasn't listening to what you were saying, now all I'm telling you is that I will do everything that I can to help you. []",1,,,,,,,,reason,1,0
"0195 HT01: Ok, fine, I just sit right here while you find out what the hells goin' down [ ]",,,,,,,,,,0,0
0196 PN60: Ok!,,,,,,,,,,0,0
"0197 HT01: I'm paid to do something by the government, by our government",,,,,,,,,,0,0
0198 PN60: Right!,,,,,,,,,,0,0
"0199 HT01: and this is the, this is- I'm sitting here now in gasoline, soaked in gasoline, I shit my pants, pissed- I pissed my pants, and I'm sitting here running out of cigarettes, now.",,,,,,,,,,0,0
"0200 PN60: Ok, what a- if you're soaked in gasoline, <HT01 First Name>, you don't want to be smoking cigarettes.",,,,,,,,,,0,0
0201 HT01: Why not?,,,,,,,,,,0,0
"0202 PN60: Well, because it's not- You know, you're talking about not wanting to  be in pain and I don't want you in pain, that's what I'm trying- I got people working on other phones, working on getting hold of the people you need gotten hold of and working with arranging St. Francis.",2,,,,1,,,,other: reason; liking: I don’t want you to be in pain,1,1
0203 HT01: Ok!,,,,,,,,,,0,0
"0204 PN60: Ok, so now, ok- uh.. you remember <PN61 First Name>? You were talking on the- when he was talking to on the horn out side?",,,,,,,,,,0,0
0205 HT01: Yeah!,,,,,,,,,,0,0
"0206 PN60: Ok, if I can get him in here you want to talk to him? ",,,,,,,,,,0,0
0207 HT01: Might as well.,,,,,,,,,,0,0
0208 PN60: Ok!,,,,,,,,,,0,0
"0209 HT01: He's probably one of the honest co- no <Name>, I don't know if you are an honest cop- one of th(inaudible) [ ]",,,,,,,,,,0,0
0210 PN60: I'm one of the negotiators for the Tulsa Tulsa Police Department-,,,,,,,,,,0,0
0211 HT01: Ok! [ ],,,,,,,,,,0,0
0212 PN60: <PN61 First Name> is too-,,,,,,,,,,0,0
"0213 HT01: Listen, let me explain something, when I was sitting in here they sent 5 secret, 5 agents in here CIA, FBI.",,,,,,,,,,0,0
"0214 PN60: There's 5 agents, where? ",,,,,,,,,,0,0
0215 HT01: Dead,,,,,,,,,,0,0
0216 PN60: inside where? ,,,,,,,,,,0,0
0217 HT01: Tulsa area. ,,,,,,,,,,0,0
0218 PN60: In the Tulsa area?,,,,,,,,,,0,0
"0219 HT01: Thats right, the cops sha- and and they got proof that.. uh- some of the brass was on the take, quote, now I'm not saying it's local, you  understand what I'm saying, they, ok, this is whats wrote on the record with the federal government, now I'm not knowing whats going on, I'm just told one thing. Now have you ever seen a government operative that ever was told the truth half the time?",,,,,,,,,,0,0
"0220 PN60: Probably not,",,,,,,,,,,0,0
0221 HT01: So now you understand why I'm sitting right here with a 12 gauge shot gun one .22 and I'm sitting here and I haven't fired at you have I? ,,,,,,,,,,0,0
"0222 PN60: No, and we haven't fired at you, <HT01 First Name>, we don't want to fire at you. [ ]",1,,,,,,,,trust,1,0
"0223 HT01: 2 tear gas grenades hit uh, I put down who the government told me to do for one thing, a little bit of money, maybe, and a hotshot later, maybe, They said they would figure out when ever it happened, you understand what I'm saying, it was uh- one guaranteed thing",,,,,,,,,,0,0
0224 PN60: Uh-huh,,,,,,,,,,0,0
"0225 HT01: a death without pain, I am Catholic, I'm Odinian Catholic, suicide's against my religion or I would have done it probably if you- last year, you understand, I haven't ate for the last year, I'm not even hungry now I can't go out I go out and drink coffee because it's the only thing I can hold in my stomach without throwing up 16 tons of crap every morning... I... <NAME>, I'm dying on my feet and when a man tells me that he has a way for me to go out quick and easy, let me ask you what you would pick.",,,,,,,,,,0,0
"0226 PN60: Ok, <HT01 First Name> I- you know you s- you told me you're hurting and I understand that and I- <PN61 First Name> is coming in now and I'm going to turn you over to him and let you talk to him since you've talked to him before, ok? And I- I'm gonna tell him every thing you've told me and we'll continue to work on wha [ ]",1,,,,,,,,trust: you know this guy and you've talked to him before and he's a good guy,1,0
0227 HT01: OK!,,,,,,,,,,0,0
"0228 PN60: on what, you, you know, on what we've talked about ah- as far as why did you pour gas all over yourself, it's... [ ]",,,,,,,,,,0,0
"0229 HT01: I didn't, I poured it on the nerve- I poured it on the tear gas-",,,,,,,,,,0,0
0230 PN60: On the tear gas. [ ],,,,,,,,,,0,0
0231 HT01: Army manual ,,,,,,,,,,0,0
"0232 PN60: Army manual, ok!",,,,,,,,,,0,0
0233 HT01: Ahhahahahah-,,,,,,,,,,0,0
"0234 PN60: Are you ex-army, ex g- ?",,,,,,,,,,0,0
0235 HT01: Ex army.,,,,,,,,,,0,0
"0236 PN60: You’re ex-army what, wha..[ ]",,,,,,,,,,0,0
0237 HT01: ADM,,,,,,,,,,0,0
0238 PN60: I’m ex Air Force,,,,,1,,,,similar life experiences,1,1
"0239 HT01: Yeah, well I’m atomic demolitions and munitions that’s one of the reasons I... could get onto Los Alamos base, because I still had the security clearance.",,,,,,,,,,0,0
"0240 PN60: I see! Well, that’s- you’re held a pretty important position.",,,,,1,,,,compliment,1,1
0241 HT01: Top secret crypto-,,,,,,,,,,0,0
0242 PN60: Top hmmm,,,,,,,,,,0,0
"0243 HT01: So, you see what I’m saying, these people, if they are going to go after a Russian agent they’re gonna do it, they ken do it, I had the security clearance already.",,,,,,,,,,0,0
"0244 PN60: Yeah, how much gas is on the floor?",,,,,,,,,,0,0
0245 HT01: I don’t know but I- wouldn’t try throwin a match on the floor-,,,,,,,,,,0,0
"0246 PN60: I wouldn’t either, I don’t want to see you hurt. How hung- you said you were hungry you had(inaudible) [ ]",,,,,1,,,,I don’t want to see you hurt,1,1
0247 HT01: No.,,,,,,,,,,0,0
0248 PN60: You’re not hungry?,,,,,,,,,,0,0
"0249 HT01: I’m not hungry, I haven’t ate all day, but I’m not hungry, I got a dollar in my pocket but I’m not hungry... ",,,,,,,,,,0,0
"0250 PN60: Ok, I was just- if you were hungry I was gonna see about working in get- getting you some food. [ ]",,,,,,,,,,0,0
"0251 HT01: I ain't gonna trade for it. Lets be honest, I'm not exactly a trusting person right now after getting shit- look, for 28 years this man has been sitting here pretending to be my father and he's- and they, and they have signature, fingerprints, and footprints because my old man cooked at Los Alamos during World War Two and uh, and their cooks went through a security check out there do you understand what I'm saying?",,,,,,,,,,0,0
"0252 PN60: Uh-huh,",,,,,,,,,,0,0
"0253 HT01: and this man is <Russian Spy> and they looked at his signature they looked at his fingerprints on the camper shell of my truck, you understand what I'm saying? Which is a white one.",,,,,,,,,,0,0
"0254 PN60: Yeah,",,,,,,,,,,0,0
"0255 HT01: And then they turned around and they said that ain't <initials> <HT01 Last Name>, thats <Russian Spy>, we've been looking for him for ten years.",,,,,,,,,,0,0
0256 PN60: I see.,,,,,,,,,,0,0
"0257 HT01: And so they said, we'll send it to the Tulsa Police Department, they sent the request in for him to be picked up",,,,,,,,,,0,0
0258 PN60: Uh-huh!,,,,,,,,,,0,0
"0259 HT01: and uh... he's still walking the street... you tell me. I..I've come up here to find out what the- they said and I'm silling here broke and I came up here to find out what the hell appened to my Social Security my one- my, my, agent Orange check; I was in- look, I'll be honest.",,,,,,,,,,0,0
0260 PN60: Were you in Nam <HT01 First Name>. ,,,,,,,,,,0,0
0261 HT01: (Sigh) I was in Korea.,,,,,,,,,,0,0
0262 PN60: Korea?,,,,,,,,,,0,0
0263 HT01: Thats what I can prove-,,,,,,,,,,0,0
"0264 PN60: Yeah,-",,,,,,,,,,0,0
"0265 HT01: You understand what I'm saying? I- all I'm saying is theres been times in my life I've been blacked out-n when I worked with ADM sometimes I acc- I went on ATDY duty so wh- what I'm saying is i- if I've been in Nam I can't admit to it, you understand?",,,,,,,,,,0,0
"0266 PN60: I hear ya, I've been ex military, I understand that",,,,,1,,,,similar life experiences,1,1
0267 HT01: So what I'm saying is I just take orders from the boss in plain words.,,,,,,,,,,0,0
"0268 PN60: Well you know that, ok , I was in the air force I, I had rank above me and I'm just like you I take orders from my boss and our main concern right now is,",,,,,2,,1,,liking: similar life experiences; authority: boss is giving the orders,1,1
"0269 HT01: Is to, you to get me to a place where I can get what they promised me if its [ ]",,,1,,,,,,here's the deal,1,1
0270 PN60: exactly-,,,,,,,,,,0,0
"0271 HT01: if it's the money, the hotshot whatever...",,,,,,,,,,0,0
0272 PN60: Exactly-,,,,,,,,,,0,0
"0273 HT01: o- and th- I- I can agree to that I can see your point I just said at the poi- pres- the earlier conference it was put under the door, Army isulation style and thats fine but I, but see I, I don't trust doctors because they keep wanting to give you all these damn uh, herin, stricknine heroin... an heroin and morphine based drugs that make you higher than a kite and loonier than hell if ya do that just  put me in vaneda and let me die like an animal an I don't want to die like that.",,,,,,,,,,0,0
"0274 PN60: <HT01 First Name>, as one veteran to another, this is <PN60 First Name> talking to you, I don't want to see that happen to you and what I do want to accomplish is that you come out and I'll go with you wherever- you know, I'm not gonna let them take advantage of another veteran, you tell me what you need and I'll make sure you get it.[ ]",,,,,1,,,,one veteran to another,1,1
0275 HT01: I need to get a fast death or I need to get- [ ],,,,,,,,,,0,0
0276 PN60: You need a hot (inaudible) ,,,,,,,,,,0,0
0277 HT01: That's it.,,,,,,,,,,0,0
"0278 PN60: the hotshot, ok, lets work towards getting so I can get with you and we can get what you need, that's all I need to know is for you and I to work this out. [ ]",,,1,,,,,,let's work together here,1,1
"0279 HT01: lets put, lets put it this way, I'm gonna be honest here. ",,,,,,,,,,0,0
"0280 PN60: Yeah, I'm listening...",,,,,,,,,,0,0
"0281 HT01: Uh, <PN60 First Name>.. uh, you ever seen a CIA security check? ",,,,,,,,,,0,0
0282 PN60: I went through one,,,,,,,,,,0,0
0283 HT01: Ok!,,,,,,,,,,0,0
0284 PN60: out in the air force-,,,,,,,,,,0,0
"0285 HT01: Ok, you know there's a lot of things, I'm adopted, Ok?",,,,,,,,,,0,0
"0286 PN60: Uh-huh, I know that.",,,,,,,,,,0,0
"0287 HT01: Ok, now do you know what my birth certificate says and, I went up to the state an and I grabbed a hold of it 9 days ago to see, see if the CIA was lyin'. I wanted to see if the sons-of-bitches were lying to me before I came down here and did that, you understand what I'm sayin- [ ]",,,,,,,,,,0,0
"0288 PN60: Ok, I hear ya. ",,,,,,,,,,0,0
"0289 HT01: Ok,-",,,,,,,,,,0,0
0290 PN60: What'd ya find out <HT01 First Name>?,,,,,,,,,,0,0
"0291 HT01: Well lets put it this way, theres a mans name on there thats that he went by another name and he went by 3 different names,",,,,,,,,,,0,0
0292 PN60: Uh-huh - ,,,,,,,,,,0,0
"0293 HT01: and theres 3 different names on my birth certificate and they had a file out in Oklahoma City that each of them contributed 25 million dollars and this son-of-a-bitch picked it up and never he gave it to me, now I don't know what the hell he did with the money but it sure is- but I've seen security and I've seen KBG agency and I've seen- went through security checks and the one thing about it is thats exactly how they get the money, they firnd some son-of-a-bitch due to inherit alot and then they move in as the parents.",,,,,,,,,,0,0
"0294 PN60: I see,",,,,,,,,,,0,0
"0295 HT01: Now, I don't know very much, but thats the way I would do it, now you understand what I'm saying.",,,,,,,,,,0,0
"0296 PN60: I hear ya, <HT01 First Name>.",,,,,,,,,,0,0
"0297 HT01: But uh,.. I don't know what the shits goin' on, all I'm saying is this is what I was offered, I go on their word and so...",,,,,,,,,,0,0
"0298 PN60: <HT01 First Name>, I can tell you from, from- as a negotiator from the Tulsa police department, we're not going to take any hostile action toward you and what [ ]",,,,,,,,1,here is the normal procedures for the Tulsa Police,1,1
"0299 HT01: Well, I,-",,,,,,,,,,0,0
"0300 PN60: what what I tell you id what is going to happen, if I tell you we will go from here to St. Francis, you will go to St. Frances.",,,,,,,,1,here is the normal procedures for the Tulsa Police,1,1
"0301 HT01: Good, you mind having a cop crawling in the back of that truck and picking up one thing though?",,,,,,,,,,0,0
0302 PN60: What is it? ,,,,,,,,,,0,0
0303 HT01: A pair of pants. ,,,,,,,,,,0,0
"0304 PN60: Oh, for you? Hey, ah, thats no problem, we can pick you up a complete set of clothes if, yeah, uh, is there more clothes inside the house.. for you? ",,,,,,,,,,0,0
"0305 HT01: No, <Russian Spy>'s been livin' there as <initials> <Russian Spy Last Name> it but,.. hey, can I ask questions?",,,,,,,,,,0,0
"0306 PN60: Sure,",,,,,,,,,,0,0
0307 HT01: Can you get.. you know they even told me that he put this- the land title to this house in my name.,,,,,,,,,,0,0
"0308 PN60: Well,-",,,,,,,,,,0,0
"0309 HT01: No, wait a minute [ ]",,,,,,,,,,0,0
0310 PN60: we can check.,,,,,,,,,,0,0
"0311 HT01: no, wait a minute, what I'm sayin' is, check this out, this might help you, ok?",,,,,,,,,,0,0
"0312 PN60: Ok,",,,,,,,,,,0,0
"0313 HT01: You can check this out but the land title supposedly to this house is in my name and I never even owned the son-of-a-bitch because, because social security told me I owned 80 thou- a hunnert and 50 thousand dollar house when I, when I went on disability and I was livin' in a little crappy apartment over in Marina Apartments.",,,,,,,,,,0,0
"0314 PN60: Uh-huh,",,,,,,,,,,0,0
"0315 HT01: And I, an he said, well this is my house, this is my house so what I'm trying to say is I don't know what the shits goin' on, all I know is, the man- they offered me a damn good deal down in Los Alamos and I, hey",,,,,,,,,,0,0
"0316 PN60: Yeah,",,,,,,,,,,0,0
"0317 HT01: and uh, I..I'm and, and they gave, they showed me the proof",,,,,,,,,,0,0
"0318 PN60: Well, <HT01 First Name>, when I said about the clothes was earlier you said you'd shit in your pants-",,,,,,,,,,0,0
0319 HT01: I.. I-[ ],,,,,,,,,,0,0
"0320 PN60: I'm saying that when you c- when you come out, if you need a change of clothing, I'll make sure you get one-",,,,,,,,,,0,0
"0321 HT01: Thats, thats fine",,,,,,,,,,0,0
"0322 PN60: Thats no problem, just what size pants do you wear? ",,,,,,,,,,0,0
0323 HT01: They're right in the truck.,,,,,,,,,,0,0
"0324 PN60: Oh, they're in the truck, the truck thats outside with the door open? The truck in the front?",,,,,,,,,,0,0
"0325 HT01: The white one,",,,,,,,,,,0,0
"0326 PN60: The white one? Ok, thats no problem, there is more clothes in there for you then.",,,,,,,,,,0,0
0327 HT01: Thats right-,,,,,,,,,,0,0
"0328 PN60: Ok, but we'll make sure we get it out for you I- you know I can understand that you wanting to get cleaned up, uh, we can clean, we can let you get cleaned up in the ambulance before we go to St.  Francis, I- [ ]",,,,,,,,,,0,0
0329 HT01: I can get cleaned up in the shower at St. Francis. ,,,,,,,,,,0,0
"0330 PN60: Thats fine, what we need to do is work out- [ ]",,,,,,,,,,0,0
0331 HT01: the tear gas has a tendency to do that,,,,,,,,,,0,0
"0332 PN60: Ah, hey, I know it messes me up something bad, as a negotiator, we don’t get a mask and so I got every thing that you felt come in, it came right back out on top of me-",,,,,1,,,,I know what tear gas is like,1,1
"0333 HT01: Yeah, well, I'm sitting here listenin' and- [ ]",,,,,,,,,,0,0
"0334 PN60: Well, <HT01 First Name>, what we need to do is see about workin' it out to where we can transfer you from there to St. Francis in a nice safe way to where we can get in contact with the people you need to contact- [ ]",,,1,,,,,,let's work out a deal,1,1
"0335 HT01: well, why don't co- I think you can get contact the CIA, they sort of stay open on weekends.",,,,,,,,,,0,0
"0336 PN60: No, I know we can, but I'm sayin' that theyre that we're gonna have to arrange to get you from here to St. Francis [ ]",1,,,,,,,,reason to go to St Francis (so we can get the CIA),1,0
0337 HT01: that's- ,,,,,,,,,,0,0
0338 PN60: so we can get you in contact with them,1,,,,,,,,reason to go to St Francis (so we can get the CIA),1,0
"0339 HT01: I'll put it this way, ",,,,,,,,,,0,0
"0340 PN60: yeah,",,,,,,,,,,0,0
"0341 HT01: You come in with a holster gun, I'll hold the rifle- [ ]",,,1,,,,,,here's the deal I want,1,1
0342 PN60: I-,,,,,,,,,,0,0
0343 HT01: Wait a sec.,,,,,,,,,,0,0
"0344 PN60: Uh-huh,",,,,,,,,,,0,0
"0345 HT01: You hold the gun, butt out, straight ahead, you don't trust me, I don't trust you lets say.",,,1,,,,,,here's the deal I want,1,1
0346 PN60: Well,,,,,,,,,,0,0
"0347 HT01: It's called Winchester truce, I look at you, you hold that gun out you point it straight at the ground, and I say fine, lets take a walk. ",,,1,,,,,,here's the deal I want,1,1
"0348 PN60: Ok <HT01 First Name>, if, [ ]",,,,,,,,,,0,0
"0349 HT01: Or you can throw a pair of cuffs in, and I'll put them on the front.",,,1,,,,,,here's the deal I want,1,1
"0350 PN60: Ok,- [ ]",,,,,,,,,,0,0
0351 HT01: Not the back-,,,1,,,,,,here's the deal I want,1,1
"0352 PN60: Uh, would you do that, but ok, listen to me as far as, we do have have some rules that, you know, are set down by our department; I'm not going to be able to go face to face with you, but if,",,,,,,,1,,can't do that deal because bosses won't allow it,1,1
"0353 HT01: Wait a second, what I'm saying is you get a 12 gauge for a pair of cuffs when you come in without weap- when you come, when, when, when ya toss one pistol out then I'll toss the next one and you keep the sni-snipers down,",,,1,,,,,,here's the deal I want,1,1
"0354 PN60: Hey, the snipers are not gonna move unless (inaudible) [ ]",,,,,,,,,,0,0
"0355 HT01: what I'm sayin', thats,  thats a, thats a pretty fair deal",1,,,,,,,,this is the reason I want the deal (because it is fair),1,0
"0356 PN60: Yeah, I agree <HT01 First Name>, what I'm trying to say is I've got guidelines I have to work with. [ ]",,,,,,,1,,can't do that deal because bosses won't allow it,1,1
"0357 HT01: Ok, whats yours? [ ]",,,,,,,,,,0,0
"0358 PN60: My, my big thing is to get you out of there, not one shot fired, into an ambulance and to St. Francis  with (inaudible) [ ]",,,1,,,,,,here's the deal that we want,1,1
"0359 HT01: Ok,",,,,,,,,,,0,0
0360 PN60: with the clean clothes.,,,1,,,,,,here's the deal that we want,1,1
"0361 HT01: (Laughs) That don't I dot-t-t, that... I, ok, but ok, what I'm saying is, ok, now your guidelines.",,,,,,,,,,0,0
"0362 PN60: Ok, mine, mine say that we can't go face to face with you, what we can do is, that there are tactical people, uh, in the green uniforms that if w- we can toss the cuffs in and you can put them on, if you  step out into plain sight then, then they will step out and they'll talk you right out the door, right to where I am, and I'll get with you, we'll fo t- in ta- into IMSA, and we'll take you from here to St. Francis.",,,2,,,,1,,commitment: here are the specifics of the deal; authority: here is what the guidelines say we can do,1,1
0363 HT01: Guarantee? ,,,1,,,,,,we have a deal?,1,1
0364 PN60: Guarantee. ,1,,,,,,,,trust (promise),1,0
0365 HT01: With at least a 72 hour stay.,,,1,,,,,,we have a deal with this stipulation?,1,1
"0366 PN60: Yeah, no problem.""",,,,,,,,,,0,0
"0367 HT01: Mm-k you put that down on the deal then I'll, then well, then we'll talk.",,,1,,,,,,make the deal,1,1
"0368 PN60: Ok,- [ ]",,,,,,,,,,0,0
"0369 HT01: b-cuz this is the deal I was offered by the government an I, an, an-",,,,,,,,,,0,0
"0370 PN60: Ok! lemee, lemee talk- you remember <PN61 First Name>? [ ]",,,,,,,,,,0,0
"0371 HT01: Wait a second, you got a man outside on radio?",,,,,,,,,,0,0
"0372 PN60: Yeah, thats wha- I'm sending- [ ]",,,,,,,,,,0,0
0373 HT01: wait a second. ,,,,,,,,,,0,0
0374 PN60: Ok!,,,,,,,,,,0,0
"0375 HT01: Here, this is a buck... ",,,,,,,,,,0,0
"0376 PN60: Yeah,- [ ]",,,,,,,,,,0,0
0377 HT01: Ok! ,,,,,,,,,,0,0
0378 PN60: Who.. [ ],,,,,,,,,,0,0
0379 HT01: Tell him to watch out. ,,,,,,,,,,0,0
0380 PN60: This is a what?,,,,,,,,,,0,0
0381 HT01: A Buck Knife.,,,,,,,,,,0,0
"0382 PN60: Ok, what are you doing, throwing []",,,,,,,,,,0,0
0383 HT01: I-,,,,,,,,,,0,0
"0384 PN60: don't throw something out until I can tell him you're doing it- ok, let me tell him it's coming out, ok? I don't want you to excite them.",1,,,,,,,,reason not to throw anything,1,0
"0385 HT01: Ok, [ ]",,,,,,,,,,0,0
0386 PN60: What I also am doing is I'm going to send <PN61 First Name> down to you and he- <PN61 First Name> is the one who was talking to you on the bullhorn.,,,,,,,,,,0,0
"0387 HT01: Yeah,",,,,,,,,,,0,0
"0388 PN60: And then he'll talk you out, he's the other negotiator, ok? You remember <PN61 First Name>?",,,,,,,,,,0,0
"0389 HT01: OK, yeah,",,,,,,,,,,0,0
"0390 PN60: Ok, lemee, lemee, let me tell them that you're getting ready to throw the Buck knife out.",,,,,,,,,,0,0
"0391 HT01: Ok,",,,,,,,,,,0,0
"0392 PN60: Hang on just a second.... Uh, hold on..(speaking to the other negotiators) [He's gone to throw a Buck knife out the front door, he doesn't want you to think it's any type of hostile action, so advise your people].. They're telling them now, give them about a minute or two and then throw out whatever you want to throw out, ok? <PN61 First Name> is going to be down there in about a minute and when he gets down there on the bullhorn, then I'll let you talk to him.",,,,,,,,,,0,0
"0393 HT01: Ok,",,,,,,,,,,0,0
"0394 PN60: Ok, ok they know ",,,,,,,,,,0,0
0395 HT01: Throw it- [ ],,,,,,,,,,0,0
"0396 PN60: They know you can throw it safely, ok. ",,,,,,,,,,0,0
"0397 HT01: [clatter] Thats the deal, right there.",,,,,,,,,,0,0
"0398 PN60: Ok, now you want them to throw in a set of cuffs?",,,,,,,,,,0,0
"0399 HT01: You can throw in a set of cuffs, I'll put them right on the front. ",,,,,,,,,,0,0
"0400 PN60: Hang on, hang on, [Negotiator to one of the perimeter units..Negotiator to one of the perimeter units, tell them to throw a set of cuffs in to him... ok...ok he wants the cuffs, I want to give it to  him-]",,,,,,,,,,0,0
"0401 HT01: It's your rules, not mine.",,,,,,,,,,0,0
"0402 PN60: I know, I'm workin' on it. [ ]",,,,,,,,,,0,0
"0403 HT01: Now wait a minute, I'm trying to stay within your perimeter.",,,,,,,,,,0,0
"0404 PN60: I hear ya, [<Name>, go down n' toss them to him if you have to but I told the man and I- we're bein' straight down the line with him I- heave them in there] There's another negotiator coming down there in a blue jacket, he's going to throw the cuffs in to ya, ok? ",,,,,,,,,,0,0
0405 HT01: MK!,,,,,,,,,,0,0
"0406 PN60: Just give him a minute, he's 3 houses down, have ta- he's gonna have to he's gonna have to run all the way down there.",,,,,,,,,,0,0
"0407 HT01: No, I can give him more than a minute.",,,,,,,,,,0,0
"0408 PN60: Ok, well anyway <HT01 First Name>, we're gonna go straight from here to",,,,,,,,,,0,0
"0409 HT01: ST. Francis,",,,,,,,,,,0,0
"0410 PN60: Were going to go straight form here to IMSA, and from IMSA on down. ",,,,,,,,,,0,0
"0411 HT01: Oh, get them news damn bastards out of here too.",,,,,,,,,,0,0
"0412 PN60: Yeah, ok, what I'm saying- [ ]",,,,,,,,,,0,0
0413 HT01: Thats against my religion too.,,,,,,,,,,0,0
"0414 PN60: Ok, I hear that. ",,,,,,,,,,0,0
0415 HT01: Ahh,,,,,,,,,,0,0
0416 PN60: Ok! [ ],,,,,,,,,,0,0
0417 HT01: shit!,,,,,,,,,,0,0
"0418 PN60: Ok th- ok the negotiator should be in front of the garage by now. A -right, when the handcuffs come flying in I... [ ]",,,,,,,,,,0,0
"0419 HT01: I'm leaving the rifle on the hood of the car, the shotgun on the hood of the car,- hang on a minute, I only got 3 operational weapons in here.",,,,,,,,,,0,0
"0420 PN60: Hold on, <HT01 Name>... <HT01 Name>... <HT01 Name> are they throwin' the handcuffs  in? Ok, when the handcuffs come in. [ ]",,,,,,,,,,0,0
0421 HT01: There's 3 operational weapons on the he- hood of the car.,,,,,,,,,,0,0
0422 PN60: Ok!  [ ],,,,,,,,,,0,0
"0423 HT01: My head, my- hey wait a second, wait a second, you know that dear little man that I keep tryin to tell to move?",,,,,,,,,,0,0
0424 PN60: Yes.,,,,,,,,,,0,0
"0425 HT01: Mister, I don't know if you, you got on a radio. ",,,,,,,,,,0,0
"0426 PN60: Yeah, w- tell me what he looks like.",,,,,,,,,,0,0
"0427 HT01: Uh, he's wearin a gas mask, and [ ]",,,,,,,,,,0,0
0428 PN60: Ok!,,,,,,,,,,0,0
"0429 HT01: and he's sitting on the right hand side of the uh, right hand side the one I said ah, keep goin a little lower, a minute I got up the telephone. ",,,,,,,,,,0,0
"0430 PN60: Ok, w- what I want to say is, when the hand cuffs come flyin' in, I don't want you to get excited about it.",,,,,,,,,,0,0
"0431 HT01: I'm not, tell him just stick his hand round the side of the building,  he's already standing there,",,,,,,,,,,0,0
"0432 PN60: Ok, you're gonna hear <PN61 First Name>s voice, remember <PN61 First Name>? He was the one on the bullhorn and w- <HT01 First Name>?-",,,,,,,,,,0,0
0433 HT01: Yeah?,,,,,,,,,,0,0
0434 PN60: I'll be right here on the phone if you need me. ,,,,,,,,,,0,0
0435 HT01: Ok. [ ],,,,,,,,,,0,0
"0436 PN60: You understand, ok?",,,,,,,,,,0,0
0437 HT01: I got 3 guns in plain sight. ,,,,,,,,,,0,0
"0438 PN60: Ok, I..(inaudible) [ ]",,,,,,,,,,0,0
0439 HT01: thats all that's operational. ,,,,,,,,,,0,0
"0440 PN60: Ok, are they on the hood?",,,,,,,,,,0,0
0441 HT01: They're on the hood.,,,,,,,,,,0,0
0442 PN60: Are your hands off of them? ,,,,,,,,,,0,0
0443 HT01: My- I'm in the closet.,,,,,,,,,,0,0
"0444 PN60: You're in the closet? Fine, lets just- [ ]",,,,,,,,,,0,0
"0445 HT01: in fact, I have to move 4 feet to get 'em.",,,,,,,,,,0,0
"0446 PN60: Ok, well I'm just, I don't want you to take any type of action that will cause the tactical people to take action.",1,,,,,,,,reason,1,0
"0447 HT01: How about this, I'm sitting right here in the closet",,,,,,,,,,0,0
0448 PN60: K-,,,,,,,,,,0,0
"0449 HT01: Very politely, he can see me right in the mirror, [hello there]",,,,,,,,,,0,0
0450 PN60: Ok!,,,,,,,,,,0,0
"0451 HT01: He can see right in the closet from the uh, motor home. <PN61 First Name>, our tactical man on the left side of the garage, am I right?",,,,,,,,,,0,0
"0452 PN60: Ok, is <PN61 First Name>, uh, is <PN61 First Name> talking to you on the bull horn? ",,,,,,,,,,0,0
0453 HT01: Not yet.,,,,,,,,,,0,0
"0454 PN60: Ok, he will be in just a second. ",,,,,,,,,,0,0
"0455 PN61: <HT01 First Name>,",,,,,,,,,,0,0
"0456 HT01: Yeah,",,,,,,,,,,0,0
0457 PN61: This is <PN61 First Name>. ,,,,,,,,,,0,0
"0458 PN60: Ok, you got- ",,,,,,,,,,0,0
"0459 HT01: Hi <PN61 First Name>, [ ]",,,,,,,,,,0,0
0460 PN60: Ask him for the handcuffs. ,,,,,,,,,,0,0
0461 HT01: Huh? (to <PN61 First Name>),,,,,,,,,,0,0
0462 PN61: (unintelligible) this is <PN61 First Name> ,,,,,,,,,,0,0
"0463 HT01: Hi <PN61 First Name>, yes, you got the cuffs? ",,,,,,,,,,0,0
"0464 PN61: Yes, I got the cuffs, and I'm gonna toss 'em to ya.",,,,,,,,,,0,0
0465 HT01: Just put your hand around and I'm sitting right in the closet lighting a cigar. Jesus Chri...,,,,,,,,,,0,0
"0466 PN60: <HT01 First Name>, <HT01 First Name>, remember the gas. lets not light the cigar... (other negotiator in background on the bullhorn talking to others) ",1,,,,,,,,reason: please do not blow yourself up,1,0
"0467 HT01: Ah ha, ha, ha, ha",,,,,,,,,,0,0
0468 PN60: Ok!,,,,,,,,,,0,0
0469 HT01: I've been smoking the whole time I've been talkin' to ya.,,,,,,,,,,0,0
"0470 PN60: Well <HT01 First Name>, I know, but I want to get you to St. Francis in one piece, ok?",,,,,1,,,,I want you to be ok,1,1
"0471 HT01: (to <PN61 First Name>) Don't get 'em near the car, they'll go too far, just stick your hand out around the corner. Edge it around the corner, I'm way away from the guns, and toss 'em straight back",,,,,,,,,,0,0
"0472 PN61: Ok, good",,,,,,,,,,0,0
0473 HT01: and then you can ha- then you can have your rifle men watch me whenever I pick 'em up.,,,,,,,,,,0,0
"0474 PN61: Ok, we got an officer, want to toss them to you now. ",,,,,,,,,,0,0
0475 HT01: I got both hand full.,,,,,,,,,,0,0
"0476 PN61: Ok,",,,,,,,,,,0,0
"0477 HT01: Ok, toss 'em right over there and I'll put 'em on. (unintelligible)",,,,,,,,,,0,0
"0478 HT01: Just toss it, I'm-",,,,,,,,,,0,0
"0479 PN61: Ok,",,,,,,,,,,0,0
"0480 PN60: Cuffs are in, cuffs are in",,,,,,,,,,0,0
"0481 HT01: The cuffs are in, you want to stand there and watch me put 'em on? ",,,,,,,,,,0,0
"0482 PN60: <HT01 First Name>, take it easy,  (Other negotiator in background speaking to someone inaudible) ",,,,,,,,,,0,0
0483 HT01: That unlocked? (Other negotiator in background speaking to someone inaudible) ,,,,,,,,,,0,0
"0484 PN60: Take, take it easy <HT01 First Name>.",,,,,,,,,,0,0
"0485 PN62- Hang on, just stand there ",,,,,,,,,,0,0
"0486 PN61: Ok,",,,,,,,,,,0,0
"0487 PN60: <HT01 First Name>, slow down. [ ]",,,,,,,,,,0,0
"0488 PN62- Hey, hey,hey,hey,hey,hey,hey,hey, (unintelligible) the bullhorn.",,,,,,,,,,0,0
0489 PN60: Slow down ,,,,,,,,,,0,0
0490 HT01: Your welcome. (unintelligible) (throughout this part is a lot of garbled sounds and unintelligible speech),,,,,,,,,,0,0
"0491 PN60: <HT01 First Name>, slow down <HT01 First Name>. [I can hear <Name>] He's in, <Name>'s in the cuffs are goin' on. [ ]",,,,,,,,,,0,0
"0492 HT01: I set the deal with ya, I said I'd go to St. Francis. ",,,,1,,,,,remember the deal,1,1
0493 PN61: Alright you're goin' to St. Francis.,,,,,,,,,,0,0
"0494 PN60: [He', he's. he's talkin'deal to St. Francis. Ok, he should be coming... PAUSE... Chuck, keep the cameras back until we at least make sure we have him..... PAUSE... Ok, ok, we got him, we got him.",,,,,,,,,,0,0
,,,,,,,,,,,
DONE,,,,,,,,,,,