,PERSUASION TAGS,,,,,,,,Total Persuasive,151,84
,,,,,,,,,,Persasive?,
Post,OTHER,RECIPROCITY,COMMITMENT,CONSITENCY,LIKING,SCARCITY,AUTHORITY,SOCIAL PROOF,Additional Comments,W/ Other,W/o Other
"00001 HT1: No, I don't wanna hear that",,,,,,,,,,0,0
00002 PN1: OK.,,,,,,,,,,0,0
00003 HT1: don't give me that hear?,,,,,,,,,,0,0
00004 PNI: OK.,,,,,,,,,,0,0
"00005 HT1: All I want is, bring my wife and <News Reporter's Name>, you hear?",,,,,,,,,,0,0
00006 PN1: <News Reporter's First Name>?,,,,,,,,,,0,0
00007 HT1: <News Reporter's Last Name>.,,,,,,,,,,0,0
00008 PN1: <News Reporter's Last Name>?,,,,,,,,,,0,0
00009 HTI: Yah.,,,,,,,,,,0,0
00010 PNI: Who's <News Reporter's Name>?,,,,,,,,,,0,0
"00011 HT1: You know who <News Reporter's Name> is, the news reporter.",,,,,,,,,,0,0
00012 PN1: The news reporter?,,,,,,,,,,0,0
00013 HT1: Yah.,,,,,,,,,,0,0
"00014 PN1: OK, and your wife, can you tell me where she is? Do you know where she is right now? Is she at work-a telephone number I can reach her at?",,,,,,,,,,0,0
00015 HTI: You wanna know where my wife is?,,,,,,,,,,0,0
"00016 PN1: Yes, do you know where she is, that I can, can reach her at?",,,,,,,,,,0,0
"00017 HT1: You know what? If you don't leave me alone with this old fool stuff ya all up there messin' with me. Leave me alone, hear. Leave me alone. Just get <News Reporter's Name> and my wife. My wife is at <address>. Hear.",,,,,,,,,,0,0
00018 PNI:<address>?,,,,,,,,,,0,0
00019 HT1: Yah.,,,,,,,,,,0,0
00020 PNI: Does she have a phone number?,,,,,,,,,,0,0
"00021 HT1: NO. She don't have a phone, but you know what?",,,,,,,,,,0,0
00022 PNI: Go ahead.,,,,,,,,,,0,0
00023 HT1: (?) they already have her.,,,,,,,,,,0,0
"00024 PNI: No sir, I don't.",,,,,,,,,,0,0
00025 HT1: But they got her.,,,,,,,,,,0,0
"00026 PN1: I don't know who has her. I work on that though to get her to talk to you on the phone, if I can, OK. ",,,,,,,,,,0,0
"00027 HT1: Second district, hear? They got her.",,,,,,,,,,0,0
00028 PNI: Second district has her?,,,,,,,,,,0,0
00029 HT1: Yah.,,,,,,,,,,0,0
00030 PNI: How' come they have her?,,,,,,,,,,0,0
00031 HT1: 'Cause she is the one who called. How'd you know about all this?,,,,,,,,,,0,0
00032 PN1: Second district or seventh district?,,,,,,,,,,0,0
"00033 HT1: Seventh, the seventh.",,,,,,,,,,0,0
00034 PNI: Seventh district.,,,,,,,,,,0,0
"00035 HT1: You know what? If you wanna put anybody on this line, you know what you get? You hear me?",,,,,,,,,,0,0
"00036 PNI: Yah, I'm listening.",,,,,,,,,,0,0
"00037 HT1: Get Sgt. <Last Name> down in narcotics, you hear. Have him call me hear?",,,,,,,,,,0,0
00038 PNI: Sgt. <Last Name>?,,,,,,,,,,0,0
00039 HT1: Yah.,,,,,,,,,,0,0
"00040 PN1: OK, and he's in narcotics, you say?",,,,,,,,,,0,0
"00041 HT1: Yah, Have him call me, hear?",,,,,,,,,,0,0
00042 PN1: OK.,,,,,,,,,,0,0
00043 HT1: Alright?,,,,,,,,,,0,0
00044 PNl: Yep.,,,,,,,,,,0,0
"00045 HT1: If anything, you have him call me.",,,,,,,,,,0,0
"00046 PN1: OK, I'll give ya, it'll take me a little time ro reach him, OK?",,,,,,,,,,0,0
"00047 HT1: Alright, but you know what?",,,,,,,,,,0,0
"00048 PNl: OK, go ahead.",,,,,,,,,,0,0
00049 HT1: You bet not come through this door.,,,,,,,,,,0,0
"00050 PNI: No, we're not going to come through the door. We, we want you to come out through the door.",,,,,,,,,,0,0
00051 HT1: You better not come through the door and none you all better not come in hear. You hear?,,,,,,,,,,0,0
"00052 PNl: Yah. We, we don't want, we don't want nobody getting hurt. That's what it is, you know?",1,,,,,,,,reason,1,0
00053 HT1: I'm telling you.,,,,,,,,,,0,0
00054 PNI: I know you don't want to get hurt and we don't no kids hurt.,1,,,,,,,,reason,1,0
"00055 HT1: I don't want nobody hurt. But you know what? You get Sgt. <Last Name> on the phone too, you hear?",,,,,,,,,,0,0
"00056 PNI: OK. Let me ask you a question, OK?",,,,,,,,,,0,0
00057 HT1: What?,,,,,,,,,,0,0
00058 PNl: You have two kids in there?,,,,,,,,,,0,0
00059 HT1: Yah.,,,,,,,,,,0,0
"00060 PN1: And, somebody said you fired a shot, are the kids alright?",,,,,,,,,,0,0
00061 HT1: You know what?,,,,,,,,,,0,0
"00062 PNI: Go ahead, I'm listening.",,,,,,,,,,0,0
"00063 HT1: They is alright. The moment that you all try to come in through here, is, that's what's going to happen then, something's gonna happen then, you hear?",,,1,,,,,,don't come in here or people will get hurt,1,1
"00064 PNI: We don't want, we're not gonna, like I said, we're not gonna come busting down the door. We want everybody to get out of there safe.",1,,,,,,,,reason,1,0
"00065 HT1: Alright. But, you all can't come in here.",,,,,,,,,,0,0
"00066 PNI: No, we're not going to come in there. We're, we're gonna-",,,,,,,,,,0,0
"00067 HT1: All I want in here is my wife and <News Reporter's Name>, that reporter. You hear?",,,,,,,,,,0,0
"00068 PNl: OK, I got it. Your wife is at <address>.-",,,,,,,,,,0,0
00069 HT1: And <News Reporter's Name>.,,,,,,,,,,0,0
00070 PN1:And <News Reporter's Name> is a newspaper reporter. Do you know what channel he is on?,,,,,,,,,,0,0
00071 HTI: 5.,,,,,,,,,,0,0
"00072 PNl: 5? OK. Alright. I'll get back to you on the phone, OK?",,,,,,,,,,0,0
"00073 HT1: Yah. But, you know what?",,,,,,,,,,0,0
00074 PN1: Go ahead.,,,,,,,,,,0,0
"00075 HT1: If you call back, don't call to try and trick me about nothing. You hear? I mean it. Hear?",,,,,,,,,,0,0
00076 PNI: I'm listening.,,,,,,,,,,0,0
00077 HT1: What's your name again?,,,,,,,,,,0,0
00078 PN1: <PN1>. <spells last name>.,,,,,,,,,,0,0
00079 HT1: <PN1>.,,,,,,,,,,0,0
"00080 PNl:Yah, Officer <PN1>.",,,,,,,,,,0,0
00081 HT1: Officer <PN1>. And who are you with?,,,,,,,,,,0,0
00082 PN1: I'm with Special Operations Division.,,,,,,,,,,0,0
00083 HT1: Special Operations?,,,,,,,,,,0,0
00084 PN1: Yes sir.,,,,,,,,,,0,0
"00085 HTI: You kill people, right?",,,,,,,,,,0,0
"00086 PN1: No sir. I just told you, my job is to have everybody come out of this building safe, without anybody getting hurt.",,,,,,,,,,0,0
"00087 HTI: You know what? I've been trying my best to talk to the police here, but, you know what? You all don't never cooperate with nobody.",,,,,,,,,,0,0
"00088 PNI: Well, I'm here to cooperate with you. I'm going to try my best to get ahold of your wife and this <News Reporter's Name> and Sgt. <Last Name>, OK?",1,,,,,,,,I'm here to cooperate with you,1,0
00089 HT1: Alright.,,,,,,,,,,0,0
"00090 PN1: I'm gonna try my best. I'm gonna give Sgt. <Last Name> a call now, and I'm gonna try to get ahold of your wife. I'll have to send a car there because she doesn't have any phone, OK?",,,,,,,,,,0,0
00091 HT1: OK.,,,,,,,,,,0,0
00092 PNI: Then I'll talk to Mr. <News Reporter's Last Name> on the phone.,,,,,,,,,,0,0
"00093 HT1: Yah, but you- Mr. <News Reporter's Last Name> is the only one I'm gonna trust and my wife, you hear?",,,,,,,,,,0,0
"00094 PN1: OK. Now let me ask you a question. Now, if Mr. <News Reporter's Name> asked you to let these kids out, and asked you how these kids are, will you answer his questions?",,,1,,,,,,will you tell the reporter how many kid you have?,1,1
00095 HT1: Mr. <News Reporter's Name> is going to come in here.,,,,,,,,,,0,0
"00096 PN1: Ah- I don't think-ah- my boss, ok, my higher up, let him come in there. I don't- just for his safety also. But we have ta- we have ta- we'll have to work that problem when we come to it, OK?",,,,,,,1,,bosses wishes,1,1
00097 HT1: You know what? You're going to sacrifice me and my two children.,,,,,,,,,,0,0
"00098 PN1: No, I don't think you want to do that.",,,,,,,,,,0,0
00099 HT1: I don't want (click noise),,,,,,,,,,0,0
00100 PN1: Hello?,,,,,,,,,,0,0
00101 HT1: It's gonna happen.,,,,,,,,,,0,0
"00102 PN1: Yah, well, I don't think you want to sacrifice your kids.",,,,,,,,,,0,0
"00103 HT1: Me too. Because you wanna know what? I'm tired of what you all cops, and what you all been doing to me.",,,,,,,,,,0,0
"00104 PNl: Well, I-",,,,,,,,,,0,0
"00105 HT1: (?) what I told all them people. you all, you all make people up there, me and my wife is having problems. My wife don't even, I don't want no more after all of this you dumb stuff you done did to me.",,,,,,,,,,0,0
"00106 PN1: Well, I- see I don't know the situation, (click) Hello?",,,,,,,,,,0,0
00107 HT1: Yah.,,,,,,,,,,0,0
"00108 PN1: See. I don't know the situation between you and your wife, you know, uh-",,,,,,,,,,0,0
00109 HT1: Make sure you get my wife and <News Reporter's Name>. ,,,,,,,,,,0,0
00110 PN1: OK. I'm gonna try my best. ,,,,,,,,,,0,0
00111 HTl: Alright. (hang-up),,,,,,,,,,0,0
"00112 PN1: Hello, Hello? Subject hung up at 12:31 hrs. ",,,,,,,,,,0,0
"00113 PNl: 12:33, calling the subject back.",,,,,,,,,,0,0
00114 HT1: Yes.,,,,,,,,,,0,0
00115 PN1: Mr. <HT1>? This is Officer <PN1> again.,,,,,,,,,,0,0
00116 HT1: Yes.,,,,,,,,,,0,0
"00117 PN1: OK, I need an apt. for your wife. You gave me <address>.,but you didn't give me an apartment number. You told me she didn't have a phone. I can't send a car to an apartment building then.",,,,,,,,,,0,0
00118 HT1: <number>.,,,,,,,,,,0,0
"00119 PN1: It's apartment <number>, OK. OK, I have some officers working on it to,ah, go to her house now, OK. Is she home or does she work, do you know?",,,,,,,,,,0,0
00120 HT1: You better leave me alone mister.,,,,,,,,,,0,0
"00121 PN1: You know, Mr. <HT1>, I can't-help you if you don't help us. You know what I mean?",,1,,,,,,,favor repayment,1,1
"00122 HT1: You know what? If I hear any noises coming in this house, I'm telling you",,,,,,,,,,0,0
"00123 PNl: Look, I'm telling you, I'm telling you right now, OK? You gotta listen to me because you're talking to me right now. There's nobody going to come in and knock tahe door off the hinges, OK? You're gonna have to trust me.",1,,,,,,,,trust,1,0
"00124 HT1: Mr. <PN1> (crying) please, please help. Please. I need to get my wife.",,,,,,,,,,0,0
"00125 PN1:I, I, I had to call you back because I didn't have an apt. number, alright? I'm working on sending a car to get your wife.  Nobody will knock your door down. I'm telling you right now. You're gonna have to trust me. You're gonna have to give me a little bit like your telling me to trust you that you won't hurt those kids, OK? (pause) OK, thre's a car out there to get your wife, if she's home. I'll have them bring her here and bringher to the phone, OK?",1,,,,,,,,trust,1,0
"00126 HT1: Yah, yah. (crying)",,,,,,,,,,0,0
"00127 PN1: And then- I will- that's what's gonna happen, right now. Your wife is <Wife First Name>, can you tell me her last name?""",,,,,,,,,,0,0
00128 HT1: <Wife Last Name>. ,,,,,,,,,,0,0
00129 PN1: <Wife Last Name>? ,,,,,,,,,,0,0
"00130 HT1: Yah, with a ""C"".",,,,,,,,,,0,0
00131 PN1: Can you spell it for me?,,,,,,,,,,0,0
00132 HT1: <spells Wife Last Name>.,,,,,,,,,,0,0
00133 PN1: <spells Wife Last Name>.,,,,,,,,,,0,0
00134 HT1: Yah.,,,,,,,,,,0,0
"00135 PNl: OK, alright, ah, I might call you back in a few minutes, but I'm gonna send a car right now to get, get there",,,,,,,,,,0,0
00136 HT1: Alright.,,,,,,,,,,0,0
"00137 PN1: Talk to me while we're in the waiting process, unless you wanna keep talking to me. How about keep talking to me?",,,1,,,,,,keep talking to me,1,1
"00138 HT1: Oh man, Oh man, Oh man, I don't know. I don't know.",,,,,,,,,,0,0
"00139 PNl: I know, I know, I know it's rough. I know.",,,,,,,,,,0,0
"00140 HT1: I wanna know what that cop did this to me and my family, man, why's you all do that?",,,,,,,,,,0,0
"00141 PNl: Yah, I know, you know, you, you wanna tell me the situation?",,,,,,,,,,0,0
"00142 HT1: Yah- they had me- they had me set up some people, right, on a cocaine bust, right?",,,,,,,,,,0,0
00143 PNl: OK.,,,,,,,,,,0,0
"00144 HT1: And I did it, right, and then the dude found out I did it, right?",,,,,,,,,,0,0
"00145 PNl: Right, OK.",,,,,,,,,,0,0
"00146 HT1: I tried to tell Sgt. <Last Name> that they threatened me, right?",,,,,,,,,,0,0
00147 PNl: Nor-hmm.,,,,,,,,,,0,0
00148 HTI: But he was waiting to try and catch me.,,,,,,,,,,0,0
"00149 PN1: The guy- the guys that you turned in, try, they set you up?",,,,,,,,,,0,0
00150 HT1: Yah.,,,,,,,,,,0,0
00151 PNl: And <Sgt's Last Name> wouldn't pay attention to ya.,,,,,,,,,,0,0
"00152 HT1: No, he wouldn't pay attention.",,,,,,,,,,0,0
00153 PNI: OK.,,,,,,,,,,0,0
00154 HT1: And I tried to tell him- I tried to tell him. And you know what? Are you here?,,,,,,,,,,0,0
"00155 PNl: Yah, I'm with ya. I'm listening to you. You have to talk to me I, you know, you're telling me what happened, and I, you know, and I don't want to interrupt you.",,,,,,,,,,0,0
00156 HT1: Right.,,,,,,,,,,0,0
"00157 PNI: Let me know what happened, so I can know.",,,,,,,,,,0,0
"00158 HT1: Right. I turned them in, right?",,,,,,,,,,0,0
00159 PNI: Yah.,,,,,,,,,,0,0
"00160 HT1: And they busted them for a quarter pound- quarter pound of cocaine, right?",,,,,,,,,,0,0
00161 PNI: Mm-hmm.,,,,,,,,,,0,0
"00162 HTl: So, all, so my wife got mad at me, right, and called me a snitch, right?",,,,,,,,,,0,0
00163 PN1: Yah.,,,,,,,,,,0,0
00164 HT1: But I tried to tell her all I did was- all I did was to save us.,,,,,,,,,,0,0
00165 PNI: Right.,,,,,,,,,,0,0
"00166 HT1: But, gave her a lousy $500 and when they came to threaten me, right, <Sgt. Last Name> said well as long as they don't do nothing, it ain't no, it ain't no trouble.",,,,,,,,,,0,0
00167 PNl: Hmm.,,,,,,,,,,0,0
"00168 HT1: But that ain't so, is it?",,,,,,,,,,0,0
"00169 PNI: No, that, you know-",,,,,,,,,,0,0
"00170 HT1: Sooner or later they were going to get me, wasn't they?",,,,,,,,,,0,0
00171 PNl: I don't know if they would or not. They might have tal- just did a lot of talking.,,,,,,,,,,0,0
"00172 HT1: Yah, but-",,,,,,,,,,0,0
00173 PN1: He should have done a little bit more than probably that what he done.,1,,,,,,,,sympathy,1,0
"00174 HT1:Yah, he should have done more.",,,,,,,,,,0,0
"00175 PNI:Yah. I think, I- I you each policeman has his own way of policing and I probably would have taken care of it much better than that than what he has, if that is what you are saying?",1,,,,,,,,sympathy,1,0
"00176 HT1:Yah, that's the truth, but you know what?",,,,,,,,,,0,0
00177 PN1: OK. Now let me ask you a question. What- what do you think we should do with ya? What do you want us to do? Can you (click) Are you still with me?,,,,,,,,,,0,0
"00178 HT1: Yah, somebody's trying to call.",,,,,,,,,,0,0
00179 PN1: Forget about them 'cause we're talking right now.,1,,,,,,,,reason to talk to me,1,0
00180 HT1: Right.,,,,,,,,,,0,0
"00181 PN1: Ah, what do you want, what do you need? Tell me what you need, so I can get everybody out of this. What you need? what your family need, so we can try and work this out.",,,1,,,,,,if you tell me what you need we can try to work this out,1,1
"00182 HT1:I need- those guys messing me fora coke, those guys ain't messing me for coke. Stole a shotgun, right? Are you listening? Are you listening?",,,,,,,,,,0,0
00183 PN1: Yah.,,,,,,,,,,0,0
"00184 HT1: They messing me right? My wife had called on me, right? (click)My case, right? I tried to tell them that- that I went out and got the shotgun, right? The shotgun was going to protect me and myfamily. (click) I'm not no criminal. I tried to protect my family from what these threats, when he was threatening us, right?",,,,,,,,,,0,0
00185 PN1: Yah.,,,,,,,,,,0,0
"00186 HT1: And he, who- who who was tols on, right, was my cousin. He's theone who's selling drugs. You know what I'm saying? And by his selling the drugs he was, they- they- they wouldn't help us, right? My cousin was trying to get me too.",,,,,,,,,,0,0
00187 PNl: Your cousin was trying to get you?,,,,,,,,,,0,0
"00188 HT1: Yah, and Sgt. <Last Name> wouldn't believe it. He wouldn't believe my own cousin would try and have me set up to get killed because I had his people set up. You know what I mean? Are you following me'?",,,,,,,,,,0,0
"00189 PNI: Yah, I'm following you.",,,,,,,,,,0,0
00190 HT1: Huh?,,,,,,,,,,0,0
"00191 PNl: Yah, I got ya, I got ya.",,,,,,,,,,0,0
"00192 HT1: Huh? I can't- (to the kids) will you please get back, baby!Officer <PN1>?",,,,,,,,,,0,0
00193 PN1: Yah. ,,,,,,,,,,0,0
00194 HT1: <PN1>? ,,,,,,,,,,0,0
"00195 PN1: Yah, that's right. Yah. ",,,,,,,,,,0,0
"00196 HT1: Uh, I don't know what to do. ",,,,,,,,,,0,0
00197 PN1: OK.,,,,,,,,,,0,0
00198 HT1: What can I do'?,,,,,,,,,,0,0
"00199 PNl: Well, I tell ya, the first situation we have to do is try and get for you to let those kids out.",,,,,,,,,,0,0
00200 HT1: Let you get the kids- you gonna get me.,,,,,,,,,,0,0
"00201 PN1: No, you gotta- you gotta trust me, like I'm trusting you, OK?",,1,,,,,,,I am already trusting you so you need to trust me,1,1
"00202 HT1: I will, I know.",,,,,,,,,,0,0
00203 PNl: Can you hear me?,,,,,,,,,,0,0
"00204 HT1: But, if I go to jail, right-",,,,,,,,,,0,0
00205 PN1:What are you going to go to jail for? Those are your own kids in there. Do you have a gun?,,,,,,,,,,0,0
00206 HT1: Yah.,,,,,,,,,,0,0
00207 PN1: What kind of gun do you have? Will you tell me that?,,,,,,,,,,0,0
"00208 HT1: Yah, it's a 32.",,,,,,,,,,0,0
00209 PN1: 32 Caliber?,,,,,,,,,,0,0
00210 HT1: Right.,,,,,,,,,,0,0
00211 PN1: Pistol?,,,,,,,,,,0,0
00212 HT1: Yah.,,,,,,,,,,0,0
00213 PN1: OK.,,,,,,,,,,0,0
"00214 HT1: And I'm going to go to jail for having that, right?",,,,,,,,,,0,0
00215 PN1: If we don't-,,,,,,,,,,0,0
"00216 HT1: Please, I'm in so much trouble. That's what I don't understand. (whining) All I did was try to tell my wife (...?...) I went to the FBI and try to tell them too.",,,,,,,,,,0,0
"00217 PNI: Yah, let me ask you a question.",,,,,,,,,,0,0
00218 HT1: What?,,,,,,,,,,0,0
00219 PN1: Will you let them kids out?,,,1,,,,,,let the kids go,1,1
00220 HT1: No- I ain't got no win.,,,,,,,,,,0,0
00221 PN1: I can't hear you.,,,,,,,,,,0,0
"00222 HT1: I don't have no win, do I?",,,,,,,,,,0,0
"00223 PN1: Mr. <HT1>, you so have a win if you come out of there- if you come out of there without any problems and nobody getting hurt. That's a win, that's a plus for everybody, right? Are you with me? (pause) Mr. <HT1>? Mr. <HT1>? (disconnect/ 12:39 call back)",1,,,,,,,,reason: you have a win,1,0
00224 HT1: Yes.,,,,,,,,,,0,0
"00225 PN1: Mr. <HT1>, this is Officer <PN1>. What happened? Did you hang-up on me or did somebody cut us off?",,,,,,,,,,0,0
00226 HT1: The line got disconnected.,,,,,,,,,,0,0
"00227 PN1: OK, you listen to me.",,,,,,,,,,0,0
00228 HT1: Yah.,,,,,,,,,,0,0
"00229 PNl: Listen, you have a win.",,,,,,,,,,0,0
00230 HTl: How?,,,,,,,,,,0,0
"00231 PN1: Everybody getting out of there without getting hurt is a win, number one.",1,,,,,,,,reason,1,0
"00232 HT1: I know, but then I'm going to have to go to jail for a gun. All they go- I'm already arrested for cocaine, a sawed-off shotgun.",,,,,,,,,,0,0
"00233 PN1: OK, ol, you got, you got what are you doing? Are you doing time for that?",,,,,,,,,,0,0
"00234 HT1: No, but I only got it to protect my family.",,,,,,,,,,0,0
00235 PN1: I understand that.,,,,,,,,,,0,0
00236 HTl: Huh?,,,,,,,,,,0,0
"00237 PNl: I understand what you are saying. But, you know, ah, not necessarily will you go to court. OK?",,,,,,,,1,using his police experience to tell him that there are cases where people don’t go to court for this,1,1
00238 HT1: Yah.,,,,,,,,,,0,0
00239 PN1: It doesn't necessarily mean you have to stay in jail.,,,,,,,,1,using his police experience to tell him that there are cases where people don’t go to jail for this,1,1
00240 HT1: Oh man. (crying) Please get my wife.,,,,,,,,,,0,0
"00241 PN1: Your wife. They- they, somebody went to get your wife, already, OK?",,,,,,,,,,0,0
00242 HTl: Yah.,,,,,,,,,,0,0
00243 PN1: We sent a car for her. ,,,,,,,,,,0,0
00244 HT1: What?,,,,,,,,,,0,0
"00245 PN1: I sent a car for her. OK, now, let me ask you a question.",,,,,,,,,,0,0
00246 HT1: What?,,,,,,,,,,0,0
00247 PNl: Talk to your wife when she comes over here. How about letting those kids out for me?,,,1,,,,,,let the kids go,1,1
00248 HT1: I want my wife in here.,,,,,,,,,,0,0
"00249 PN1: Ah, you know-",,,,,,,,,,0,0
"00250 HT1: You ain't gonna let in though, is ya?",,,,,,,,,,0,0
00251 PN1: I can't- I can't make that determination. I have to go to my officials to do that to be honest with ya. OK? My officials have to make that decision. I can't make that decision. I have to get permission from them.,,,,,,,1,,bosses give permission for that,1,1
00252 HT1: My wife don't have to come in here. All I want her to do is tell the truth on the T.V.,,,,,,,,,,0,0
"00253 PN1: OK, tell the truth about what?",,,,,,,,,,0,0
00254 HT1: About how these cops had me do these things.,,,,,,,,,,0,0
"00255 PN1: Yah, but you know, that's not a big plus for you, now. OK.",,,,,,,,,,0,0
"00256 HT1: It would help me get outta this. She knows what's going on, youknow what I mean?",,,,,,,,,,0,0
00257 PN1: Yah. OK. You don't want everybody in the street to know your business. That's what's gonna happen if she tells them that. Then you probably never be trusted to ever walk down the street.,1,,,,,,,,reason,1,0
"00258 HT1: Yah, I know. Oh my God, I'm a dead man!",,,,,,,,,,0,0
"00259 PN1: No- no you're not, no sir.",,,,,,,,,,0,0
00260 HT1: (crying hard),,,,,,,,,,0,0
00261 PNl: How about if you- you know-,,,,,,,,,,0,0
"00262 HT1: I'm a dead man, my wife and my son gonna be the only ones that's left.",,,,,,,,,,0,0
"00263 PN1: No, no, no.",,,,,,,,,,0,0
00264 HT1: I'm gonna be left by myself. You know what I mean? ,,,,,,,,,,0,0
00265 PNl: I don't. I don't-,,,,,,,,,,0,0
00266 HT1: Officer <PN1>? ,,,,,,,,,,0,0
"00267 PN1: Yah, I'm listening.",,,,,,,,,,0,0
"00268 HT1:I 'm gonna be left by myself, right?",,,,,,,,,,0,0
"00269 PN1: You tell me why, why would you be left by yourself?",,,,,,,,,,0,0
00270 HT1: Because my wife (call waiting goes off),,,,,,,,,,0,0
00271 PN1: Go ahead.,,,,,,,,,,0,0
00272 HT1: She's gonna leave me.,,,,,,,,,,0,0
00273 PN1: Yah.,,,,,,,,,,0,0
00274 HT1: She's gonna leave me for what's going on.,,,,,,,,,,0,0
"00275 PN1: I she- does she live with you now? There, at the house?",,,,,,,,,,0,0
00276 HT1: This is my cousin's house.,,,,,,,,,,0,0
00277 PN1: Your cousin's house?,,,,,,,,,,0,0
00278 HT1: Yah.,,,,,,,,,,0,0
00279 PN1: And you live at <address>.? Is <address> your address?,,,,,,,,,,0,0
"00280 HT1:Yah, but my wife put me out 'cause of what I did.",,,,,,,,,,0,0
00281 PN1: Because of you snitching on your cousin?,,,,,,,,,,0,0
"00282 HT1: Yah, but she don't wanna tell- (...'?...)",,,,,,,,,,0,0
00283 PNl: Is that right? How long ago was that? Is that a television you got on?,,,,,,,,,,0,0
00284 HT1: Yah.,,,,,,,,,,0,0
00285 PN1: I'm having a hard time hearing you because of the television. Will you turn it down a little?,,,,,,,,,,0,0
"00286 HT1: Ah, wait a minute.",,,,,,,,,,0,0
00287 PN1: OK. (pause),,,,,,,,,,0,0
00288 HT1: Yah.,,,,,,,,,,0,0
"00289 PN1: OK, ah, why did you- you said your wife turned you in. Don't you think if you tried to straighten yourself out, your wife will take you back?",1,,,,,,,,reason,1,0
"00290 HTl: Yah, she probably will. But, I want her here to talk to me though.",,,,,,,,,,0,0
"00291 PN1: OK, yah, we'll have to wait till she gets on the phone, OK?",,,,,,,,,,0,0
"00292 HT1: Officer <PN1>, who are you?",,,,,,,,,,0,0
"00293 PN1: What, who am I?",,,,,,,,,,0,0
00294 HTI: Yah.,,,,,,,,,,0,0
"00295 PN1: I'm, ah, I'm from the police department, OK?",,,,,,,,,,0,0
00296 HTI: Yah.,,,,,,,,,,0,0
"00297 PNI: I'm ah, I work with Special Operations Division, OK?",,,,,,,,,,0,0
00298 HTI: Yah.,,,,,,,,,,0,0
"00299 PN1: And that's all I am, I'm just a police officer.",,,,,,,,,,0,0
00300 HT1: But these cops have threatened me though.,,,,,,,,,,0,0
00301 PNI: Who?,,,,,,,,,,0,0
00302 HT1: <Other Policeman's Name>.,,,,,,,,,,0,0
00303 PNI: <Other Policeman's Name>?,,,,,,,,,,0,0
"00304 HTI: Yah. He, he, he, he, he told my wife, my wife told me that he came in the house and pulls out a gun, right, and told her to cooperate with him.",,,,,,,,,,0,0
"00305 PNI: Who's <Other Policeman's Name>, a policeman, you say?",,,,,,,,,,0,0
"00306 HT1: Yah, at the seventh district.",,,,,,,,,,0,0
"00307 PNI: OK, now did you see him pull a gun out?",,,,,,,,,,0,0
"00308 HT1: No, my wife said she seen it.",,,,,,,,,,0,0
"00309 PN1: OK, where were you though?",,,,,,,,,,0,0
00310 HTI: I was down at my cousin's house.,,,,,,,,,,0,0
"00311 PNI: Do, do you think that your wife would tell you a story that he would do that.",,,,,,,,,,0,0
00312 HTI: That's what I'm hoping she'd do.,,,,,,,,,,0,0
"00313 PNI: Yah, maybe she's just trying to scare ya. What do you think?",,,,,,,,,,0,0
"00314 HT1: Yah, that's what I'm thinking too.",,,,,,,,,,0,0
00315 PNl: Yah.,,,,,,,,,,0,0
00316 HT1: And now I'm gonna be in hot water.,,,,,,,,,,0,0
"00317 PNI: Well, you're not really gonna be in hot water, you know. It- it's a good plus, you know, if you do come out. It really is, you know. You don't need a whole lot of hassel, a whole lot of junk going on,OK?",1,,,,,,,,reason,1,0
"00318 HT1: But, you know what?",,,,,,,,,,0,0
00319 PNl: Go ahead.,,,,,,,,,,0,0
00320 HT1: I think maybe I can go do that to myself and let you all get the children.,,,,,,,,,,0,0
"00321 PNl: No, I don't want that. You don't want that. What, then you will be by yourself. What about your kids, think of your kids sitting there, and if you do that?",1,,,,,,,,think of your kids,1,0
"00322 HT1: (starts crying again) Yah, but I'm sacred to death. You know what I mean?",,,,,,,,,,0,0
"00323 PNl: Yah, I understand you're scared, I don't want you to, you know, I want you to relax just a little bit.",,,,,,,,,,0,0
00324 HT1: That's why you guys gotta find my wife. She can help me out.,,,,,,,,,,0,0
"00325 PN1: Yah, ah, I'll, I'll talk to your wife, you know. I'll do the best I can. Just like I'm doing to you. I want you out of there without you getting hurt. I want the kids out of there without the kids getting hurt.",1,,,,,,,,self-consistency,1,0
00326 HT1: Yah.,,,,,,,,,,0,0
00327 PN1: Understand what I'm saying? We gotta start from someplace.,1,,,,,,,,reason,1,0
00328 HT1: Right.,,,,,,,,,,0,0
00329 PN1: OK?,,,,,,,,,,0,0
00330 HTl: Right.,,,,,,,,,,0,0
"00331 PN1: So what do you think? Come on, you have, why don't you make a decision. Your, you got the, you, your in my hands, I'm in your hands, let's put it that way.",1,,,,,,,,trust,1,0
00332 HT1: Right.,,,,,,,,,,0,0
"00333 PN1: We're wrapped in together, OK?",1,,,,,,,,trust,1,0
00334 HT1: Right.,,,,,,,,,,0,0
"00335 PN1: We're wrapped together so we can get out. Get everybody to come out, all together.",1,,,,,,,,trust,1,0
"00336 HT1: (starts crying again) If I go to that jailhouse, you know what? Those niggers in there, those fuckers are going to try and get me.",,,,,,,,,,0,0
"00337 PN1: No, no you- you're- you're gonna have to go to court if you have a gun in there, OK?",,,,,,,,,,0,0
00338 HT1: Yah.,,,,,,,,,,0,0
"00339 PNl: OK, that's ah, that I know you have to do, OK?",,,,,,,,,,0,0
00340 HT1: Yah.,,,,,,,,,,0,0
"00341 PNl: Now, the judge might see the situation going on and he might put you in ""salience"" for observation. And I'm not, you know, I don't think he'd send you to the jail.",,,,,,,,1,normal procedures,1,1
"00342 HT1: Yah, I know.",,,,,,,,,,0,0
00343 PN1: You know what I'm saying?,,,,,,,,,,0,0
00344 HTl: Yah.,,,,,,,,,,0,0
"00345 PN1: OK, what do you think? Do you wanna take a walk out?",,,1,,,,,,give up,1,1
"00346 HT1: Not yet, you didn't get my wife.",,,,,,,,,,0,0
"00347 PN1: OK, ah, let me- we're still working on it. OK?",,,,,,,,,,0,0
00348 HT1: But you know what?,,,,,,,,,,0,0
"00349 PNl: Yah, go ahead, I'm listening to you.",,,,,,,,,,0,0
"00350 HT1: If my wife abandoned me, then I'm gonna be in trouble, right?",,,,,,,,,,0,0
"00351 PN1: No, you're not going to be in trouble.",,,,,,,,,,0,0
"00352 HT1: Yes, I am going to. You know why? (pause) MY family don't want to mess with me no more 'cause I did that to them.",,,,,,,,,,0,0
00353 PN1: That's your cousins?,,,,,,,,,,0,0
"00354 HT1: Yah, and he got all these kinds of drugs. He deals it, right?",,,,,,,,,,0,0
00355 PNl: Right.,,,,,,,,,,0,0
00356 HT1: And he's been taking care of paying the rent and all that stuff. But I don't care about that stuff.,,,,,,,,,,0,0
"00357 PN1: Uh, uh, you gonna- you're gonna have to try and make a life for yourself. You know, start off new.",1,,,,,,,,reason,1,0
00358 HT1: Yah.,,,,,,,,,,0,0
00359 PNl: But you're not gonna start off new from running from everybody. ,1,,,,,,,,reason,1,0
00360 HT1: That's what I've been-,,,,,,,,,,0,0
"00361 PN1: Or holding your kids or anything, OK? ",1,,,,,,,,reason,1,0
00362 HT1: (sobs),,,,,,,,,,0,0
"00363 PNl: You know what I'm saying? You gotta- you wanna start off new, start off the right way.",1,,,,,,,,reason,1,0
00364 HT1: But you know what?,,,,,,,,,,0,0
00365 PNl: Go ahead.,,,,,,,,,,0,0
"00366 HT1: What I, what I figured it is, If I just go ahead and go away from here, take myself out, right?",,,,,,,,,,0,0
00367 PN1: Yah.,,,,,,,,,,0,0
00368 HT1: Just leave the children.,,,,,,,,,,0,0
"00369 PN1: No, you don't want to do that.",,,,,,,,,,0,0
00370 HT1: But why? Because I'm not going to be able to walk around.,,,,,,,,,,0,0
"00371 PN1: Let me tell you something. You know the places other than Washington, right?",,,,,,,,,,0,0
00372 HT1: Yah.,,,,,,,,,,0,0
"00373 PN1: You don't have to stay here. You don't have to stay in this city, Your ties are here, maybe your ties are here but all your ties will end, even your kids won't have any father then.",1,,,,,,,,reason,1,0
"00374 HT1: Yah, I know.",,,,,,,,,,0,0
00375 PN1: That's not good for the kids.,1,,,,,,,,reason,1,0
"00376 HT1: Yah, but I ain't trying to really hurt them. Do you believe me?",,,,,,,,,,0,0
"00377 PN1: Yah, you don't want your kids to see that, right?",1,,,,,,,,reason,1,0
00378 HT1: They aint gonna see it if I do it.,,,,,,,,,,0,0
"00379 PN1: Yah- yah, They're there. It's ah, it's ah, you know, you- you're looking at that, and ah, you're looking at your point, you're looking for a way out.",,,,,,,,,,0,0
00380 HT1: Yah.,,,,,,,,,,0,0
"00381 PN1: And that's not a way out for anybody, OK?",1,,,,,,,,reason,1,0
00382 HT1: My wife's got to understand what I'm trying to do.,,,,,,,,,,0,0
"00383 PNI: Yah, I understand what you are trying to do but like I said, you know, there's other places than Washington. There's, um, you can there's places where you can start new. You don't have to start, right now you are at the bottom, and we want you to get to the top.",,,,,1,,,,we want to get you to the top,1,1
00384 HT1: Yah.,,,,,,,,,\,0,0
"00385 PN1: OK, you and me-",,,,,,,,,,0,0
00386 HT1: My wife (call waiting goes off) Mr. <PN1>?,,,,,,,,,,0,0
"00387 PN1: Yah, I'm with you. Listen, doing anything to yourself- you are still at the bottom. You're not improving yourself. yourself.",,,,,,,,,,0,0
00388 HT1: But it's a way out for me.,,,,,,,,,,0,0
"00389 PNI: No, no, no, no, (call waiting goes off) Hello?",,,,,,,,,,0,0
00390 HT1: Yah.,,,,,,,,,,0,0
00391 PNI: That's not a way out though.,,,,,,,,,,0,0
"00392 HT1: But, if I go out, see, if I go out right?",,,,,,,,,,0,0
00393 PN1: Go ahead I'm listening.,,,,,,,,,,0,0
"00394 HT1: If I go out, then I don't have to worry about me no more (...kids are screaming, can't understand...) because I am like washed-up man, you know?",,,,,,,,,,0,0
"00395 PN1: Yah, I understand how you're feeling. But, that's no good though. That's not the right way.",,,,,,,,,,0,0
00396 HT1: You're right. Oh boy! They got me good.,,,,,,,,,,0,0
"00397 PN1: No, nobody's got you good, now, like I told you, you know, I'm here to help you the best I can. Alright? Just a, I'm in the police department. I'm just a police officer, I'm just like you; down- I'm on the bottom of the list, OK? I'm an officer, I have to answer to above me, OK? My job is to try and get everybody out of there, alive and safe, OK? That includes you. (pause) You understand what I'm saying?",,,,,1,,,,just like you,1,1
00398 HT1: Yah.,,,,,,,,,,0,0
"00399 PN1: OK, that's what I wanted to do. I want to get you out of there, I want to get your kids out of there, I want you to get together with your wife and talk to your wife too. OK?",,,,,,,,,,0,0
00400 HT1: Yah.,,,,,,,,,,0,0
00401 PNI:And I want- (call waiting goes off) Are you still with me?,,,,,,,,,,0,0
00402 HT1: Yah.,,,,,,,,,,0,0
"00403 PN1: OK, I'll get you to talk with your wife and I'll get you to talk to your wife in front of the news media, in front of <News Reporter's Name>.",,,,,,,,,,0,0
00404 HT1: Yah.,,,,,,,,,,0,0
00405 PN1: OK? But you gotta come out.,,,,,,,,,,0,0
"00406 HT1: Well you get them, right?",,,,,,,,,,0,0
"00407 PN1: Yah, I'll get them, if you're gonna come out. And I'll let you talk to the news media- let you talk to the news media in front of your wife.",,,1,,,,,,if you come out you can do all this stuff,1,1
00408 HT1: You know what?,,,,,,,,,,0,0
00409 PN1: What?,,,,,,,,,,0,0
00410 HT1: You sound like an A-1 cop.,,,,,,,,,,0,0
"00411 PN1: You got- you gotta trust me. You gotta trust me, I'm not gonna I'm not gonna tell you there's a, if ah-, you know, I don't have to do, OK?",1,,,,,,,,trust,1,0
"00412 HT1: Ah, huh.",,,,,,,,,,0,0
"00413 PN1: I'll come-, I'll come up there and I'll walk out with- I'll walk you out, OK?",,,1,,,,,,let's walk out together,1,1
00414 HT1: Yah.,,,,,,,,,,0,0
00415 PN1: And then we'll have your wife come up and then and the news media.,,,1,,,,,,and then you get the deal,1,1
00416 HT1: Yah.,,,,,,,,,,0,0
00417 PN1: Will you do that?,,,1,,,,,,reinforce the commitment,1,1
"00418 HT1: Yah, you know what?",,,,,,,,,,0,0
"00419 PN1: OK, I'm listening.",,,,,,,,,,0,0
"00420 HT1: I got, I-, I kind of trust you, you know. You know what I mean?",,,,,,,,,,0,0
00421 PN1: That's what I want you to do. I want you to trust me.,,,,,,,,,,0,0
"00422 HT1: 'Cause what you've been saying is making sense, right?",,,,,,,,,,0,0
00423 PN1: Yah.,,,,,,,,,,0,0
"00424 HT1: When you say don't do that to yourself, right-?",,,,,,,,,,0,0
00425 PN1: OK.,,,,,,,,,,0,0
00426 HT1: That makes alot of sense.,,,,,,,,,,0,0
"00427 PN1: OK, I want you to think on that and I'll call you back, OK?",,,,,,,,,,0,0
"00428 HT1: Hold-up, hold-up.",,,,,,,,,,0,0
"00429 PN1: OK, I'm holding on.",,,,,,,,,,0,0
00430 HTl: Huh? <PN1>?,,,,,,,,,,0,0
"00431 PN1: Yah, OK, go ahead. I'm listening.",,,,,,,,,,0,0
"00432 HT1: (crying) Oh man! I'm just ""digged-up"". I'm so scared man. You know? <PN1>?",,,,,,,,,,0,0
"00433 PN1: Yah, I'm listening, I hear ya.",,,,,,,,,,0,0
"00434 HT1: I just wanna talk, right?",,,,,,,,,,0,0
00435 PN1: OK.,,,,,,,,,,0,0
00436 HT1: Oh man. where's my wife?,,,,,,,,,,0,0
"00436 PN1: OK, I have to- I have to check with the officials. I'm on somebody's apartment.",,,,,,,,,,0,0
00437 HTI: You're at somebody's apartment?,,,,,,,,,,0,0
00438 PN1: Yah.,,,,,,,,,,0,0
00439 HTI: Oh man.,,,,,,,,,,0,0
"00440 PN1: I'm on the phone in somebody's apartment, up the road from you.",,,,,,,,,,0,0
"00441 HTI: Oh boy. But please, don't let nobody make no noise because I'm gonna get scared.",1,,,,,,,,reason,1,0
00442 PN1: OK. (pause) Just- can I give you a ring back? Will you hold on a minute? Let me give you a ring back.,,,,,,,,,,0,0
00443 HT1: Listen.,,,,,,,,,,0,0
00444 PNl: OK.,,,,,,,,,,0,0
"00445 HTI: Don't let nobody make no noise, you hear?",,,,,,,,,,0,0
"00446 PN1: Alright, just hold on a second, OK?",,,,,,,,,,0,0
00447 HT1: Don't let nobody make noise.,,,,,,,,,,0,0
"00448 PN1: I know, we won't let nobody make any noise, and I'll try and get your wife here to talk to ya, OK?",,,,,,,,,,0,0
"00449 HT1: Make noise, I'm gone. You hear me? Do you hear?",,,1,,,,,,if you make noise I will kill myself,1,1
"00450 PN1: I understand, if we make noise you're gone. I don't want you to do that, OK?",,,,,,,,,,0,0
00451 HTI: Where's <News Reporter's Name> at?,,,,,,,,,,0,0
"00452 PN1: He's on the way, that's all I know, OK?",,,,,,,,,,0,0
00453 HT1: Alright.,,,,,,,,,,0,0
00454 PNI:OK?,,,,,,,,,,0,0
00455 HT1:OK.  (hang-up),,,,,,,,,,0,0
00456 HT1: Yes.,,,,,,,,,,0,0
00457 PN1: Mr. <HT1>?,,,,,,,,,,0,0
00458 HT1: Yes.,,,,,,,,,,0,0
00459 PN1: This is Officer <PN1> again.,,,,,,,,,,0,0
00460 HT1: Yah.,,,,,,,,,,0,0
"00461 PN1: OK, your wife is not home at that address.",,,,,,,,,,0,0
00462 HT1: Where's she at?,,,,,,,,,,0,0
"00463 PN1: I have no idea. Seventh District detectives are trying to look for her, OK? We went to that house at <address>.   There's no answer at the door. OK? That's number one. Sgt. <Last Name> is in trial, and as soon as they can get ahold of him in court, he'll be on the way here too, OK?",,,,,,,,,,0,0
"00464 HT1: Listen. MY wife, right?",,,,,,,,,,0,0
"00465 PN1: Yah, do you have any idea where you might- where she might be? ",,,,,,,,,,0,0
"00466 HT1: Yah, at the number <num>",,,,,,,,,,0,0
"00467 PN1: Mhm,hmm",,,,,,,,,,0,0
"00468 HT1: <num>, uh, <num>.",,,,,,,,,,0,0
"00469 PNI: OK, <num>. ",,,,,,,,,,0,0
00470 HT1: Yah.,,,,,,,,,,0,0
00471 PNI: Who- who's that? Is that a work phone number? ,,,,,,,,,,0,0
00472 HT1: No. That's a friend of ours.,,,,,,,,,,0,0
"00473 PNI: What's your friend's name, will you tell me that? ",,,,,,,,,,0,0
00474 HT1: Her name is <Friend's Name>.,,,,,,,,,,0,0
00475 PN1: <Friend's Name>. You think she's there? ,,,,,,,,,,0,0
00476 HT1: You know what?,,,,,,,,,,0,0
00477 PNI: Go ahead. ,,,,,,,,,,0,0
00478 HT1: Sgt. <PN1>-,,,,,,,,,,0,0
"00479 PNl: No,no Officer <PN1>. Go ahead. ",,,,,,,,,,0,0
"00480 HT1: Officer <PN1>, right?",,,,,,,,,,0,0
00481 PN1: Yah.,,,,,,,,,,0,0
"00482 HT1: I gotta get out of town, you know that? ",,,,,,,,,,0,0
00483 PN1: Yah.,,,,,,,,,,0,0
00484 HT1: You hear me?,,,,,,,,,,0,0
"00485 PN1: Yah, I'm listening to everything you're saying.",,,,,,,,,,0,0
00486 HT1: How long- how long is it to get out of this town? (pause) Are you there?,,,,,,,,,,0,0
"00487 PN1: Yah, I'm with ya.",,,,,,,,,,0,0
00488 HTl: How long would it be to get out of this town?,,,,,,,,,,0,0
"00489 PN1: OK, ah, we'll have to work something out. That's all, you know, I'll have to work something out with everybody.",,,,,,,,,,0,0
"00490 HT1: Oh man, I don't know where my wife is. She should be-",,,,,,,,,,0,0
00491 PN1: OK.,,,,,,,,,,0,0
00492 HT1: She's always running- she's always running. You know what I mean?,,,,,,,,,,0,0
00493 PN1: Yah.,,,,,,,,,,0,0
"00494 HT1: She always abandoned me and the children. That's why I got the children, because she ran on us. You know that?",,,,,,,,,,0,0
"00495 PN1: Mhm,hmm.",,,,,,,,,,0,0
00496 HT1: How do you think I got the children?,,,,,,,,,,0,0
"00497 PN1: I- you know, they're your kids. I don't know. What, did she take off?",,,,,,,,,,0,0
"00498 HT1: Yah, she took off. She took off running around with these otherpeople just shoving these drugs. She's scared of me.",,,,,,,,,,0,0
00499 PN1: Why is she afraid of you?,,,,,,,,,,0,0
00500 HT1: Because she kept on saying that the people who sell drugs- we should be scared of them. She thinks we should be with them.,,,,,,,,,,0,0
"00501 PN1: Oh, is that right?",,,,,,,,,,0,0
00502 HTl: Yah. And I ain't trying to push no drugs.,,,,,,,,,,0,0
"00503 PN1: Uh, uh. What about your parents? You have some place you- out of town? Your parents?",,,,,,,,,,0,0
00504 HT1: Yah. (call waiting goes off),,,,,,,,,,0,0
00505 PN1: Hello?,,,,,,,,,,0,0
00506 HT1: Yah.,,,,,,,,,,0,0
"00507 PN1: Go ahead, I'm listening. What did you say?",,,,,,,,,,0,0
00508 HT1: You an out of town number?,,,,,,,,,,0,0
"00509 PN1: Well, not out of town- you're saying some place to go, how about going down there?",,,,,,,,,,0,0
00510 HT1: Yah. (call waiting goes off),,,,,,,,,,0,0
00511 PN1: Are you still with me?,,,,,,,,,,0,0
"00512 HT1: Wait a minute. That's somebody trying to call me- that might be my wife. Hold on a minute, you hear?",,,,,,,,,,0,0
00513 PN1: OK. (long pause),,,,,,,,,,0,0
00514 HT1: Officer <PN1>?,,,,,,,,,,0,0
00515 PN1: Yah.,,,,,,,,,,0,0
"00516 HT1: A friend of mine named <ON1>, right-",,,,,,,,,,0,0
"00517 PN1: Uh, huh.",,,,,,,,,,0,0
"00518 HT1: She wants to take the children, right?",,,,,,,,,,0,0
00519 PN1: <ON1>?,,,,,,,,,,0,0
00520 HT1: Yah.,,,,,,,,,,0,0
00521 PN1: Where is she?,,,,,,,,,,0,0
"00522 HT1: She's around the corner. You're outside, right?",,,,,,,,,,0,0
"00523 PN1: I'm, I'm down- down near Stanton Rd. talking to you.",,,,,,,,,,0,0
"00524 HT1:Yah, well she- she she lives right corner right?",,,,,,,,,,0,0
"00525 PN1: Mhm,hmm.",,,,,,,,,,0,0
"00526 HT1: Uh, she wants the children, right?",,,,,,,,,,0,0
"00527 PNl: Mhm, hmm.",,,,,,,,,,0,0
"00528 HT1: She wants me to give myself up and give her the children, right?",,,,,,,,,,0,0
00529 PN1: OK. What do you think about that?,,,,,,,,,,0,0
00530 HT1: I don't know but I don't know why my wife don't want me to be around.,,,,,,,,,,0,0
"00531 PN1: Well, maybe she doesn't know what's going on.",,,,,,,,,,0,0
"00532 HT1: She knows what's going on. (pause) The cops in the Seventh District got her, though.",,,,,,,,,,0,0
00533 PN1: Do they- they can't have her down the seventh district because-,,,,,,,,,,0,0
00534 HT1: You know what? Why don't you all break in that house?,,,,,,,,,,0,0
00535 PN1: In what house?,,,,,,,,,,0,0
00536 HT1: My house.,,,,,,,,,,0,0
00537 PN1: For what?,,,,,,,,,,0,0
00538 HTl: Because my wife is in there barricading herself in there.,,,,,,,,,,0,0
"00539 PN1: See, ah, you know, we can't just go ahead and knock somebody's door down.",,,,,,,,,,0,0
00540 HTl: But you gotta get my wife.,,,,,,,,,,0,0
"00541 PNl: Yah, well, I, I'll- I'll - the detectives are looking for her. 7D detectives are looking for her, OK?",,,,,,,,,,0,0
00542 HT1: Yah.,,,,,,,,,,0,0
00543 PN1: What- what do you think of <ON1>'s idea?,,,,,,,,,,0,0
"00544 HT1: It sounds good, right?",,,,,,,,,,0,0
"00545 PN1: Yah, I think it does. Why don't you just come on out?",,,1,,,,,,give up,1,1
00546 HT1: I'd rather go ahead-,,,,,,,,,,0,0
"00547 PN1: Listen. Just let me ask you a question? Do you hear- do you hear any noise in the house? Ah, is everything fine enough?",,,,,,,,,,0,0
"00548 HT1: Yah, I hear somebody banging on the roof and stuff.",,,,,,,,,,0,0
00549 PN1: The kids upstairs OK?,,,,,,,,,,0,0
00550 HT1: Huh?,,,,,,,,,,0,0
"00551 PNl: The kids upstairs, are they in the hallway. And they are going to take the kids out of the building from upstairs.",,,,,,,,,,0,0
"00552 HT1: Yah, but you gotta keep them on the roof and stuff.",,,,,,,,,,0,0
00553 PN1: They're all around you. I'm not gonna lie to you.,1,,,,,,,,trust,1,0
00554 HT1: OH MAN!,,,,,,,,,,0,0
00555 PN1: OK?,,,,,,,,,,0,0
00556 HT1: Yah.,,,,,,,,,,0,0
"00557 PNl: What I'm saying, I ah, you know, uh, like I said nobody's going to knock your door down, trying to be as quiet as possible, but you know we're looking out for the safety of everybody in the building, and we're gonna take the, take those kids out that's upstairs banging around up there. We're gonna take them out of there.",1,,,,,,,,reason,1,0
00558 HT1: Well call that number and try get in touch with my wife. ,,,,,,,,,,0,0
"00559 PNl: OK, <num> that one?",,,,,,,,,,0,0
00560 HT1: Yah.,,,,,,,,,,0,0
"00561 PNl: OK, OK, you gonna hold, I'll, I'll call you back, OK",,,,,,,,,,0,0
00562 HT1: Alright.,,,,,,,,,,0,0
00563 PNl: I'll see if I can get her on the phone. ,,,,,,,,,,0,0
00564 HT1: Alright.,,,,,,,,,,0,0
"00565 PNl: OK, right.  (hang-up)",,,,,,,,,,0,0
00566 HT1: Yes.,,,,,,,,,,0,0
"00567 PNl: Hey Mr. <HT1>, this is Officer <PN1> again. ",,,,,,,,,,0,0
00568 HT1: Yes.,,,,,,,,,,0,0
"00569 PNl: I called that number <num>, OK? ",,,,,,,,,,0,0
00570 HT1: Yes.,,,,,,,,,,0,0
00571 PNl: There's no answer there. ,,,,,,,,,,0,0
00572 HT1: No answer?,,,,,,,,,,0,0
00573 PNl: No.,,,,,,,,,,0,0
00574 HT1: (heavy sigh),,,,,,,,,,0,0
"00575 PNl: OK, do you have <ON1>'s phone number. <ON1>'s phone number?",,,,,,,,,,0,0
00576 HT1: She's comin' around to try to see you.,,,,,,,,,,0,0
00577 PN1: She's comin' around to try and see me.,,,,,,,,,,0,0
"00578 HT1: Yah, all you have to do is ask who <ON1> is.",,,,,,,,,,0,0
00579 PN1: OK.,,,,,,,,,,0,0
"00580 HT1: Hey, Officer <PN1>?",,,,,,,,,,0,0
"00581 PN1: Yah, I'm listening.",,,,,,,,,,0,0
00582 HT1: Do you want me to stand in front of the balcony?,,,,,,,,,,0,0
00583 PN1: Do you want to come out on the balcony?,,,,,,,,,,0,0
00584 HT1: Yah.,,,,,,,,,,0,0
"00585 PN1: OK, uh.",,,,,,,,,,0,0
"00586 HT1: That way you can get <ON1>, right?",,,,,,,,,,0,0
"00587 PNl: OK, I'll, I'll look. I'll come out from where I am and see if I can see you from the balcony.",,,,,,,,,,0,0
00588 HT1: Alright.,,,,,,,,,,0,0
"00589 PN1: Where are you in reference to, uh, <road name> and <other road name>, are you at the top of the hill.",,,,,,,,,,0,0
"00590 HT1: Man, I don't know nottin' about these streets or nothin'.",,,,,,,,,,0,0
"00591 PN1: OK, you come out on the balcony till you, to, to uh, but I want you to hold up, uh, I don't want you to go out on the balcony until I tell you it's OK. OK. Because I don't want you getting hurt out there, OK? I'm gonna let those guys that's out on the street know that you're going out on the balcony. OK. You understand what I'm saying?",1,,,,,,,,reason,1,0
00592 HT1: Yah.,,,,,,,,,,0,0
"00593 PN1: Now, I don't want you to move yet, I'll, I'll let you know. OK. When to go out on the balcony so nobody shoots at you or anything, I want to be safe. OK.",1,,,,,,,,reason,1,0
00594 HT1: Right.,,,,,,,,,,0,0
00595 PN1: Then I'll come out and try to meet <ON1>.,,,,,,,,,,0,0
00596 HT1: Right.,,,,,,,,,,0,0
00597 PN1: OK.,,,,,,,,,,0,0
00598 HT1: Right.,,,,,,,,,,0,0
"00599 PN1: So I want you to stay where, until I let you know to go out. Just hold on the phone. Don't make no moves. Stay where you are, OK?",,,,,,,,,,0,0
00600 HT1: OK. (pause),,,,,,,,,,0,0
00601 PN1: Mr. <HT1>?,,,,,,,,,,0,0
00602 HTI: Yah.,,,,,,,,,,0,0
"00603 PNI: What about that gun, What are we gonna do about that brother?",,,,,1,,,,brother,1,1
00604 HT1: Oh man- I don't know what-,,,,,,,,,,0,0
"00605 PNI: OK, I want you to leave it inside, OK? I, if you want- if you wanna throw it down off the balcony fine, OK? But if you want to leave it in the house, that's fine. I would appreciate it, you know, you gotta trust me try to throw that thing off the balcony. But I don't want you to do anything yet. I want you to sit where you are until it's safe, OK? Til I know that nobody will take, these guys are all ready- that know you are coming out, OK? Is this, now, let me ask you a question.",1,,,,,,,,trust,1,0
00606 HTI: What?,,,,,,,,,,0,0
"00607 PN1: Your balcony, does it face the street, or does it face the parking lot?",,,,,,,,,,0,0
00608 HT1: It faces the street.,,,,,,,,,,0,0
00609 PNI: It faces <other road name>.,,,,,,,,,,0,0
00610 HT1: Yah.,,,,,,,,,,0,0
"00611 PN1: OK, it faces <other road name>.",,,,,,,,,,0,0
"00612 HT1: I tell you what, why don't you all get my wife?",,,,,,,,,,0,0
"00613 PN1: OK, um, I tried to, they're working on it now. That's why I asked for <ON1>'s phone number to see if she knew where she, she could be reached. (pause)",,,,,,,,,,0,0
"00614 HT1: Alright, well look.",,,,,,,,,,0,0
"00615 PN1: OK, hold on a second.",,,,,,,,,,0,0
"00616 HT1: You can call me back, hear?",,,,,,,,,,0,0
00617 PN1: Huh?,,,,,,,,,,0,0
00618 HTl: Call me back.,,,,,,,,,,0,0
"00615 PNI: OK, alright. They're gonna let me know. (to someone else) Find out if the streets are OK that he can walk out on that balcony. (back to Mr. <HT1>) I don't wanna hang-up on you now because I want you to make sure that (call waiting goes off) Hello? Hello? ",,,,,,,,,,0,0
00620 HT1: Hold on. (long pause),,,,,,,,,,0,0
00621 PN1: Mr. <HT1> are you with me again?,,,,,,,,,,0,0
00622 HTl: Yah.,,,,,,,,,,0,0
"00623 PNI: Ok. <ON1> just come up to a policeman, OK? They're gonna bring her down here to me, OK?",,,,,,,,,,0,0
00624 HT1: Right.,,,,,,,,,,0,0
"00625 PNI: OK, and then I'll let you talk to her.",,,,,,,,,,0,0
00626 HT1:But I want my wife.,,,,,,,,,,0,0
"00627 PN1:Yah, I know you want your wife, and I'm gonna try and see if we can get a phone number from <ON1> to find out where your wife is.",,,,,,,,,,0,0
00628 HT1: Yah.,,,,,,,,,,0,0
00629 PN1: You understand what I'm saying?,,,,,,,,,,0,0
00630 HT1: Yah.,,,,,,,,,,0,0
"00631 PNI: OK. I want you to stay inside. I don't want you to go outside, OK?",,,,,,,,,,0,0
00632 HT1: Alright.,,,,,,,,,,0,0
00633 PN1: I don't want you to go on the balcony or anything. I want you to stay inside until you hear from me.,,,,,,,,,,0,0
00634 HTl: Alright.,,,,,,,,,,0,0
00635 PNl: OK?,,,,,,,,,,0,0
00636 HT1: Alright.,,,,,,,,,,0,0
00637 PNl:Alright. (both hang-up),,,,,,,,,,0,0
00638 HT1: Yes.,,,,,,,,,,0,0
"00639 PN1: Mr. <HT1>, this is Officer <PN1> again.",,,,,,,,,,0,0
00640 HT1: Yah.,,,,,,,,,,0,0
"00641 PNI: I'm gonna let you talk to <ON1>, OK? She's here right now. She's sitting right here with me, alright?",,,,,,,,,,0,0
00642 HT1: Yah.,,,,,,,,,,0,0
"00643 PN1: Alright? Yah, hold on.",,,,,,,,,,0,0
00644 ON1: <HT1>?,,,,,,,,,,0,0
00645 HT1: Yah.,,,,,,,,,,0,0
"00646 ON1: I'm here with the officers, OK?",,,,,,,,,,0,0
00647 HT1: Yah.,,,,,,,,,,0,0
"00648 ON1: OK, we're gonna do what they, we should do, right?",,,,,,,,,,0,0
"00649 HT1: But, <ON1>-",,,,,,,,,,0,0
"00650 ON1: It's no but anything, <HT1>. It's no but anything. It's not worth it, I'm with you all the way. It's nothing they gonna do. Ain't nobody gonna shoot you, Throw the gun off the balcony-",1,,2,,,,,,other: IP; commitment: throw the gun off,1,1
00651 HT1: (starts to cry),,,,,,,,,,0,0
"00652 ON1: What you crying for <HT1>? I'm with you. There's nobody with you- you can depend on <ON1>, now why you wanna hurt me?",1,,,,,,,,IP,1,0
"00653 HT1: I'm not gonna hurt you but I- <Wife First Name> gotta substantiate my, my,my story. You have to find, find <Wife First Name>.",,,,,,,,,,0,0
"00654 ON1: OK, they're getting <Wife First Name>. <Wife First Name> will be at the precinct when you get there and also with me. Right now, she's too terrified because you have the kids.",1,,,,,,,,reason why wife isn’t there,1,0
00655 HT1: I want her here. Why won't they bring her?,,,,,,,,,,0,0
"00656 ON1: <HT1>, she's upset, she's terrified, <HT1>. Didn't we talk it over. Now your changing your mind?",1,,,2,,,,,other: reason; consistency: don’t change your mind now,1,1
00657 HTl: Did she tell you the truth about what them cops did to me?,,,,,,,,,,0,0
"00658 ONl: I don't know, baby.",,,,,,,,,,0,0
00659 HT1: Officer <PN1> there?,,,,,,,,,,0,0
00660 ON1: I don't know.,,,,,,,,,,0,0
00661 HT1: Officer <PN1>.,,,,,,,,,,0,0
00662 ON1: <HT1>.,,,,,,,,,,0,0
00663 HT1: Call Officer <PN1>.,,,,,,,,,,0,0
00664 ON1: Huh?,,,,,,,,,,0,0
00665 HT1: Officer <PN1>?,,,,,,,,,,0,0
00666 ON1: <HT1>.,,,,,,,,,,0,0
00667 HT1: What?,,,,,,,,,,0,0
"00668 ON1:  This is <ON1>. <HT1>? You want your children to grow up and see things like this- these things happen? You got people, police all over the place, for nothing, <HT1>.",1,,,,,,,,reason,1,0
00669 HT1: What you mean for nothing?,,,,,,,,,,0,0
00670 ON1: <HT1>-,,,,,,,,,,0,0
"00671 HT1: Everybody's sticking with me, right? All I did was try and get out of this dumb stuff, and I keep trying to tell them but nobody believe me.",,,,,,,,,,0,0
"00672 ON1: I believe you <HT1>! That's why I am here to help you. I believe you. I believe you. If anything, anything that you need, I'm with you. I told you that before I left the house. You see I went down to the police, I'm here to talk to you. I'm right in front of the president Officer <PN1>, it's almost 3:00, you said it would be over,- let's work with it. Get it over with.",2,,1,,,,,,other: IP; commitment: get it over with,1,1
00673 HT1: <ON1>?,,,,,,,,,,0,0
"00674 ON1: I be-, I be in a police car right behind the police that's gonna escort you to the precinct.",,,,,,,,,,0,0
"00676 HT1: <ON1>, you know what? Officer Lindsay, right-? ",,,,,,,,,,0,0
"00676 ON1: Uh, uh.",,,,,,,,,,0,0
"00677 HT1: <Wife First Name> said he pulled a gun out, right? ",,,,,,,,,,0,0
"00678 ON1: Mhm, hmm.",,,,,,,,,,0,0
"00679 HT1: And he told me to work woth him, right?",,,,,,,,,,0,0
"00680 ON1: Mhm, hmm.",,,,,,,,,,0,0
"00681 HT1: For me to telling on some people, right?",,,,,,,,,,0,0
"00682 ONl: Mhm, hmm",,,,,,,,,,0,0
"00683 HT1: But I tried to tell <Wife First Name>, she should have told me about that guy, right?",,,,,,,,,,0,0
"00684 ON1: Wait a minute, wait a minute. You tell the police that when we get there. He's gonna meet us at <other road name>.. He's gonna take me to <other road name> Place. Then Officer <PN1> is gonna go to <other road name> Place.",,,,,,,,,,0,0
00685 HT1: Why can't talk to (...?...) <Wife First Name>. ,,,,,,,,,,0,0
"00685 ON1: I, uh, she's coming man.",,,,,,,,,,0,0
00686 HT1: Bring <Wife First Name> and I'll come out.,,,1,,,,,,bring me my wife and I'll come out,1,1
00687 ON1: Is it gonna be like- Are you gonna take it the hard way? I'm trying to take it the easy way.,1,,,,,,,,reason,1,0
00688 HT1: That's the hard way- to bring <Wife First Name>?,,,,,,,,,,0,0
00689 ON1: Yes.,,,,,,,,,,0,0
00690 HT1: Why?,,,,,,,,,,0,0
00691 ONI: Because she's nowhere to be found. We cannot find her.,,,,,,,,,,0,0
00692 HT1: You just said they had her.,,,,,,,,,,0,0
"00693 ON1: We cannot find her <HT1>. What'll you do for <ON1>. <ON1> is with you, <HT1>. <Wife First Name>'s not here, I'm here. What's you gonna do, baby? We talked about it last week.",,,,,,,,,,0,0
"00694 HT1: You said she would testify, right?",,,,,,,,,,0,0
00695 ON1: We talked about it last week.,,,,,,,,,,0,0
"00696 HT1: Why you telling me that story for, <ON1>?",,,,,,,,,,0,0
00697 ON1: We talked about it last week.,,,,,,,,,,0,0
"00698 HT1: I'm just saying, if she hadn't told me a story",,,,,,,,,,0,0
"00699 ON1: She probably is upset, <HT1>, because the fact the kids is there, man.",,,,,,,,,,0,0
00700 HT1: All I'm trying to tell you is why did she- why you all- she tell so many different stories.,,,,,,,,,,0,0
"00701 ON1: It's not a story, <HT1>. What I'm saying is, she is nowhere to be found right now. Now, she probably knows this thing is going on and she's probably, know, you know, too upset to come, or frightened like you are.",1,,,,,,,,reason,1,0
"00702 HT1: They know where she at, why don't they go get her?",,,,,,,,,,0,0
00703 ON1: Look...,,,,,,,,,,0,0
00704 HT1: What?,,,,,,,,,,0,0
00705 ONl: Are you coming?,,,,,,,,,,0,0
00706 HT1: Bring <Wife First Name>.,,,,,,,,,,0,0
"00707 ON1: Oh, oh, it's bring <Wife First Name> now, right?",,,,,,,,,,0,0
00708 HT1: Yah.,,,,,,,,,,0,0
00709 ON1: I came over on my door,,,,,,,,,,0,0
00710 HTI: (?),,,,,,,,,,0,0
00711 ON1: Had the police bring me down here to Officer <PN1> as you asked me to-,,,,,,,,,,0,0
00712 HTl: <ON1>-,,,,,,,,,,0,0
"00713 ON1: Now Officer <PN1> getting ready to bring me to you to do as you-as we planned to do- to drop the gun off the balcony, let the kids out the door, and you come on out. And I'm coming to the precinct with you. Wherever <Wife First Name>, your Momma, and <Male Name>, and everyone else is at.",1,,2,,,,,,other: IP; commitment: give up,1,1
00714 HTl: (sobbing out loud),,,,,,,,,,0,0
00715 ON1:  I'm going with you. I got money. I'm going with you. Now whatcha gonna do.,1,,,,,,,,IP,1,0
00716 HT1:  <ON1>- Where am I gonna stay when I get out?,,,,,,,,,,0,0
"00717 ON1:  With me, with me.",,,,,,,,,,0,0
"00718 HT1:  <ON1>, somebody's got to help me <ON1>.",,,,,,,,,,0,0
"00719 ON1:  I'm helping you <HT1>. I'm helping you. I love you. I love you.  <ON1> loves you, <HT1>.",1,,,,2,,,,other: IP; liking: love,1,1
"00720 HT1:  <ON1>, I tried to tell you I wasn't like that.",,,,,,,,,,0,0
"00721 ON1:  I know you're not like this <HT1>. What are you gonna do? We (rented) the programs before 3:00 before the kids come out. We don't want the kids get hurt, you know, be frightened and stuff. Stand around showing a big thing for nothing, and it's not even worth it. Let's go on with that program, <HT1>. Now, I'm with you. Officer <PN1> is going to bring me to you. Will you please do that for me.",2,,1,,,,,,"other: IP, reason; commitment: surrender",1,1
00722 HT1: I do it. I do it. (crying),,,,,,,,,,0,0
00723 ON1: Please do it for me.,1,,2,,,,,,other: IP; commitment: give up,1,1
00724 HT1: I don't wanna go in jail. They gonna get me <ON1>. They gonna get me.,,,,,,,,,,0,0
00725 ON1: I got money. I got money to pay your way out of there.,1,,,,,,,,reason,1,0
00726 HTl: They gonna put me in there forever.,,,,,,,,,,0,0
"00727 ON1: I get you back, baby.",,,,,,,,,,0,0
00728 HT1: <ON1>-,,,,,,,,,,0,0
"00729 ON1: <HT1>, please come on, <HT1>. It's not worth it, <HT1>.",1,,2,,,,,,"other: reason, IP; commitment: surrender",1,1
"00730 HT1: They're gonna get me in there, <ON1>. And I'm telling you the truth, <ON1>, I'm- they're gonna get me. <ON1>-",,,,,,,,,,0,0
"00731 ON1: OK, listen to this. Listen to this.",,,,,,,,,,0,0
00732 HT1: Yah.,,,,,,,,,,0,0
"00733 ON1: How would you feel if you lost your son and you had guests coming home and they can't get you this (lady) house? You know they just lost a son down the street, two apartments down from. How do you think she feels? She's gonna be terrified. I'm upset. I'm so upset I can't even cry.",1,,,,,,,,"reason, sympathy, IP",1,0
"00734 HT1: But, I don't und- I didn't mean to (...'?...).",,,,,,,,,,0,0
"00735 ON1: I know it, <HT1>. So you ready? I'm on my way, you ready! ",1,,2,,,,,,other: IP; commitment: surrender,1,1
00736 HT1: Why she keep messin' with everybody?,,,,,,,,,,0,0
00737 ON1: Are you ready with me?,1,,2,,,,,,other: IP; commitment: surrender,1,1
00738 HT1: I just do the wrong things all of the time ,,,,,,,,,,0,0
00739 ON1: Are you ready?,1,,2,,,,,,other: IP; commitment: surrender,1,1
00740 HT1: Tell them they better stop messing with these things.,,,,,,,,,,0,0
"00741 ON1: OK, are you ready to go along with our program? ",1,,2,,,,,,other: IP; commitment: surrender,1,1
00742 HT1: <ON1>-,,,,,,,,,,0,0
00743 ON1: Sgt. <PN1>'s coming.,,,,,,,,,,0,0
"00744 HT1: Bring <Wife First Name>, you hear? Can you do that for me?",,,1,,,,,,bring me my wife first,1,1
"00745 ON1: I can't find her, <HT1>.",,,,,,,,,,0,0
00746 HT1: Where- put Officer <PN1> on.,,,,,,,,,,0,0
00747 ON1: Yes.,,,,,,,,,,0,0
00748 HT1: Put Officer <PN1> on.,,,,,,,,,,0,0
"00749 ON1: OK, wait a minute. (pause) He wanna talk to you, OK? (pause)",,,,,,,,,,0,0
"00750 PN1: Hello, <HT1>?",,,,,,,,,,0,0
00751 HT1: Yah.,,,,,,,,,,0,0
00752 PN1: This is <PN1>.,,,,,,,,,,0,0
00753 HT1: Where's my wife?,,,,,,,,,,0,0
"00754 PN1: I told you, uh-, I, I'm only calling the numbers you're giving me, OK? Why the number you gave me, <num>, which is <Friend's Name>'s?",,,,,,,,,,0,0
00755 HT1: She's the one who called the cops and made everybody come here.,,,,,,,,,,0,0
00756 PN1: I don't know who called the cops.,,,,,,,,,,0,0
"00757 HT1: I'm telling you, it's the chief deputy, ah, ah, ah..",,,,,,,,,,0,0
00758 PNl: Yah.,,,,,,,,,,0,0
00759 HT1: He said my wife called.,,,,,,,,,,0,0
"00760 PN1: That he-, he called. Did he tell you that?",,,,,,,,,,0,0
00761 HT1: Yah.,,,,,,,,,,0,0
"00762 PNl:W ell, I don't, know, you know?",,,,,,,,,,0,0
00763 HT1: Then how come you can't find my wife?,,,,,,,,,,0,0
"00764 PN1:I have no idea- I'm being, you know, I'm being straight with you, I don't know. I sent- I sent a car to your house on <address>, there was nobody there. I called <Friend's Name>'s house, there's nobody at that number. <ON1> called and talked to you, says says she wants to get you out, with the kids, right? She's sitting here, she's sitting here with me, right next to me, OK? She said you- you want to come out and make everything go down nice and easy and try and get you a new start, right? <Sgt's Last Name> is supposed to be on the way from court, he's gonna meet us at 7D, OK? When they find-, when they find your wife, I'll them bring her to 7D. But, I-right now I don't know where your wife is. (pause).",,,1,,,,,,"if you surrender, I will have your wife brought down to 7th district",1,1
"00765 HT1: She should have( ...'?...) ger, right?",,,,,,,,,,0,0
00766 PN1: Excuse me?,,,,,,,,,,0,0
"00767 HT1: Should have (?), I wanna know why they can't find her.",,,,,,,,,,0,0
"00768 PN1: I have no idea, you know. They're looking, that's all I can tell ya. I don't know where she is. You told me yourself that she runs around all the time. You know, she might not be home now, but she'll come back. She's gonna-, she's gonna come back there. And I'll just, they'll just have a guy out in front of the house waiting for her to come back, if she comes back there.",,,,,,,,,,0,0
00769 HT1: Yah.,,,,,,,,,,0,0
00770 PNl: OK?,,,,,,,,,,0,0
"00771 HT1: Uh,huh.",,,,,,,,,,0,0
"00772 PN1: So, what do you think? What are we gonna do? Let's get on with the- the program, like <ON1> says, OK?",,,1,,,,,,surrender,1,1
"00773 HT1: Well, I want to know where my wife's at.",,,,,,,,,,0,0
"00774 PNI: Yah, but I don't, you know, you know, like <ON1> says, there's alot of kids gonna be coming out of that school.",1,,,,,,,,reason,1,0
00775 HT1: We can't wait for my wife?,,,,,,,,,,0,0
"00776 PN1: Yah-, we can just sit and wait and wait and wait. I don't know when she'll be home though. (pause) You know, the longer you wait, the longer it's gonna, you know, take to get you down to court. You wanna go to court today, right?",1,,,,,,,,reason,1,0
00777 HT1: Huh?,,,,,,,,,,0,0
"00778 PNI: You're gonna have to go to 7th District today, OK?",,,,,,,,,,0,0
00779 HT1: Yah.,,,,,,,,,,0,0
"00780 PNI: That's your best shot today. The longer you- we can sit and wait, if you wanna sit and wait and wait and wait and wait...",1,,,,,,,,reason,1,0
"00781 HT1: Yah, I wanna wait for my wife.",,,,,,,,,,0,0
"00782 PNl: Yah, but ah, ah, ah, I don't know how long it's gonna be.",,,,,,,,,,0,0
00783 HT1: I don't either.,,,,,,,,,,0,0
"00784 PNI: Now, you say you're at your cousin's house, right?",,,,,,,,,,0,0
00785 HT1: Yah.,,,,,,,,,,0,0
"00786 PN1: Where is he, do you know?",,,,,,,,,,0,0
00787 HT1: I don't know where my cousin's at. He don't have anything to do with nothing.,,,,,,,,,,0,0
"00788 PN1: Yah, I know.",,,,,,,,,,0,0
"00789 HT1: I pushed him out of the house, I told him to get out.",,,,,,,,,,0,0
00790 PNl: You pushed him out of his house?,,,,,,,,,,0,0
"00791 HT1: No. I-, I just told him to go ahead because I didn't want him to get involved.",,,,,,,,,,0,0
"00792 PNI: Yah, OK. Maybe he called?",,,,,,,,,,0,0
00793 HT1: Huh?,,,,,,,,,,0,0
00794 PN1: Maybe he called <name>?,,,,,,,,,,0,0
00795 HT1: Who called <name>?,,,,,,,,,,0,0
00796 PN1: Your cousin.,,,,,,,,,,0,0
00797 HT1: Did he?,,,,,,,,,,0,0
"00798 PN1: Maybe, I'm not saying, you know, maybe he did.",,,,,,,,,,0,0
00799 HT1: No. My wife did.,,,,,,,,,,0,0
"00800 PNl: Yah, I don't know who called, OK? They just called us on the phone and we just came, that's all.",,,,,,,,,,0,0
00801 HTI: Where is she?,,,,,,,,,,0,0
00802 PNl: I have no idea where she is.,,,,,,,,,,0,0
00803 HTI: What would happen to my children if I came out now?,,,,,,,,,,0,0
00804 PNl: What's gonna happen to your children if you come out right now?,,,,,,,,,,0,0
00805 HT1: Yah.,,,,,,,,,,0,0
00806 PN1: I'll give them to <ON1>.,,,,,,,,,,0,0
00807 HTI: Oh man.,,,,,,,,,,0,0
00808 PN1: And she'll take care of them.,,,,,,,,,,0,0
00809 HT1: Oh boy. (pause),,,,,,,,,,0,0
"00810 PN1: Well, you trust <ON1>.",,,,,,,,,,0,0
00811 HTI: Yah. I trust <ON1>.,,,,,,,,,,0,0
"00812 PN1: That's what I'm saying, you know, you don't want- you said (call waiting goes off) Hello?",,,,,,,,,,0,0
00813 HTI: Yah.,,,,,,,,,,0,0
"00814 PN1: You said you didn't want your wife to get ahold of your kids right, right now.",,,,,,,,,,0,0
00815 HTI: Where is she?,,,,,,,,,,0,0
"00816 PN1: Well, <ON1> will take care of your kids until you and your wife make a decision on what you wannna do.",1,,,,,,,,reason,1,0
"00817 HT1: But, Officer <PN1>",,,,,,,,,,0,0
00818 PN1: Yah.,,,,,,,,,,0,0
"00819 HTI: If you were in the same situation, what can I do man?",,,,,,,,,,0,0
"00820 PNl: Well, I, you know, you're asking me for advice, I'm gonna ask you to come out. I'm trying to get yourself all straight. Right now you're in a situation you can't start getting yourself straight until you come out. (pause) Like I said, there other places than Washington to live. You can always go some place else. You don't have to stay in a city worrying about your back all the time.",1,,,,,,,,reason,1,0
"00821 HT1: Yah, but they got me screwed-up now, don't they?",,,,,,,,,,0,0
"00822 PNl: That's what I'm saying, yah.",,,,,,,,,,0,0
"00823 HT1: Like I'm a (...?...). The thing is, I just tried to tell 'em. Oh man, (call waiting goes off) That's my line.",,,,,,,,,,0,0
"00824 PN1: Uh, it might be, yah.",,,,,,,,,,0,0
00825 HT1: Hold on a minute.,,,,,,,,,,0,0
00826 PNl: OK.  (pause),,,,,,,,,,0,0
00827 HT1: Yes.,,,,,,,,,,0,0
"00828 PNl: Yah, who was that?",,,,,,,,,,0,0
00829 HT1: Somebody calling for my cousin.,,,,,,,,,,0,0
"00830 PNl: Oh, OK. Somebody's calling for your cousin?",,,,,,,,,,0,0
"00831 HT1: Yah. (to the kids) Come over here. Come over here,baby. Come here, baby. Don't you want me? ",,,,,,,,,,0,0
00831.1  CHILD: No.,,,,,,,,,,0,0
00832 HT1: Huh.,,,,,,,,,,0,0
00832.1  CHILD: No.,,,,,,,,,,0,0
00833 HT1: Don't you love me? (child asks something),,,,,,,,,,0,0
"00834 HT1: Don't you say that, you hear?",,,,,,,,,,0,0
00835 PN1: OK?,,,,,,,,,,0,0
00836 HT1: Huh.,,,,,,,,,,0,0
"00837 PN1: What are we gonna do? Come on, are we gonna go on with your's and <ON1>'s program?",,,,,,,,,,0,0
00838 HT1: I want my wife.,,,,,,,,,,0,0
"00839 PNl: Yah. I understand that. Well, you know, I could get you down to 7D, and if she's down there she can meet you down there. (pause) If she's down there already.",,,,,,,,,,0,0
00840 HT1: I think she ain't gonna tell the truth though.,,,,,,,,,,0,0
"00841 PNl: Well, you know, that's why we gotta, we gotta get together with her and you and work everything out. But, right now, the situation we are in, we can't work anything out. You understand what I'm saying? (pause)",,,,,,,,,,0,0
00842 HT1: Well how come my wife ain't coming?,,,,,,,,,,0,0
"00843 PN1: I, I, I, right now, I can't tell you where your wife is. I don't know.",,,,,,,,,,0,0
00844 HT1:(to the kids) Gotta go to the bathroom? Then go. Huh? Oh boy.,,,,,,,,,,0,0
"00845 PNl:Ok, I tell you what, why don't you go to the balcony, throw the gun  off, pick the kids up, walk out of the house with the kids, and we'll take you and <ON1> and the kids down to the 7th District, How's that?",,,1,,,,,,surrender,1,1
00846 HT1: Yah.,,,,,,,,,,0,0
00847 PN1: How's that?,,,,,,,,,,0,0
"00848 HT1: Oh man, oh man.",,,,,,,,,,0,0
"00849 PN1: I'll, I'll get in the car with <ON1> and I'll stop at <road>. and <other road> yell up to you, you walk out on the balcony, throw the gun off, turn around, go back in the house, pick up the kids and come down the stairs.",,,1,,,,,,surrender,1,1
00850 HT1: Whew-,,,,,,,,,,0,0
"00851 PN1: That's your best shot, right now, OK? That's, that's gonna be a step in the right direction. Alright?",1,,,,,,,,reason,1,0
"00852 HT1: I'm in trouble with this gun too, right?",,,,,,,,,,0,0
"00853 PN1: Nope. But forget about that right now. OK, forget about that right now. First of all we want to get you straightened out. Understand what I'm saying?",,,,,,,,,,0,0
00854 HT1: Yah.,,,,,,,,,,0,0
00855 PN1: OK? (pause),,,,,,,,,,0,0
"00856 HT1: Oh man, oh man.",,,,,,,,,,0,0
"00857 PNl: OK, What do you say Mr. <HT1>? Should we bring <ON1> up there? (long pause).",,,,,,,,,,0,0
00858 HT1: Oh man.,,,,,,,,,,0,0
"00859 PN1: Come on man, take the right step.",,,,,,,,,,0,0
00860 HT1: Can we wait a while and see if my wife comes there?,,,,,,,,,,0,0
"00861 PNl: Yah, but if she's down in the 7th District, she's not gonna come up here. Like, like <ON1> said, she's afraid right now.",1,,,,,,,,reason wife not coming,1,0
00862 HT1: She aint gonna tell the truth.,,,,,,,,,,0,0
"00863 PN1: Well if we can get <ON1>, <ON1>'s gonna be there, if your wife is down there, probably <News Reporter's Name> might be down there by the time we get there, OK? You can tell him your story at 7D too. How's that?",,,1,,,,,,come down to 7D,1,1
00864 HT1: Oh man.,,,,,,,,,,0,0
"00866 PNl: You know, we've been rapping a while, and I, I hope you can trust me like you know I'm, I'm not giving you any, um, bad scoop, I'm telling you what's going on, right?",1,,,,,,,,trust,1,0
00866 HT1: Yah,,,,,,,,,,0,0
"00867 PN1: Well, like you said before, you think I was, I've been pretty straight with you, OK?",1,,,2,,,,,other: trust; consistency: you said before that you trust me,1,1
"00868 HT1: Yah, you've been straight with me.",,,,,,,,,,0,0
"00869 PN1: OK. (pause) OK. Sgt. <Last Name> is still responding over here, OK?  And we can have him meet us at 7D also. (pause) OK, Mr. <HT1>?",,,,,,,,,,0,0
00870 HT1: Yah.,,,,,,,,,,0,0
"00871 PNI: OK, I just heard over the radio, they still haven't found your wife. OK?",,,,,,,,,,0,0
00872 HTl: Yah.,,,,,,,,,,0,0
"00873 PN1: They still, they gotta a guy right out in front of the house waiting for her to come home amd they don't know they're gonna, where else to look. (pause)",,,,,,,,,,0,0
"00874 HT1: Well, I, I definitely want to look for her.",,,,,,,,,,0,0
00875 PN1: Ok. Hold on a second.,,,,,,,,,,0,0
00876 HT1: OK.,,,,,,,,,,0,0
00877 ONl: <HT1>?,,,,,,,,,,0,0
00878 HT1: Huh?,,,,,,,,,,0,0
"00879 ON1: Um, who we gone to get this straightened out.",,,,,,,,,,0,0
00880 HT1: <ON1>.,,,,,,,,,,0,0
"00881 ON1: OK, we can't do nothing with you in the house, man. Let's get it while it's daybreak, where everybody all the business offices are open. Whoever you gotta contact. They gonna get it straightened out and get yourself discharge. As long as you stay in there, you wait any longer, you won't be able to get contact with nobody.  What more do you need. You can't find your wife, <HT1>. I'm with you. You asked me to do this, I did it for you. All those (?) come to my house, put, took my son to my mother's house, and come to help you. I'm with you. So let's come on, it's not even worth it, baby. We can't find <Wife First Name>. Let's demolish her for right now. You asked my to do it, I did it. Now, you gonna do what we talked about? And let's go down to the 7th District to get it straightened out. I'm gonna be in the squad car with the police. I'm going all the way with you. I'm not gonna let you go. It can't be no worse than you probably think it is. And it's probably not what you think it is.",1,,,,,,,,reason,1,0
00882 HT1: (?),,,,,,,,,,0,0
00883 ON1: I'm doing this for you.,,,,,,,,,,0,0
00884 HT1: Why?,,,,,,,,,,0,0
"00885 ON1:Because I care for you, <HT1>.",1,,,,2,,,,other: IP: liking: care for you,1,1
"00886 HTl:Yah, (?) I'm not a bad person.",,,,,,,,,,0,0
"00887 ON1: I know it. I know, I be joking with ya when, when we talked about this last week.",,,,,,,,,,0,0
00888 HT1: Yah.,,,,,,,,,,0,0
"00889 ON1: I was just joking with you. You know, you know, I only try to get into family things. But, if I can help somebody, I've been in trouble before, I've been in jail before. I know how you feel but, as long as you put it on hold, you can't get nothing accomplished. Nothing. I've been to jail for nine months in jail. And you can't do nothing standing still.",1,,,,2,,,,other: IP; liking: similar life experiences,1,1
"00890 HT1: Oh man, oh man. I gotta go to jail.",,,,,,,,,,0,0
"00891 ON1: I'm going with you. And if you need money to get you out, I'm gonna pay for it. I got $200 in my pocket right now.",1,,,,,,,,reason,1,0
00892 HT1: That's about what I got.,,,,,,,,,,0,0
"00893 ON1: That's $400. We should spin the wheel. As long as you don't harm the children, no gun shots will be shot, everything is fine. Come on out, get it over with. So let's boogie.",1,,2,,,,,,"other: IP,; commitment: surrender",1,1
"00894 HT1: <ON1>, <ON1> I just don't want to (?).",,,,,,,,,,0,0
"00895 ON1: No we gonna, no <HT1>, we gonna take you to so we can get this thing straightened out, man. Come on man. Why's you going through all this. Your mother don't have to come all the way from Philly and for nothing. I'm with you. I got the money. You asked me to come down here. I want you and the two kids, along with me and Officer <PN1>. I'm going to the precinct with you. I'm going with you. And nobody said they was going with you but me. And I've done everything you've asked me to do. And I'm going with you. Right now.",1,,,,,,,,reason,1,0
00896 HT1: Yah.,,,,,,,,,,0,0
"00897 ONl: We ain't gonna take no more minutes. I'll be up there in exactly five minutes. No, no more than ten minutes. We gonna do it right now and get it over with. Come on.",1,,2,,,,,,"other: IP,; commitment: surrender",1,1
00898 HT1: Yah. ,,,,,,,,,,0,0
00899 ON1: OK? ,,,,,,,,,,0,0
00900 HT1: Yah. ,,,,,,,,,,0,0
00901 ON1: You'll throw the gun off the balcony? ,1,,2,,,,,,"other: IP,; commitment: throw the gun off the balcony",1,1
00902 HT1: Yah.,,,,,,,,,,0,0
"00903 ON1: OK, I'm with you. Alright? ",,,,,,,,,,0,0
00904 HT1: Yah.,,,,,,,,,,0,0
00905 ON1: Put your kids coats on right now while we're talking,,,,,,,,,,0,0
"00906 HT1: Oh man, I'm scared of these cops now.",,,,,,,,,,0,0
"00907 ON1: Put your coat on, put the kid's coat on, while I'm talking to ya. Go ahead.",,,,,,,,,,0,0
00908 HT1: Oh man.,,,,,,,,,,0,0
"00909 ON1: Get there coats and put them on. And I'm coming up there with Officer <PN1>. (pause) So come on, put their coats on.",,,,,,,,,,0,0
00910 HT1: Yah.,,,,,,,,,,0,0
"00911 ON1: Go ahead, <HT1>.",,,,,,,,,,0,0
"00912 HT1: Oh no, I don't wanna go to that place.",,,,,,,,,,0,0
00913 ON1: I'm going with ya.,,,,,,,,,,0,0
"00914 HT1: Oh baby, I don't wanna go to that place.",,,,,,,,,,0,0
"00915 ON1: I'm going with ya, I'm going with ya. If a woman can do it a man can do it too. I did it. You can do it. My mother stuck with me and I'm sticking with you. You asked me and I'm doing it. I'm asking you now, what you gonna do for me. Money? I got it. $200 cash money. I got it.",1,,,,,,,,reason; IP,1,0
"00916 HT1: But,",,,,,,,,,,0,0
00917 ON1: What?,,,,,,,,,,0,0
00918 HT1:(?) <Wife First Name> ain't gonna find me.,,,,,,,,,,0,0
"00919 ON1: When they find <Wife First Name> they're gonna bring her to the precinct. There's no ands, ifs about it, they're gonna bring her to the precinct.",,,,,,,,,,0,0
"00920 HT1: Hey <ON1>, you know what?",,,,,,,,,,0,0
"00921 ON1: What, <HT1>.",,,,,,,,,,0,0
"00922 HT1: Somebody, you know,",,,,,,,,,,0,0
"00923 ONl: <HT1>, <HT1>, can I ask you one question? I want you to be honest to <ON1>. Can I ask you one question?",,,,,,,,,,0,0
00924 HT1: Yah.,,,,,,,,,,0,0
"00925 ON1: How you feel about this whole thing, I mean, just tell me how you feel about it. Is it worth what you're doing?",,,,,,,,,,0,0
00926 HT1: Um.,,,,,,,,,,0,0
00927 ON1: Is it worth it to take the kids? Is it worth it to your mother.,1,,,,,,,,reason,1,0
"00928 HT1: NO, I'm just scared.",,,,,,,,,,0,0
"00929 ON1: Well, hey, let it go. Lock <name's> house up, put the kid's coat on-",,,,,,,,,,0,0
00930 HT1: I'm just scared.,,,,,,,,,,0,0
"00931 ON1: I'm coming. Scared of what? They ain't gonna do nothing to you more than you let them do to you. They're not doing nothing for you. They not going to to do anything to you. Just come on out. I'm going with you. Now come on! We, we wasted time. Now, we, everybody's gonna talk to you. Now, you, what you asked for, you got it. Now, what more do you want.",1,,2,,,,,,"other: IP, reason; commitment: surrender",1,1
00932 HT1: Yah.,,,,,,,,,,0,0
"00933 ON1: What more do you want? We're in somebody else's house holding up there phone. Come on <HT1>, let's get with it man. (pause) Let's get with it. What you gonna do?",1,,,,,,,,"other: IP, reason",1,0
00934 HTl: They're gonna give me a lot of time.,,,,,,,,,,0,0
"00935 ON1: They're not gonna give you nothing! They're not gonna give you nothing! They gonna take you down there and see, you know, what's the problem and see what, you know, where they can help you or something like that. You haven't killed nobody. You haven't robbed anybody-",1,,,,,2,,,other: IP; scarcity: situation is not that bad yet,1,1
00936 HT1: No.,,,,,,,,,,0,0
00937 ON1: You haven't stole anything.,1,,,,,2,,,other: IP; scarcity: situation is not that bad yet,1,1
00938 HT1: No.,,,,,,,,,,0,0
00939 ONI: You got the kids and yourself locked in with a gun. And all you have to do is throw out the gun and let's go to the precinct. And get yourself some help.,1,,2,,,,,,"other: IP, reason; commitment: surrender",1,1
00940 HT1: Yah.,,,,,,,,,,0,0
"00941 ON1: <HT1>, you got everybody out here helping you.",1,,,,2,,,,other: IP; liking: people are helping you,1,1
00942 HT1: Yah.,,,,,,,,,,0,0
00943 ON1: What more help do you need?,,,,,,,,,,0,0
00944 HT1: Yah.,,,,,,,,,,0,0
00945 ON1: Put the kid's coats on and come on.,,,,,,,,,,0,0
00946 HT1: Huh?,,,,,,,,,,0,0
"00947 ON1: Put the kid's coats on, I'll be up there in 15 minutes.",,,,,,,,,,0,0
00948 HT1: Yah.,,,,,,,,,,0,0
00949 ON1: Are you gonna do that for <ON1>?,,,,,,,,,,0,0
"00950 HT1: Yah, <ON1>.",,,,,,,,,,0,0
"00951 ON1:Because, if you don't do it for me, <HT1>, in fifteen minutes. I'm not gonna say I'm gonna give up on you, but I'm gonna be upset.",1,,,,,,,,other: disappoint an important person,1,0
00952 HT1: Yah.,,,,,,,,,,0,0
"00953 ONl: I'm gonna be, I'm gonna be hurt. I'm gonna be totally hurt.",1,,,,,,,,other: disappoint an important person,1,0
00954 HT1: Yah.,,,,,,,,,,0,0
"00955 ON1: I'm not gonna give up on you. I'm, gonna stand up to the grave. I'm gonna be a woman, can you be a man?",1,,,,,,,,IP,1,0
00956 HT1: I'm a man.,,,,,,,,,,0,0
"00957 ON1: OK, let's go with it. Officer <PN1> is gonna talk to you, tell you the procedures, and I'll be right by his side.",,,,,,,,,,0,0
00958 HT1: Yah.,,,,,,,,,,0,0
00959 ON1: OK?,,,,,,,,,,0,0
"00960 HT1: Uh, huh.",,,,,,,,,,0,0
"00961 ON1: Alright, put the kid's coat on, here's Officer <PN1>.",,,,,,,,,,0,0
00962 HT1: Yah.,,,,,,,,,,0,0
00963 PN1: OK. <HT1>?,,,,,,,,,,0,0
00964 HT1: Yah.,,,,,,,,,,0,0
"00965 PN1: OK, I'm gonna take <ON1> and put her in the scout car with me, OK?",,,,,,,,,,0,0
"00966 HTl: Uh, huh.",,,,,,,,,,0,0
"00967 PN1: I'm gonna come up <other road name>. and <other road name> Place. I'm gonna get out, I'm gonna take <ON1> on the side of-, where she's behind the (?) and I'm gonna yell out to you. OK?",,,,,,,,,,0,0
00968 HT1: Alright.,,,,,,,,,,0,0
"00969 PN1: When I yell out to you, then I want you to come out on the balcony and throw the gun off, OK?",,,,,,,,,,0,0
"00970 HT1: Uh, huh.",,,,,,,,,,0,0
00971 PN1: Then I want you to go back inside the house,,,,,,,,,,0,0
"00972 HT1: Uh, huh.",,,,,,,,,,0,0
00973 PNl: And come out with the kids.,,,,,,,,,,0,0
"00974 HT1: Uh, huh.",,,,,,,,,,0,0
00975 PN1: OK?,,,,,,,,,,0,0
00976 HT1: How long will it take about?,,,,,,,,,,0,0
"00977 PN1: It'll take me about-, by the time you get those kid's coats on, we'll be up there. OK?",,,,,,,,,,0,0
"00978 HT1: Alright, hold on here.",,,,,,,,,,0,0
"00979 PNl: OK, you get the kid's coats on, we're on the way up there now.",,,,,,,,,,0,0
00980 HT1: Alright.,,,,,,,,,,0,0
00981 PNl: OK?,,,,,,,,,,0,0
00982 HT1: Hold up. Hold up.,,,,,,,,,,0,0
"00983 PN1: Go ahead, I'm listening to ya.",,,,,,,,,,0,0
"00984 HT1: <ON1> ready? I'm telling ya, this is hard man.",,,,,,,,,,0,0
"00985 PN1: OK, I know. Listen to me. I'm gonna, I'm on the way up there right now, OK?",,,,,,,,,,0,0
00986 HT1: Officer <PN1>?,,,,,,,,,,0,0
"00987 PN1: Yah, me and <ON1>, OK?",,,,,,,,,,0,0
00988 HT1: Officer <PN1>?,,,,,,,,,,0,0
00989 PN1: Yah.,,,,,,,,,,0,0
00990 HT1: I'm a good guy though.,,,,,,,,,,0,0
00991 PN1: I know you're a good guy man. I want to see you out there.,,,,,1,,,,good guy,1,1
00992 HT1: (crying can't understand),,,,,,,,,,0,0
00993 PN1: I'm gonna be with <ON1>. I'm telling you right now. I'll be right next to her.,,,,,,,,,,0,0
"00994 HT1: Officer <PN1>, can you just try and tell my wife, tell her that (starts crying again and can't understand him)",,,,,,,,,,0,0
00995 PN1:I will. Listen <HT1> (call waiting goes off) I'm on the way up there right now.,,,,,,,,,,0,0
00996 HT1: OK.,,,,,,,,,,0,0
00997 PNl: OK.,,,,,,,,,,0,0
"00998 HT1: Let me get myself together, you hear?",,,,,,,,,,0,0
00999 PN1: OK.,,,,,,,,,,0,0
01000 HT1:Give me fifteen minutes.,,,,,,,,,,0,0
"01001 PN1: By the time I get up there, you'll yell out for you, OK? You should be together enough by then.",,,,,,,,,,0,0
01002 HT1: What time do you have?,,,,,,,,,,0,0
01003 PN1: Huh?,,,,,,,,,,0,0
01004 HT1: What time do you have?,,,,,,,,,,0,0
01005 PNl: Right now?,,,,,,,,,,0,0
01006 HT1: Yah.,,,,,,,,,,0,0
"01007 PN1: It's one, ten minutes to two. I'll be up there by two o'clock.",,,,,,,,,,0,0
01008 HT1: OK.,,,,,,,,,,0,0
01009 PNl:OK?,,,,,,,,,,0,0
01010 HT1: Alright.,,,,,,,,,,0,0
01011 PNl: Alright.,,,,,,,,,,0,0
01011.1 (they hang-up),,,,,,,,,,0,0
01012 HT1: Yes.,,,,,,,,,,0,0
01013 PN2: Mr. <HT1>?,,,,,,,,,,0,0
01014 HT1: Yes.,,,,,,,,,,0,0
"01015 PN2: This is <PN2>, I'm one of <PN1>'s friends.",,,,,,,,,,0,0
01016 HT1: Yes.,,,,,,,,,,0,0
"01017 PN2: I'm an officer too. He's right out front. If you look out your window, he's to the left of your balcony with <ON1>. They're waiting for you.",,,,,,,,,,0,0
01018 HT1: Alright.,,,,,,,,,,0,0
01019 PN2: OK?,,,,,,,,,,0,0
01020 HT1: I'm almost ready.,,,,,,,,,,0,0
01021 PN2: You already got the kid's coats on'?,,,,,,,,,,0,0
"01022 HT1: No, I'm almost ready though.",,,,,,,,,,0,0
"01023 PN2: Well come on, let's",,,,,,,,,,0,0
01024 HT1: I'm almost ready here.,,,,,,,,,,0,0
01025 PN2: OK.,,,,,,,,,,0,0
01026 HT1: OK?,,,,,,,,,,0,0
01027 PN2: OK.,,,,,,,,,,0,0
"01028 HT1: I'm gonna hang-up, OK?",,,,,,,,,,0,0
01029 PN2: OK.,,,,,,,,,,0,0
01029.1 (both hang-up),,,,,,,,,,0,0
01030 HT1: Yes.,,,,,,,,,,0,0
01031 PN2: Mr. <HT1>?,,,,,,,,,,0,0
01032 HT1: Yes.,,,,,,,,,,0,0
"01033 PN2: Ah, <PN1> says go out to the balcony, and throw the gun out, right now, OK?",,,,,,,,,,0,0
01034 HT1: Can you wait till I get my things together.,,,,,,,,,,0,0
"01035 PN2:Why don't you just go ahead and throw the gun out the balcony, and come back and get the kids ready, OK? But just, there's no-",,,1,,,,,,throw the gun out first,1,1
01036 HT1: Huh?,,,,,,,,,,0,0
"01037 PN2: There's nobody gonna hurt you. They have no problems. <PN1> and <ON1> is waiting out there, OK?",,,,,,,,,,0,0
01038 HT1: Yah.,,,,,,,,,,0,0
"01039 PN2: She wants to see you, OK?",1,,,,,,,,IP wants to see you,1,0
01040 HTl: Alright.,,,,,,,,,,0,0
01041 PN2: Why don't you go to the balcony and throw the gun out? Get rid of that thing. (pause) I'll hold on. (long pause) Mr. <HT1>?,,,1,,,,,,throw the gun out first,1,1
01042 HT1: Yah.,,,,,,,,,,0,0
"01043 PN2: When you get to the 7th District, you can sit down with <ON1>, and your wife is on the way, all of the 7D is looking for her right now, OK. So they're gonna find her within a few minutes, because there's too many men out here, look, to keep her lost for long. <PN1> will sit down with you too at 7D, OK?",1,,,,,,,,reason,1,0
01044 HT1: Yah.,,,,,,,,,,0,0
01045 PN2: Everything is alright.,,,,,,,,,,0,0
01046 HT1: Yah.,,,,,,,,,,0,0
"01047 PN2: They're your kids, right.",,,,,,,,,,0,0
01048 HT1: Yah.,,,,,,,,,,0,0
01049 PN2: There's no problem about that.,,,,,,,,,,0,0
01050 HT1: Yah.,,,,,,,,,,0,0
"01051 PN2: But you have to get rid of that revolver. Just, if, if you look right out, they're right out to the left by the balcony. Just walk out, toss the gun out, OK? Everybody's just right there waitingfor you. <PN1> and <ON1> is waiting.",,,1,,,,,,throw the gun out,1,1
"01052 HT1: Alright, I got all my papers and stuff.",,,,,,,,,,0,0
01053 PN2: Got all your papers ready for in court?,,,,,,,,,,0,0
01054 HT1: Yah.,,,,,,,,,,0,0
"01055 PN2: OK. She, she really likes you.",,,,,1,,,,indirect liking,1,1
01056 HT1: Yah.,,,,,,,,,,0,0
01057 PN2: She really does.,,,,,,,,,,0,0
"01058 HT1: But mister, I didn't do nothing. (sobs)",,,,,,,,,,0,0
"01059 PN2: We, hey, hey. Mr. <HT1>? They're your kids, you haven't done nothing.",,,,,,,,,,0,0
01060 HTl: I just want to get out of this town before they tricked us or made me tell on somebody.,,,,,,,,,,0,0
"01061 PN2: OK. The courts can help you there too, OK?",,,,,,,,,,0,0
01062 HT1: Yah.,,,,,,,,,,0,0
"01063 PN2: The marshall's can help you with that, you know.",,,,,,,,,,0,0
"01064 HT1: The marshall's ain't gonna help, I need the Federal people.",,,,,,,,,,0,0
"01065 PN2: That's who, I mean U.S. Marshalls. They can help you with a new identity if that's what you need. Ok? What we need to do right now is get rid of that revolver off the balcony, OK?",,,1,,,,,,throw the gun out,1,1
"01066 HT1: Yah, I will.",,,,,,,,,,0,0
"01067 PN2: Walk out there right now, and throw it out, OK?",,,1,,,,,,throw the gun out,1,1
"01068 HT1: Alright, I am but I just, getting my Bible and all that stuff.",,,,,,,,,,0,0
"01069 PN2: Ok, we're gonna help ya, get your Bible together and your papers.",,,,,,,,,,0,0
01070 HT1: Yah.,,,,,,,,,,0,0
01071 PN2: And just go ahead and open the door now and throw the gun because Bibles and guns don't go together.,,,,1,,,,,if you like the Bible than you should toss the gun out,1,1
"01072 HT1: Huh? No, no.",,,,,,,,,,0,0
"01073 PN2: No, so get rid of the revolver, toss it out. Help <ON1> (call waiting goes off)",,,1,,,,,,throw the gun out,1,1
01074 HTI: Huh?,,,,,,,,,,0,0
01075 PN2: Help <ON1> out because she's waiting outside for you. Go ahead and do it.,1,,,,,,,,IP is waiting,1,0
01076 HT1: All you gotta do is hold on.,,,,,,,,,,0,0
"01077 PN2: OK, I'm holding on.",,,,,,,,,,0,0
"01078 HT1: Oh, I gotta put my things on.",,,,,,,,,,0,0
"01079 PN2: Take, ah, Can you go to the window, <PN1>'s gonna try and yell up to ya on the bullhorn, OK?",,,,,,,,,,0,0
"01080 HT1: Uh, huh.",,,,,,,,,,0,0
"01081 PN2: He wants to talk to you over a bullhorn, OK?",,,,,,,,,,0,0
"01082 HT1: Uh, huh.",,,,,,,,,,0,0
"01083 PN2: He wants to talk to you over a bullhorn himself, OK?",,,,,,,,,,0,0
"01084 HT1: Uh, huh.",,,,,,,,,,0,0
"01085 PN2: But go out there, get rid of that gun.",,,1,,,,,,throw the gun out,1,1
"01086 HT1: Jiminey, huh?",,,,,,,,,,0,0
"01087 PN2: Go out there and toss that revolver, it's really easy to do, OK?",,,1,,,,,,throw the gun out,1,1
01088 HT1: Yah.,,,,,,,,,,0,0
"01089 PN2: We're all worried about you and the kids, OK?",,,,,1,,,,we are worried about you,1,1
01090 HT1: Yah.,,,,,,,,,,0,0
"01091 PN2: And <ON1>'s really worried, OK?",,,,,1,,,,IP is worried about you,1,1
01092 HT1: Yah.,,,,,,,,,,0,0
01093 PN2: She's worried about you.,,,,,1,,,,IP is worried about you,1,1
01094 HT1: Yah.,,,,,,,,,,0,0
"01095 PN2: So, go ahead.",,,1,,,,,,throw the gun out,1,1
01096 HT1: I am. I am.,,,,,,,,,,0,0
01097 PN2: OK.,,,,,,,,,,0,0
01098 HTI: I am.,,,,,,,,,,0,0
"01099 PN2: OK, go ahead and do it then.",,,1,,,,,,throw the gun out,1,1
01100 HT1: OK.,,,,,,,,,,0,0
"01101 PN2: OK, go ahead.",,,1,,,,,,throw the gun out,1,1
01102 HTI: Alright.  (long pause),,,,,,,,,,0,0
"01103 PN2: OK, you there?",,,,,,,,,,0,0
01104 HT1: Yah.,,,,,,,,,,0,0
"01105 PN2: OK, Go ahead.",,,1,,,,,,throw the gun out,1,1
"01106 HT1: Alright then, my wife just called and hung-up.",,,,,,,,,,0,0
01107 PN2: That was your wife that just called and hung-up? ,,,,,,,,,,0,0
01108 HTI: Yah.,,,,,,,,,,0,0
"01109 PN2: She didn't say where she calles from, did she? ",,,,,,,,,,0,0
01110 HT1: No.,,,,,,,,,,0,0
"01111 PN2: OK, go ahead and toss the gun out, OK? We can sit down and talk with you and <ON1> and Officer <PN1> will be right there. We'll find your wife and talk with her. You can talk with her and get this all resolved in a hurry, OK? We're not in a hurry but we need to get this done, OK?",1,,2,,,,,,other: reason; commitment: throw the gun out,1,1
01112 HTI: Right.,,,,,,,,,,0,0
01113 PN2: Because everybody is worried about you.,,,,,1,,,,everyone is worried about you,1,1
01114 HT1: Yah.,,,,,,,,,,0,0
01115 PN2: OK?,,,,,,,,,,0,0
01116 HT1: Yah.,,,,,,,,,,0,0
"01117 PN2: You, so go ahead and toss the gun out, OK?",,,1,,,,,,throw the gun out,1,1
"01118 HT1: Alright, wait a minute. (pause) Alright, wait a minute.",,,,,,,,,,0,0
"01119 PN2: OK, do you, you can walk to the balcony and see <ON1> and Officer  <PN1> down there?",,,,,,,,,,0,0
01120 HT1: Yah.,,,,,,,,,,0,0
01121 PN2: Can you see them?,,,,,,,,,,0,0
01122 HTI: Wait a minute. (long pause),,,,,,,,,,0,0
"01123 PN2: Mr. <HT1>, Mr. <HT1>? (long pause) Mr. <HT1>? (long pause) Mr.<HT1> are you there? (pause)",,,,,,,,,,0,0
01123.1 (calls back) ,,,,,,,,,,0,0
01124 HT1: Yes? ,,,,,,,,,,0,0
01125 PN2: Mr. <HT1>? ,,,,,,,,,,0,0
01126 HTI: Yes.,,,,,,,,,,0,0
01127 PN2: They want you to come back out to the balcony and talk to them again.,,,,,,,,,,0,0
01128 HT1: Who is this?,,,,,,,,,,0,0
"01129 PN2: This is <Name>, <PN1>'s friend?",,,,,,,,,,0,0
"01130 HT1: Listen, I don't have proof of nothing, right?",,,,,,,,,,0,0
01131 PN2: Sir?,,,,,,,,,,0,0
"01132 HTI: I don't have proof about nothing, right, about what I have been talking about, right?",,,,,,,,,,0,0
"01133 PN2: What do you mean proof? Aren't they, aren't they standing outside to talk to you?",,,,,,,,,,0,0
"01134 HT1: Yah, but I want to get something in the newspapers.",,,,,,,,,,0,0
"01135 PN2: Why don't you go right outside and talk to <PN1> and <ON1>, OK, and tell him, OK?",,,,,,,,,,0,0
01136 HT1: Why can't I get this to the newspaper station?,,,,,,,,,,0,0
"01137 PN2: Give what to the newspaper, sir?",,,,,,,,,,0,0
01138 HT1: I got something for them.,,,,,,,,,,0,0
"01139 PN2: OK, I'll get in touch with my superiors.",,,,,,,1,,I have to ask the boss,1,1
01140 HT1: Yah. (to kids) come here.,,,,,,,,,,0,0
01141 PN2:And then tell them that you want to talk to the newspapers.,,,,,,,,,,0,0
"01142 HT1:Yah, why don't you do that.",,,,,,,,,,0,0
"01143 PN2: OR, why don't you go-, can you talk to <ON1> and <PN1> again outside the balcony?",,,,,,,,,,0,0
01144 HT1: No.,,,,,,,,,,0,0
01145 PN2: You don't want to talk to them again?,,,,,,,,,,0,0
"01146 HT1: No, because I think they are all gonna get me now.",,,,,,,,,,0,0
01147 PN2: Why would we wanna do that?,,,,,,,,,,0,0
01148 HT1: Because I didn't do what you said.,,,,,,,,,,0,0
01149 PN2: What's that? Throw the gun out?,,,,,,,,,,0,0
01150 HT1: Yah.,,,,,,,,,,0,0
"01151 PN2: We're not trying to get anybody. We're trying to get everybody out safely, OK?",1,,,,,,,,reason,1,0
01152 HT1: Yah.,,,,,,,,,,0,0
01153 PN2: We don't wanna hurt anybody. ,1,,,,,,,,reason,1,0
01154 HT1: Yah.,,,,,,,,,,0,0
"01155 PN2: That's not-, that's not our job, OK? ",1,,,,,,,,reason,1,0
01156 HT1: Yah.,,,,,,,,,,0,0
"01157 PN2: But, we would like for you to get rid of your revolver. ",,,1,,,,,,throw the gun out,1,1
01158 HT1: Why don't you get my wife to talk to the newspaper people? ,,,,,,,,,,0,0
01159 PN2: We can't contact your wife.,,,,,,,,,,0,0
01160 HT1: Why?,,,,,,,,,,0,0
01161 PN2: Why?,,,,,,,,,,0,0
01162 HT1: Yah.,,,,,,,,,,0,0
01163 PN2: We're trying to find her. We don't know where she's at. Yes sir.,,,,,,,,,,0,0
"01164 HT1: Yah, I don't believe that though.",,,,,,,,,,0,0
"01165 PN2: Why would, why would I lie to you?",,,,,,,,,,0,0
01166 HT1: I ain't saying you lying.,,,,,,,,,,0,0
"01167 PN2: OK, we, we can't find her.",,,,,,,,,,0,0
01168 HT1: Somebody know where she's at.,,,,,,,,,,0,0
01169 PN2: Who? Can you tell us so we can try and contact them so we know where she is at?,,,,,,,,,,0,0
01170 HT1: I want her. I want my wife to know what she did. I want my wife to know that she can come out and let them know what happened.,,,,,,,,,,0,0
01171 PN2: Why don't we all get together at the 7th District so we can have your wife there.,,,1,,,,,,surrender,1,1
01172 HT1: Why don't you get her now.,,,,,,,,,,0,0
"01173 PN2: We- are having a hard time finding her. We're out there looking for her, right now, OK? All those detectives from the 7th District have dropped all of their cases to try to find your wife.",,,,,,,,,,0,0
01174 HT1: Find my wife then.,,,,,,,,,,0,0
"01175 PN2: Soon as they find her, gonna bring her to the 7th District.",,,,,,,,,,0,0
"01176 HT1: No, bring her over here.",,,,,,,,,,0,0
01177 PN2: I don't know if we can do that.,,,,,,,,,,0,0
01178 HT1: Why?,,,,,,,,,,0,0
01179 PN2: I have to check to my superiors.,,,,,,,1,,check with the bosses,1,1
"01180 HT1: They don't want to bring her, do you?",,,,,,,,,,0,0
"01181 PN2: I don't know, I have to check with my boss, OK?",,,,,,,1,,check with the bosses,1,1
"01182 HT1: You don't want to bring her, do ya?",,,,,,,,,,0,0
"01183 PN2: I can't bring anybody, I'm sitting in this lady's house, this apartment, talking to you on the phone. I have to call my superiors, my boss.",,,,,,,1,,check with the bosses,1,1
"01184 HT1: Let him know I want my wife, you hear? They said they were gonna bring her, bring her, OK?",,,,,,,,,,0,0
01185 PN2: I'll let my boss know.,,,,,,,1,,check with the bosses,1,1
01186 HT1: OK.,,,,,,,,,,0,0
01187 PN2: Are you gonna go talk to <ON1> back on the balcony?,,,,,,,,,,0,0
01188 HT1: No.,,,,,,,,,,0,0
01189 PN2: Why not? She really likes you.,,,,,1,,,,IP likes you,1,1
01190 HT1: You all shot me down out there.,,,,,,,,,,0,0
"01191 PN2: We didn't shoot you, did we shoot you? Huh?",,,,,,,,,,0,0
01192 HT1: No.,,,,,,,,,,0,0
01193 PN2: Well we didn't. We're not gonna shoot you. We don't wanna hurt you.,,,,,,,,,,0,0
"01194 HT1: Why don't you get my wife, don't care nothing about her children.",,,,,,,,,,0,0
"01195 PN2: We're trying our best to get your wife, OK? We're trying the best. Why would we want to shoot you with the children in there? We're more concerned with you and the children right now, OK? We're looking for your wife, there's several number of detectives looking for your wife.",1,,,,,,,,reason,1,0
"01196 HT1: You all got a description of her, right?",,,,,,,,,,0,0
"01197 PN2: Uh, yah, but you can give it to me to make sure we got it right.",,,,,,,,,,0,0
01198 HT1: 5'2”,,,,,,,,,,0,0
01199 PN2: 5'2”,,,,,,,,,,0,0
01200 HT1: About 135-140 pounds.,,,,,,,,,,0,0
01201 PN2: OK.,,,,,,,,,,0,0
01202 HT1: She has (..?..) eyes. Her mother was Japanese. Oriental looking.,,,,,,,,,,0,0
"01203 PN2: Oriental looking, OK.",,,,,,,,,,0,0
01204 HT1: With a light complexion.,,,,,,,,,,0,0
01205 PN2: OK.,,,,,,,,,,0,0
01206 HT1: <Daughter's Name>? <Daughter's Name>?,,,,,,,,,,0,0
"01207 PN2: What are you saying, Mr. <HT1>, what are you saying?",,,,,,,,,,0,0
01208 HTl: I'm calling my daughter.,,,,,,,,,,0,0
"01209 PN2: Hey, Mr. <HT1>?",,,,,,,,,,0,0
01210 HT1: What?,,,,,,,,,,0,0
01211 PN2: Are the kids alright?,,,,,,,,,,0,0
"01212 HT1: Yah, can't you hear them?",,,,,,,,,,0,0
01213 PN2: I can hear one crying.,,,,,,,,,,0,0
01214 HT1:Talk <CHILD NAME>. ,,,,,,,,,,0,0
01214.1      CHILD: Hi.,,,,,,,,,,0,0
"01215 PN2: Hi, are you OK? ",,,,,,,,,,0,0
01215.1      CHILD: Yes.,,,,,,,,,,0,0
"01216 PN2: Good, OK. Mr. <HT1>",,,,,,,,,,0,0
01217 HT1: Yah.,,,,,,,,,,0,0
01218 PN2: I believe you are a good father.,,,,,1,,,,good father,1,1
01219 HT1: I am.,,,,,,,,,,0,0
01220 PN2: I believe that.,,,,,,,,,,0,0
01221 HT1: I want you all to get my-. Get away from the door!,,,,,,,,,,0,0
01222 PN2: Sir?,,,,,,,,,,0,0
01223 HT1: Away from that! Tell them to stop it!,,,,,,,,,,0,0
"01224 PN2: Stop what, sir?",,,,,,,,,,0,0
01225 HT1: I hear them.,,,,,,,,,,0,0
01226 PN2: You hear the police?,,,,,,,,,,0,0
01227 HT1: Yah.,,,,,,,,,,0,0
"01227 PN2: OK, stand by, OK?",,,,,,,,,,0,0
01228 HT1: Tell them to get away!,,,,,,,,,,0,0
"01229 PN2: OK, hold on.",,,,,,,,,,0,0
01230 HT1: They can't get in fast enough.,,,,,,,,,,0,0
"01231 PN2: Hold on, Mr. <HT1>. Nobody is bothering you. Hold on.",,,,,,,,,,0,0
01232 HT1: Tell them to get away.,,,,,,,,,,0,0
"01233 PN2: OK. Just hold on, I'll tell them.",,,,,,,,,,0,0
01234 HT1: Please tell them to get my wife.,,,,,,,,,,0,0
"01235 PN2: Alright, can you hold on a minute?",,,,,,,,,,0,0
"01236 HT1: Make you all ma-, hurt you all.",,,,,,,,,,0,0
01237 PN2: Are you gonna hold on?,,,,,,,,,,0,0
01238 HT1: Yah.,,,,,,,,,,0,0
"01239 PN2: OK, just one minute.",,,,,,,,,,0,0
01240 HT1: Get my wife.,,,,,,,,,,0,0
01241 PN2: OK. (pause) Mr. <HT1>?,,,,,,,,,,0,0
01242 HT1: Yah.,,,,,,,,,,0,0
"01243 PN2: I notified my boss, sir? (long pause) (can hear yelling in background. Mr. <HT1> keeps yelling: GET MY WIFE!!!",,,,,,,1,,check with the boss,1,1
END OF TAPE.,,,,,,,,,,,
,,,,,,,,,,,
DONE,,,,,,,,,,,