,PERSUASION TAGS,,,,,,,,Total Persuasive,141,77
,,,,,,,,,,Persasive?,
Posts,OTHER,RECIPROCITY,COMMITMENT,CONSITENCY,LIKING,SCARCITY,AUTHORITY,SOCIAL PROOF,Additional Comments,W/ Other,W/o Other
911 DISPATCHER: 911 emergency. ,,,,,,,,,,0,0
GRANT: Yeah. I suppose you are in front of my house right now. ,,,,,,,,,,0,0
911 DISPATCHER: What's your name sir? ,,,,,,,,,,0,0
GRANT: Grant. ,,,,,,,,,,0,0
911 DISPATCHER: Grant? ,,,,,,,,,,0,0
GRANT: Yes. ,,,,,,,,,,0,0
"911 DISPATCHER: Okay, Grant. What's the problem there today? What's going on Grant? ",,,,,,,,,,0,0
GRANT: I don't know. I don't really want to talk about anything. (?) told me to call you. I don't want to hurt anybody else. I just -- ,,,,,,,,,,0,0
911 DISPATCHER: Talk to me Grant. ,,,,,,,,,,0,0
GRANT: I don't know. ,,,,,,,,,,0,0
"911 DISPATCHER: Grant, my name is Heather. Okay? ",,,,,,,,,,0,0
GRANT: Okay. ,,,,,,,,,,0,0
"911 DISPATCHER: And I'm here to help you, okay? Nobody's going to hurt you. We're just here to help you. ",,,,,,,,,,0,0
GRANT: (?) ,,,,,,,,,,0,0
"911 DISPATCHER: Okay, Grant. There's a lot of people outside that care about you and don't want to hurt you. Okay? ",,,,,,,,,,0,0
GRANT: Who's outside? ,,,,,,,,,,0,0
911 DISPATCHER: Grant? ,,,,,,,,,,0,0
GRANT: Who's outside? ,,,,,,,,,,0,0
"911 DISPATCHER: The police officers are outside. But I want -- Grant, I promise you nobody is there to hurt you, but can you listen to me for a second? ",1,,,,,,,,justification for the future commitment in the next post,1,0
GRANT: Listening. ,,,,,,,,,,0,0
"911 DISPATCHER: Okay. Can you go to the front door with nothing, no guns, put your hands up in the air and follow the officer’s commands? ",,,1,,,,,,come outside,1,1
GRANT: No. ,,,,,,,,,,0,0
911 DISPATCHER: Why not? ,,,,,,,,,,0,0
GRANT: Because -- ,,,,,,,,,,0,0
911 DISPATCHER: Why? ,,,,,,,,,,0,0
GRANT: Because I don’t need to. ,,,,,,,,,,0,0
"911 DISPATCHER: Okay, where is the gun right now? ",,,,,,,,,,0,0
GRANT: It’s in my hand against my chest. ,,,,,,,,,,0,0
911 DISPATCHER: Okay. We don't want to hurt you and I don't want you to hurt yourself. Okay? Grant? ,1,,,,,,,,justifications (justifications for putting the gun down and coming outside),1,0
GRANT: Yeah. ,,,,,,,,,,0,0
911 DISPATCHER: We want to help you. ,1,,,,,,,,justifications (justifications for putting the gun down and coming outside),1,0
GRANT: How are you going to help me? ,,,,,,,,,,0,0
911 DISPATCHER: We are going to get you some help. ,1,,,,,,,,justifications (justifications for putting the gun down and coming outside),1,0
GRANT: How is that? ,,,,,,,,,,0,0
911 DISPATCHER: We have a lot of people that are willing to help you. Can you tell us what you need and we will help you. Will you please go to the front door without the gun? ,,,1,,,,,,"2 commitments: if you tell us what you need, we will help you; and will you come out",1,1
GRANT: No. ,,,,,,,,,,0,0
911 DISPATCHER: Is there anything that you want? Grant? ,,,,,,,,,,0,0
"GRANT: Yeah, I want my girlfriend back. ",,,,,,,,,,0,0
911 DISPATCHER: What's the girlfriend's name? ,,,,,,,,,,0,0
GRANT: (?). ,,,,,,,,,,0,0
"911 DISPATCHER: I'm not sure. I just came on duty, so I'm not sure. Did you guys have an argument or something? ",,,,,,,,,,0,0
"GRANT: Yeah, a while ago. ",,,,,,,,,,0,0
911 DISPATCHER: A while ago? How old are you Grant? ,,,,,,,,,,0,0
GRANT: 21 next week. ,,,,,,,,,,0,0
"911 DISPATCHER: 21, that's a good age. That's a great age. Is there anybody else inside the house Grant? ",,,,,1,,,,complimenting him on his age,1,1
"GRANT: No, I'm the only one here. I just had my dog, he is a Rottweiler. He is running around in the backyard. He is quite freaking out on what's going on -- the girl. ",,,,,,,,,,0,0
911 DISPATCHER: Okay. ,,,,,,,,,,0,0
"GRANT: I mean, he looks at me but he's not (?). ",,,,,,,,,,0,0
911 DISPATCHER: He is not moving. ,,,,,,,,,,0,0
GRANT: No. ,,,,,,,,,,0,0
"911 DISPATCHER: Okay. Grant, but then I keep telling you, okay. I'm here as long as you need to talk, just talk to me. Tell me what's on your mind. And just keep talking and I'll stay here on the phone with you as long as you need me. Okay? ",,,1,,,,,,keep talking and we'll stay on the phone,1,1
GRANT: All right. ,,,,,,,,,,0,0
911 DISPATCHER: Grant? ,,,,,,,,,,0,0
GRANT: Yeah. ,,,,,,,,,,0,0
"911 DISPATCHER: You just take your time. Okay? Just listen to me, just talk to me, tell me how I can help you and I can relay everything out to my officers. Everybody outside cares about you. Grant, are you still there? ",,,,,1,,,,cares about you,1,1
GRANT: Yeah. ,,,,,,,,,,0,0
"911 DISPATCHER: Okay. You just take your time, okay. Why don't you do me a favor, okay? Nothing is going to happen to you, but I want you to do this. I want you to take the gun away from your chest and put it down. ",,,1,,,,,,put the gun down,1,1
"GRANT: No, I am not going to do that. ",,,,,,,,,,0,0
911 DISPATCHER: I'm just asking you to do that. I don't want anything to happen to you. I'm just asking you to just to put the gun down. Grant? ,1,,,,,,,,justification,1,0
GRANT: Yeah. ,,,,,,,,,,0,0
911 DISPATCHER: Can you put the gun down away from your chest? ,,,1,,,,,,put the gun down,1,1
GRANT: No. ,,,,,,,,,,0,0
911 DISPATCHER: Grant? ,,,,,,,,,,0,0
GRANT: Yeah. ,,,,,,,,,,0,0
"911 DISPATCHER: Like I said, I'm here for you, and I'm willing to help you. I'm ignoring everybody else around me, everything that's going on. You have my undivided attention, okay. You have me as long as you need me. I care about you. I care about what happens to you. And I'm being very sincere in that. All I'm asking is for a little cooperation back from you. Just put the gun down. I don't want anything to happen to you. ",,,1,,2,,,,commitment: put the gun down; liking: I care about you,1,1
"GRANT: No, it's too late, Heather. ",,,,,,,,,,0,0
911 DISPATCHER: It's not too late. ,,,,,,,,,,0,0
GRANT: Really? ,,,,,,,,,,0,0
"911 DISPATCHER: No, it's not. ",,,,,,,,,,0,0
GRANT: Who called you? Was it XXXXX? ,,,,,,,,,,0,0
"911 DISPATCHER: I don't know. Like I said, I just came on duty. I don't know. ",,,,,,,,,,0,0
"GRANT: Okay. Well, let me give me you her phone number, maybe you can call her and ask her? ",,,,,,,,,,0,0
"911 DISPATCHER: Okay, but I'd rather talk to you. I don't care about XXXXX. I care about you. ",,,,,1,,,,I care about you,1,1
GRANT: Okay. ,,,,,,,,,,0,0
"911 DISPATCHER: Okay. I only really care about you. Like I said, I'm ignoring everything else. You have my undivided attention. Are you willing to keep talking to me? ",,,,,1,,,,I care about you,1,1
GRANT: (?) ,,,,,,,,,,0,0
"911 DISPATCHER: Yeah, I'd like that. I do have somebody who is a bit more trained than me who is willing to talk to you, who can help you out with the problems that you're having. Would you be willing to speak to him? ",,,1,,,,,,would you speak to the other officer?,1,1
GRANT: I’m sorry. ,,,,,,,,,,0,0
911 DISPATCHER: Would you? ,,,1,,,,,,would you speak to the other officer?,1,1
GRANT: Yeah. ,,,,,,,,,,0,0
"911 DISPATCHER: Okay, if I ask you -- ",,,,,,,,,,0,0
GRANT: Why are they running up with helmets on? ,,,,,,,,,,0,0
911 DISPATCHER: They're not running up with helmets. Are they? ,,,,,,,,,,0,0
"GRANT: Yeah, I just saw them. I mean you got to let them know that I still have this pistol to my chest. And if anybody comes in I'll shoot. That's going to be it for sure. ",1,,,,,,,,justifications not to barge in,1,0
911 DISPATCHER: Okay. ,,,,,,,,,,0,0
GRANT: I know this is kind of just a precautionary step. ,,,,,,,,,,0,0
"911 DISPATCHER: I know. They just -- you know what, we are concerned about you but we also have to protect ourselves. ",,,,,1,,,,concerned about you,1,1
"GRANT: I know. I understand, I understand. ",,,,,,,,,,0,0
911 DISPATCHER: Okay. Can you tell me where you're at in the house? ,,,,,,,,,,0,0
GRANT: I'm downstairs. ,,,,,,,,,,0,0
"911 DISPATCHER: You're downstairs. Are you in the living room, dining room? ",,,,,,,,,,0,0
GRANT: Yeah. ,,,,,,,,,,0,0
911 DISPATCHER: Which one? ,,,,,,,,,,0,0
GRANT: They are both the same. ,,,,,,,,,,0,0
"911 DISPATCHER: Oh, they're. Okay, all right. I'm right here, okay. ",,,,,,,,,,0,0
GRANT: Who is the other person out? ,,,,,,,,,,0,0
911 DISPATCHER: The negotiator? ,,,,,,,,,,0,0
GRANT: Yeah. ,,,,,,,,,,0,0
911 DISPATCHER: He's out there. He's outside. Are you willing to talk to him? ,,,1,,,,,,talk to negotiator,1,1
"GRANT: Yeah. If he's really out there, I'll talk to him. ",,,,,,,,,,0,0
"911 DISPATCHER: Okay. What else -- until I can get you connected with him, I want you to just keep talking to me. Do you have any family that’s nearby? ",,,,,,,,,,0,0
"GRANT: No, I don't. ",,,,,,,,,,0,0
911 DISPATCHER: No. ,,,,,,,,,,0,0
GRANT: No. ,,,,,,,,,,0,0
911 DISPATCHER: Who lives there in the house with you? ,,,,,,,,,,0,0
GRANT: (?) I don’t think you guys are communicating very well. ,,,,,,,,,,0,0
"911 DISPATCHER: Okay, well, it takes time to -- what is he saying through the loudspeaker? ",,,,,,,,,,0,0
"GRANT: I don't know, something about Grant, the Arkansas(?) Police Department. ",,,,,,,,,,0,0
"911 DISPATCHER: Yeah, they just want you to know that they are out there, okay? ",,,,,,,,,,0,0
GRANT: I think the whole neighborhood knows. ,,,,,,,,,,0,0
"911 DISPATCHER: Yeah, pretty much, pretty much, pretty much. But you know that's okay, because it's you and me right now, okay? It's just you and me. Is your dog aggressive? ",,,,,,,,,,0,0
GRANT: He can be if he wants to. ,,,,,,,,,,0,0
"911 DISPATCHER: The dog can be aggressive, if he wants to. Okay. ",,,,,,,,,,0,0
GRANT: I think you know (?) ,,,,,,,,,,0,0
911 DISPATCHER: Okay. Grant? ,,,,,,,,,,0,0
GRANT: Yes. ,,,,,,,,,,0,0
"911 DISPATCHER: I'm here, talk to me. You just keep spilling you're feelings to me, just to talk to me, just tell me what you need. ",,,,,,,,,,0,0
GRANT: I don't know what I need. ,,,,,,,,,,0,0
"911 DISPATCHER: If you have to cry, you cry. Okay? If it makes you feel better, I want you to cry, because sometimes crying helps, you know, makes you think better. Nobody is going to come in, okay, but I want you to talk to me so we can help you. This has been -- this has to end. Because I don't want you to hurt yourself. But I need you to put down that gun. If you put it down, nobody is going to come in. We're going to talk to you, okay? Can you put it down for me, away from you, because I don't want anything to happen to you. ",1,,,,,,,,justifications to end the situation,1,0
"GRANT: No, you know I won't. ",,,,,,,,,,0,0
"911 DISPATCHER: We are going to work up to that, okay, for you trust me, and you know that my word is good. Okay? ",1,,,,,,,,"trust; ""you've got my word""",1,0
GRANT: All right. ,,,,,,,,,,0,0
911 DISPATCHER: All right. ,,,,,,,,,,0,0
GRANT: I'm going to walk from downstairs and I'm going to walk upstairs to use the bathroom. ,,,,,,,,,,0,0
911 DISPATCHER: Is there a bathroom downstairs? ,,,,,,,,,,0,0
"GRANT: Yeah, but I cant reach it right now. ",,,,,,,,,,0,0
911 DISPATCHER: Okay. ,,,,,,,,,,0,0
GRANT: So I'm going to -- ,,,,,,,,,,0,0
"911 DISPATCHER: Hold on for -- okay, can you just hold this for just a second while I let my officers know that you are going to walk upstairs? ",,,,,,,,,,0,0
GRANT: I'm going to walk from downstairs and you can see me cross the window and you can see me walk upstairs. ,,,,,,,,,,0,0
"911 DISPATCHER: Okay, you're going to walk upstairs, but you're going to pass the window. ",,,,,,,,,,0,0
GRANT: I'm going to pass the window on my way upstairs to use the bathroom. ,,,,,,,,,,0,0
911 DISPATCHER: Which window is that? ,,,,,,,,,,0,0
"GRANT: That's the window in front of the door, and I can see that they have got guns pointed at the house. ",,,,,,,,,,0,0
911 DISPATCHER: In front of the front door? ,,,,,,,,,,0,0
GRANT: Yes. ,,,,,,,,,,0,0
911 DISPATCHER: Okay. ,,,,,,,,,,0,0
GRANT: (?) he is behind my truck. ,,,,,,,,,,0,0
"911 DISPATCHER: Okay, hold on for a second, okay? ",,,,,,,,,,0,0
GRANT: Okay. ,,,,,,,,,,0,0
"911 DISPATCHER: Okay, so you're going to walk upstairs to use the bathroom? ",,,,,,,,,,0,0
GRANT: Yes. ,,,,,,,,,,0,0
"911 DISPATCHER: Okay, okay hold on one second. Let me tell my partner that you need to use the bathroom upstairs, okay? ",,,,,,,,,,0,0
GRANT: All right. ,,,,,,,,,,0,0
"911 DISPATCHER: Okay, hold on for a second; let my partner tell you, okay? Are you with me, Grant, still? Okay, I want you to keep talking to me, but I need to tell you something, okay? ",,,,,,,,,,0,0
GRANT: What’s that? ,,,,,,,,,,0,0
"911 DISPATCHER: I need to get off the phone and I need you -- I'm going to put you on the phone with Scott. He is another dispatcher and he's going to talk to you some more, okay? ",,,,,,,,,,0,0
GRANT: All right. ,,,,,,,,,,0,0
"911 DISPATCHER: Okay, all right. Here is Scott, okay? ",,,,,,,,,,0,0
GRANT: All right. ,,,,,,,,,,0,0
"POLICE NEGOTIATOR: Hey Grant, how are you doing? ",,,,,,,,,,0,0
"GRANT: I'm pretty good, how about yourself? ",,,,,,,,,,0,0
"POLICE NEGOTIATOR: Not too bad. My name is Scott, what my partner told you. She's got to get on the phone, because she's having some other calls. I'm going to talk to you for a while, okay? ",,,,,,,,,,0,0
GRANT: That’s fine. ,,,,,,,,,,0,0
"POLICE NEGOTIATOR: What's going on, what's the problem today? ",,,,,,,,,,0,0
GRANT: Everything. ,,,,,,,,,,0,0
POLICE NEGOTIATOR: Everything? ,,,,,,,,,,0,0
GRANT: Yeah. ,,,,,,,,,,0,0
"POLICE NEGOTIATOR: Well, what kind of problem? Talk to me. Tell me about it. ",,,,,,,,,,0,0
"GRANT: Just, life and girlfriend and just everything. ",,,,,,,,,,0,0
POLICE NEGOTIATOR: Okay. Is that worth shooting yourself or killing yourself? ,,,,,,,,,,0,0
GRANT: It is right now. ,,,,,,,,,,0,0
POLICE NEGOTIATOR: Why? ,,,,,,,,,,0,0
"GRANT: You know, I’d talked to the therapist, the counselors, you know, everybody -- I don’t know it's going to help me. ",,,,,,,,,,0,0
"POLICE NEGOTIATOR: Well, is your family here besides your girlfriend? ",,,,,,,,,,0,0
"GRANT: Yes, I’ve got a family and they are here right now. ",,,,,,,,,,0,0
"POLICE NEGOTIATOR: Yeah, I understand that, but I mean are they in the area. ",,,,,,,,,,0,0
GRANT: I live with my parents and my brother. ,,,,,,,,,,0,0
"POLICE NEGOTIATOR: Okay, in this house right now? ",,,,,,,,,,0,0
GRANT: Yeah. ,,,,,,,,,,0,0
POLICE NEGOTIATOR: Okay. ,,,,,,,,,,0,0
GRANT: They are not here right now. They're -- ,,,,,,,,,,0,0
POLICE NEGOTIATOR: I know. Okay. How old are you Grant? ,,,,,,,,,,0,0
GRANT: (?). ,,,,,,,,,,0,0
POLICE NEGOTIATOR: Okay. So what good is just killing yourself going to do? ,1,,,,,,,,rhetorical justification (killing yourself won’t do any good),1,0
GRANT: I don’t know. What good is staying alive going to do? ,,,,,,,,,,0,0
"POLICE NEGOTIATOR: Well, if you stay alive, you have a family. You have -- ",1,,,,,,,,justifications to live,1,0
"GRANT: I am sorry. I will tell you what's going to happen as soon as I get out of here, they are going to put me in jail. ",,,,,,,,,,0,0
POLICE NEGOTIATOR: Not necessarily. ,,,,,,,,,,0,0
"GRANT: They're not sitting there (?). Let me tell you why, okay, because I got arrested over this girl, okay? ",,,,,,,,,,0,0
POLICE NEGOTIATOR: Okay. ,,,,,,,,,,0,0
"GRANT: I have a stay away order from her, and I guarantee she is the one that called you guys, cops, to come over here. So already like that, I'm going to get some time for that. And for all those -- just tying up all those times, I'm going to get time for it. For holding you up right now on the phone or not answering any other calls, I'm going to get time for it. ",,,,,,,,,,0,0
"POLICE NEGOTIATOR: No, no, listen Grant -- ",,,,,,,,,,0,0
GRANT: You don’t have to [Explicit Language] me. ,,,,,,,,,,0,0
"POLICE NEGOTIATOR: Grant, I'm not going to [Explicit Language] you. If you got a problem and you need to talk to -- some counseling, that’s what we are going to make happen. Okay? ",,,,,,,,,,0,0
GRANT: I've already talked to (?) and they don’t help. ,,,,,,,,,,0,0
"POLICE NEGOTIATOR: Okay, well hold on. We’ll get you some doctors that will help. Here is the deal. Have you done anything wrong yet? No. Have you broken any laws? No. ",,,,,,1,,,situation is not too bad yet so don’t make it worse,1,1
GRANT: Yes. ,,,,,,,,,,0,0
"POLICE NEGOTIATOR: Now, what laws have you broken? ",,,,,,,,,,0,0
"GRANT: Well, for one, I've been talking to XXXXX when I am not supposed to. And two, when the cops walks out to the window, I am sitting with a gun in my hand. ",,,,,,,,,,0,0
"POLICE NEGOTIATOR: Okay. It is not illegal to have a gun in your hands, Grant. The thing is, is I want you to be okay. If you kill yourself, it's going to upset your family. It's going to upset your friends. It's the day after Christmas, man. And you know what they're going to think about. Every Christmas is going to go, Grant killed himself over the holidays. All right? Don't ruin it for yourself and your friends. Okay? It ain’t worth it man. Hey, you know what, chicks are dime a dozen. Okay? You can find another one. If you called her on the phone, and it happens, that’s fine. But I want you to be okay. I want you to be safe and I don't want you to get hurt. Okay? Can you do that for me Grant? ",1,,,,,,,,justifications,1,0
GRANT: Not really. ,,,,,,,,,,0,0
"POLICE NEGOTIATOR: I want you to come outside, leave the gun in the house. Okay? And look at -- ",,,1,,,,,,come outside,1,1
"GRANT: I can’t come outside, you know. ",,,,,,,,,,0,0
"POLICE NEGOTIATOR: Well, why not? The cops aren’t going to hurt you, believe me. You leave the gun in the house. ",1,,,,,,,,justifications,1,0
"GRANT: They've got guns pointed at the house, isn’t it? ",,,,,,,,,,0,0
"POLICE NEGOTIATOR: Well, because you have a gun. But if you put the gun down, I will tell them that you've put the gun down. Okay? Then you come out the front door and I'll tell you the truth, the officers are going to probably make you get down on your knees and they're probably going to handcuff you. ",,,1,,,,,,come outside,1,1
GRANT: (?). ,,,,,,,,,,0,0
"POLICE NEGOTIATOR: No, no, listen to me. We will get you some help. We will take you to the hospital. We'll take you to some place that you can talk to somebody, a doctor, a professional, not just a counselor. Okay? That’s what you need buddy. And you’ll become fine, believe me. Okay, you are running through hardship with your girlfriend and with some other things, and, you know, everybody else is having a tough time. But it’s an easy way out, and we're not going to do that, okay. I'm here to help you, Grant. I don't want to see you hurt yourself and hurt your family. Okay? ",1,,,,,,,,justifications,1,0
GRANT: I know. ,,,,,,,,,,0,0
POLICE NEGOTIATOR: Okay. ,,,,,,,,,,0,0
GRANT: I'm not going to hurt anybody else; there is nobody else here. ,,,,,,,,,,0,0
"POLICE NEGOTIATOR: I know, but -- ",,,,,,,,,,0,0
"GRANT: I told you already. I have my dog who is running around in the backyard. He looks mean and he might be mean up against the fence, but, I mean, he is a pretty nice dog. ",,,,,,,,,,0,0
"POLICE NEGOTIATOR: Okay. Well, I don't want your dog to get hurt, and I don't want you to get hurt. So why don’t you put the gun down and come outside. Okay, we will get you some help. I guarantee you, you have my word. Okay? I don't want anything bad to happen to you. Okay? Can you do that for me? ",2,,1,,,,,,other: justifications and trust; commitment: come outside,1,1
"GRANT: I guess, but not right now. ",,,,,,,,,,0,0
POLICE NEGOTIATOR: Why not? ,,,,,,,,,,0,0
GRANT: I don't want to go outside and I don’t want to go back to Vista. ,,,,,,,,,,0,0
"POLICE NEGOTIATOR: Okay, did you hear what I said Grant? You're not going to go to Vista. We may take you to the hospital, so you can talk to -- ",,,,,,,,,,0,0
"GRANT: Yeah, but where do I go from there? ",,,,,,,,,,0,0
"POLICE NEGOTIATOR: I don't know. I can't say, but it's better than the alternative. Isn't it? ",1,,,,,,,,justifications,1,0
"GRANT: Since you said you don't know, (?) they are not going to take me to a hospital and then they are going to me Vista and then I am going to be in Vista for a little while. I don't want to go there for a little while. I don't want to go there at all. So I'm not going to go there at all. ",,,,,,,,,,0,0
POLICE NEGOTIATOR: So killing yourself is going to make everything go away? ,,,,,,,,,,0,0
"GRANT: I think, it'll make everything go away for me, yes. ",,,,,,,,,,0,0
POLICE NEGOTIATOR: How do you know? How do you know? ,,,,,,,,,,0,0
"GRANT: How do I know, because I won't have to do this anything anymore. ",,,,,,,,,,0,0
"POLICE NEGOTIATOR: Well, what happens if you’re killing yourself and nothing helps? You're 21 years old Grant. You have a whole life ahead of yourself. Okay? Problems can be corrected. We all make mistakes, Grant. So right now you haven't violated any laws. What's happened in the past, I can't say. But you need some help. ",3,,,,,2,,1,other: justifications; scarcity: you haven't done anything bad yet; social proof: we all make mistakes,1,1
"GRANT: If I haven't violated any laws then can you tell me why the police are, like, blocking off the street and why they have guns pointed at the house? ",,,,,,,,,,0,0
"POLICE NEGOTIATOR: Because we want to make sure that you're okay, that you're not getting hurt. ",1,,,,,,,,justifications,1,0
"GRANT: You are going to point guns and block off the street to make sure I am okay, but I haven't broken any laws? ",,,,,,,,,,0,0
"POLICE NEGOTIATOR: That's right. Okay. You know what the deal is Grant, okay? We don't know if there was somebody in the house with you, we still don’t know. Okay? ",,,,,,,,,,0,0
"GRANT: Well, let me give you – can I give you some background really quick? ",,,,,,,,,,0,0
POLICE NEGOTIATOR: Sure. ,,,,,,,,,,0,0
GRANT: I went through the Palomar Police Academy a couple of years ago. Okay? ,,,,,,,,,,0,0
POLICE NEGOTIATOR: Okay? ,,,,,,,,,,0,0
"GRANT: I have dealt with officers, I was an explorer on (?) police department. I know a little bit. I'm not a cop, I’m not (?), I don’t know the whole deal, but I know a little bit. And I know enough to know that when there’s cops out in front of the house and they’ve got the guns pointed on me and I’m talking to a negotiator and I have a gun in my hand, I know that there's going to be problems. There's going to be problems after this. I may go to jail and it's not going to be good. ",,,,,,,,,,0,0
"POLICE NEGOTIATOR: Grant. I can't guarantee you won’t go to jail, but let’s talk about your life getting some care. Okay? You’ve got some problem. We can get you to the people that will take care of those problems, okay. If you shoot yourself, like I said, what that’s going to cause? (A) It's going to upset your family. It's going to upset your friends. All right? And it's going upset other people. If you come outside, leave the gun in the house, then we can may get you some help. We’ll get you some professional, not a counselor, but some decent doctors. ",2,,1,,,,,,other: justifications; commitment: come outside,1,1
"GRANT: Yeah, I've been to the doctors. I've been to the counselor. I've been to the therapist. I've been to the best names of whoever there is out there and nothing helped. ",,,,,,,,,,0,0
POLICE NEGOTIATOR: Nothing helped? ,,,,,,,,,,0,0
GRANT: Nothing helped at all. ,,,,,,,,,,0,0
POLICE NEGOTIATOR: So you think by killing yourself -- ,,,,,,,,,,0,0
GRANT: I am talking to you just like I am talking to them and nothing helped. ,,,,,,,,,,0,0
"POLICE NEGOTIATOR: Okay. You need to buy us some program a little bit, Grant. You work anywhere? What do you do? ",,,,,,,,,,0,0
GRANT: I work at the Harley-Davidson shop. ,,,,,,,,,,0,0
"POLICE NEGOTIATOR: You ride motorcycle, obviously. ",,,,,,,,,,0,0
GRANT: No. I don't. ,,,,,,,,,,0,0
"POLICE NEGOTIATOR: You don't like, but you work there. You don't have a bike? ",,,,,,,,,,0,0
"GRANT: No, I don't. ",,,,,,,,,,0,0
POLICE NEGOTIATOR: How long have you lived in Oceanside. ,,,,,,,,,,0,0
GRANT: I moved to Oceanside when I was four from England and I worked here until I was ten. I moved from Oceanside to St. Louis until I was 13 and then I moved back here. ,,,,,,,,,,0,0
POLICE NEGOTIATOR: Okay. ,,,,,,,,,,0,0
GRANT: My dad is a retired Marine. ,,,,,,,,,,0,0
POLICE NEGOTIATOR: You dad is a retired Marine? ,,,,,,,,,,0,0
GRANT: Yes. ,,,,,,,,,,0,0
POLICE NEGOTIATOR: Okay. What high school did you go to? ,,,,,,,,,,0,0
"GRANT: I went to El Camino High School and from there I went to The School of Business and Technology, and from there I dropped out and got my (?). ",,,,,,,,,,0,0
POLICE NEGOTIATOR: Okay. How long did you go to El Camino? ,,,,,,,,,,0,0
"GRANT: Ninth, 10th and the first week of 11th. ",,,,,,,,,,0,0
POLICE NEGOTIATOR: Okay. All right. Did you like going to High School there? ,,,,,,,,,,0,0
GRANT: No. Not really. ,,,,,,,,,,0,0
"POLICE NEGOTIATOR: Okay. Well, I could understand that. Did you play any sport? ",,,,,,,,,,0,0
"GRANT: No, I didn't. ",,,,,,,,,,0,0
POLICE NEGOTIATOR: Okay. Do you surf or do anything like that? ,,,,,,,,,,0,0
"GRANT: No, I don't. ",,,,,,,,,,0,0
POLICE NEGOTIATOR: What do you like to do in your spare time? ,,,,,,,,,,0,0
GRANT: Nothing. ,,,,,,,,,,0,0
POLICE NEGOTIATOR: Nothing. You don’t play video games or anything? ,,,,,,,,,,0,0
GRANT: Nope. The only thing I used to do in my spare time was going out with my girlfriend. ,,,,,,,,,,0,0
POLICE NEGOTIATOR: Okay. And obviously you guys had some problems. ,,,,,,,,,,0,0
GRANT: Yeah. ,,,,,,,,,,0,0
POLICE NEGOTIATOR: Okay. ,,,,,,,,,,0,0
"GRANT: We broke up about a couple of months ago, okay. We broke up. I went to her work. I went to go -- talk to her one night. As I was talking to her, she was text messaging someone else. I snatched her phone out of her hand. I read the text message. She was text messaging one of her co-workers to come outside. When he came outside, I chased him to the parking lot and then I maced him and that was the night I got arrested in (?). And I got arrested for a robbery. I (?) chemical substance and the guy said that I tried to hit him with a car, so they got me (?) and then they got me for resisting arrest. ",,,,,,,,,,0,0
POLICE NEGOTIATOR: Okay. Did you fight with the cops when they tried to arrest you? ,,,,,,,,,,0,0
"GRANT: Well, kind of (?). As soon as they pulled out, they were yelling at me to get out of the car and before I even got the door open they yanked me out of the car and threw me on the ground. So I didn't even really have time to resist or really time to do anything. But everything got dropped, except for I got a misdemeanor with a chemical substance and I am on probation right now and I think it will make for three years. ",,,,,,,,,,0,0
POLICE NEGOTIATOR: Okay. ,,,,,,,,,,0,0
"GRANT: And also when I was in, my girlfriend got a temporary restraining order on me. And they brought that to me while I was in. The first night I got out, she called me and she’s waiting at my house to talk to me. So I talked to her. We had been talking for a few days, and she said she wanted to work things out. And then the next day, she didn't want to work things out and then the day after that she did and now she doesn’t and back and forth and -- ",,,,,,,,,,0,0
POLICE NEGOTIATOR: Are you there? ,,,,,,,,,,0,0
GRANT: Yeah. I’m here. ,,,,,,,,,,0,0
POLICE NEGOTIATOR: Are you there? ,,,,,,,,,,0,0
GRANT: Yeah. ,,,,,,,,,,0,0
POLICE NEGOTIATOR: Okay (?).How long you have been going out with her? ,,,,,,,,,,0,0
"GRANT: This would have been the fifth Christmas, that’s four years. ",,,,,,,,,,0,0
POLICE NEGOTIATOR: You have been together for a long time then? ,,,,,,,,,,0,0
GRANT: Yeah. I have known her since seventh grade at high school. ,,,,,,,,,,0,0
POLICE NEGOTIATOR: I can understand that. Okay. So it sounds like the game of feeling is the problem. ,,,,,,,,,,0,0
GRANT: Yeah. ,,,,,,,,,,0,0
"POLICE NEGOTIATOR: Okay. Did you guys ever live together or just boyfriend, girlfriend kind of thing? ",,,,,,,,,,0,0
GRANT: We've lived together a couple of times. ,,,,,,,,,,0,0
"POLICE NEGOTIATOR: Okay. Well, I think she still cares about you, you know. And well, maybe not as boyfriend, girlfriend, but she cares about you that you don’t hurt yourself. ",1,,,,,,,,justifications,1,0
GRANT: She called you guys? ,,,,,,,,,,0,0
"POLICE NEGOTIATOR: Well, I don't know who called. But if she's concerned about you, then she wants to get together, she still is concerned about you as a person, okay? It doesn't make a bloody difference who called right now. The main thing is, Grant, that we get you taken care of. Okay? What kind of gun do you have? ",1,,,,,,,,justifications,1,0
GRANT: It’s a .22 Ruger. ,,,,,,,,,,0,0
POLICE NEGOTIATOR: Okay. Is it a revolver or a semi-automatic? ,,,,,,,,,,0,0
"GRANT: It's a .22-caliber long rifle automatic pistol, but I think it’s a semi-automatic. ",,,,,,,,,,0,0
POLICE NEGOTIATOR: Okay. I mean does it have (?) like a old west -- ,,,,,,,,,,0,0
"GRANT: No, no. It’s (?). ",,,,,,,,,,0,0
POLICE NEGOTIATOR: Whose gun is it? ,,,,,,,,,,0,0
GRANT: What’s that? ,,,,,,,,,,0,0
POLICE NEGOTIATOR: Who does the gun belong to? ,,,,,,,,,,0,0
GRANT: I don’t know. I (?). ,,,,,,,,,,0,0
POLICE NEGOTIATOR: Okay. Did you buy it or get it from a friend? ,,,,,,,,,,0,0
GRANT: Yeah. I bought it from someone else. ,,,,,,,,,,0,0
POLICE NEGOTIATOR: Okay. How long did you have it? ,,,,,,,,,,0,0
GRANT: Just today. ,,,,,,,,,,0,0
POLICE NEGOTIATOR: Okay. Did you buy the gun just to kill yourself? ,,,,,,,,,,0,0
"GRANT: Yeah, kind of. ",,,,,,,,,,0,0
"POLICE NEGOTIATOR: Okay. Well, probably not a good idea. (?) could you come out and let us take care of you. You need to come, buddy, all right? Where are your parents at right now? ",,,2,,1,,,,commitment: come outside; liking: buddy,1,1
GRANT: I can barely hear you. ,,,,,,,,,,0,0
POLICE NEGOTIATOR: I'm sorry. How is that? Is that better? ,,,,,,,,,,0,0
GRANT: Yes. ,,,,,,,,,,0,0
"POLICE NEGOTIATOR: I got one of those (?) mikes, kind of where you can talk wearing one. Where are your parents at right now? ",,,,,,,,,,0,0
GRANT: I think they went to go take a field trip in (?). ,,,,,,,,,,0,0
POLICE NEGOTIATOR: Okay. When are they supposed to come back? ,,,,,,,,,,0,0
GRANT: Not till the weekend. ,,,,,,,,,,0,0
POLICE NEGOTIATOR: Okay. Is your brother with them? ,,,,,,,,,,0,0
GRANT: Yeah. ,,,,,,,,,,0,0
POLICE NEGOTIATOR: Okay. How old is your brother? ,,,,,,,,,,0,0
GRANT: I don’t want to talk about him. ,,,,,,,,,,0,0
POLICE NEGOTIATOR: Well. I just want to have some information. How old is your brother? Just give me his age. ,1,,,,,,,,"Grant doesn’t want to talk about his brother, but the negotiator gives him a justification to tell him the info",1,0
GRANT: He is still 11. ,,,,,,,,,,0,0
POLICE NEGOTIATOR: Okay. ,,,,,,,,,,0,0
GRANT: So many cops out here? ,,,,,,,,,,0,0
POLICE NEGOTIATOR: I don’t know. ,,,,,,,,,,0,0
GRANT: They are just watching (?) ,,,,,,,,,,0,0
"POLICE NEGOTIATOR: No, (?) there is no point in that. What I want to know is what can I do to get you to come outside the house? ",,,,,,,,,,0,0
GRANT: You can call XXXXX and tell her what’s going on. ,,,,,,,,,,0,0
"POLICE NEGOTIATOR: I can call XXXXX, what’s XXXXX's phone number? ",,,,,,,,,,0,0
GRANT: XXXXXXXX ,,,,,,,,,,0,0
POLICE NEGOTIATOR: Okay. Now this is your girlfriend? ,,,,,,,,,,0,0
GRANT: Yeah. ,,,,,,,,,,0,0
POLICE NEGOTIATOR: What’s XXXXX's last name? ,,,,,,,,,,0,0
GRANT: Souva. ,,,,,,,,,,0,0
POLICE NEGOTIATOR: I'm sorry? ,,,,,,,,,,0,0
GRANT: Souva. ,,,,,,,,,,0,0
POLICE NEGOTIATOR: How do you spell that? ,,,,,,,,,,0,0
GRANT: SOUVA. ,,,,,,,,,,0,0
POLICE NEGOTIATOR: Okay. And how old is she? ,,,,,,,,,,0,0
GRANT: She is the same age. ,,,,,,,,,,0,0
POLICE NEGOTIATOR: She is going to be 21 shortly. ,,,,,,,,,,0,0
GRANT: She will be 21 on January 22nd. ,,,,,,,,,,0,0
POLICE NEGOTIATOR: Okay. ,,,,,,,,,,0,0
GRANT: She was in Vista with her parents. ,,,,,,,,,,0,0
POLICE NEGOTIATOR: Okay. Did she work anywhere? ,,,,,,,,,,0,0
GRANT: Yeah. She worked at (?). ,,,,,,,,,,0,0
"POLICE NEGOTIATOR: Okay. Is that where you got into trouble, out over in (?) ",,,,,,,,,,0,0
GRANT: Yeah. ,,,,,,,,,,0,0
POLICE NEGOTIATOR: Okay. When is your birthday? ,,,,,,,,,,0,0
GRANT: January 5th of 1987. ,,,,,,,,,,0,0
POLICE NEGOTIATOR: Okay. So your 21st birthday is coming up? ,,,,,,,,,,0,0
GRANT: Yeah. ,,,,,,,,,,0,0
POLICE NEGOTIATOR: Okay. Did you make any plans or anything on your birthday? ,,,,,,,,,,0,0
"GRANT: The only plans I had was to spend with my girlfriend, but -- ",,,,,,,,,,0,0
"POLICE NEGOTIATOR: Okay, I can understand. Well, like I said, Grant, unfortunately or fortunately there’s lot more women out there, lot more girls. And evidently, whatever happens, one way or another, killing yourself isn't going to -- it's not going to make things better. It's just going to make things worse. You understand what I'm saying? You got to think of your friends, man. Christmas time you should think about your family and friends. Okay. You still have friends in the area that went to El Camino High School? ",1,,,,,,,,justifications,1,0
"GRANT: Yeah, I got quite good friends. ",,,,,,,,,,0,0
POLICE NEGOTIATOR: Okay. Do you like some of them? ,,,,,,,,,,0,0
GRANT: Yeah. I love my friends. ,,,,,,,,,,0,0
"POLICE NEGOTIATOR: Okay. I like my friends too. I graduated a long time ago from Oceanside High. I’m a Pirate. But when I was in school (?) I coach football and wrestling with (?) but if you don’t want to meet your friends back, because you know it's fun to do, it's fun to get together with your friends and party a little bit. You’re going to be 21, you could drink some beer. You probably had some beers right now, but you need to think of the good times that you had. The good times outweigh the bad times, a million to one. ",,,,,1,,,,similar youth experience?,1,1
GRANT: No. ,,,,,,,,,,0,0
"POLICE NEGOTIATOR: Oh, yeah. Oh, yeah. ",,,,,,,,,,0,0
GRANT: I got way too many bad times to outweigh the good times. ,,,,,,,,,,0,0
"POLICE NEGOTIATOR: No, no. Grant, you're 20 years old. You got your whole life ahead of you. Okay. We all stumble a little bit and you fall down, but you know what. You got to get yourself back up. All right? And the best thing you could do is put that gun down, come outside, and the officers will tell you how to come outside and as I just alluded to, they're going to handcuff you, they're going to make sure you don't have any weapons on you. And then we’ll take you to the hospital, Tri-City or some place, and – that you see a doctor, you can calm down a little bit, if you need to talk and sit down and cry, or have a cigarette or whatever, we'll see that you do that. There's nothing wrong with that. Okay? ",3,,2,,,,,1,other: justifications; commitment: come outside; social proof: we all stumble,1,1
"GRANT: You called XXXXX, what did she say? ",,,,,,,,,,0,0
"POLICE NEGOTIATOR: No, I haven't called her, right, I got a note to my – to one of my partners here to call up, and obviously she's going to talk to you. Okay? Like you said, XXXXX probably knows what's going on. You know what I mean? ",,,,,,,,,,0,0
GRANT: Yes. Will she be in contact with us?,,,,,,,,,,0,0
"POLICE NEGOTIATOR: I have no idea. Grant, have you had anything to drink today or taken any dope or anything. ",,,,,,,,,,0,0
GRANT: No. ,,,,,,,,,,0,0
"POLICE NEGOTIATOR: Okay. So what do you say? I think, you want to come outside. ",,,1,,,,,,come outside,1,1
"GRANT: No, no. ",,,,,,,,,,0,0
POLICE NEGOTIATOR: Okay. You think you’re going to want to come outside later. ,,1,,,,,,,smaller request,1,1
GRANT: I don't know. ,,,,,,,,,,0,0
POLICE NEGOTIATOR: Okay. Can I get you at least to put the gun down? ,,1,,,,,,,smaller request,1,1
GRANT: No. ,,,,,,,,,,0,0
POLICE NEGOTIATOR: How about if I get you to take the magazine or the clip out of the gun. ,,1,,,,,,,smaller request,1,1
"GRANT: (?) the gun out of my hand, I’ll take them back from there. ",,,,,,,,,,0,0
"POLICE NEGOTIATOR: Well I'm just -- baby sense here, Grant, baby sense. You know that? Trying to help you out. You understand where I'm coming from? ",,,,,,,,,,0,0
GRANT: No -- I probably understand where you're coming from. ,,,,,,,,,,0,0
POLICE NEGOTIATOR: Okay. And you understand (?) ,,,,,,,,,,0,0
"GRANT: Yeah, I know that. ",,,,,,,,,,0,0
"POLICE NEGOTIATOR: Okay, and you need to understand, because we don't want to hurt you. We don't want you to hurt yourself, we don't want you to hurt your friends, we don't want to you to damage your parents’ house. How long have you lived there in that house? ",1,,,,,,,,justifications,1,0
GRANT: Maybe a year and a half. ,,,,,,,,,,0,0
POLICE NEGOTIATOR: Okay. ,,,,,,,,,,0,0
GRANT: (?) ,,,,,,,,,,0,0
POLICE NEGOTIATOR: Maybe a little better neighborhood? ,,,,,,,,,,0,0
"GRANT: No, it's a – do you like the other neighborhood better. ",,,,,,,,,,0,0
"POLICE NEGOTIATOR: Oh. no, we’re used to it? ",,,,,,,,,,0,0
GRANT: (?) ,,,,,,,,,,0,0
"POLICE NEGOTIATOR: Oh, yeah. Okay. ",,,,,,,,,,0,0
GRANT: (?) ,,,,,,,,,,0,0
POLICE NEGOTIATOR: What kind of car do you have? ,,,,,,,,,,0,0
GRANT: The Blue F-150(?). ,,,,,,,,,,0,0
POLICE NEGOTIATOR: Is it a four-by or just a regular two-by? ,,,,,,,,,,0,0
GRANT: It’s a regular truck. ,,,,,,,,,,0,0
"POLICE NEGOTIATOR: Okay. What do you do over the Harley Shop? Which one do you work at, the (?)? ",,,,,,,,,,0,0
GRANT: Yeah. ,,,,,,,,,,0,0
POLICE NEGOTIATOR: What do you do there? ,,,,,,,,,,0,0
"GRANT: I work in parts department, detailing department. ",,,,,,,,,,0,0
"POLICE NEGOTIATOR: Okay, like a salesman? ",,,,,,,,,,0,0
"GRANT: No, just kind of the golfer. ",,,,,,,,,,0,0
"POLICE NEGOTIATOR: Yes, do you like it? ",,,,,,,,,,0,0
"GRANT: Yes, it’s pretty good. ",,,,,,,,,,0,0
"POLICE NEGOTIATOR: Okay, how long have you been there? ",,,,,,,,,,0,0
GRANT: Since five months. ,,,,,,,,,,0,0
"POLICE NEGOTIATOR: Okay, where did you work before that? ",,,,,,,,,,0,0
"GRANT: Before that, I worked for -- worked for my friend's construction company in Oklahoma(?). And before that I worked for an automotive finance company in Oceanside. Before that I worked at (?), before that I worked at a new shop in (?) and before that I worked at Legovan(?). ",,,,,,,,,,0,0
"POLICE NEGOTIATOR: Oh, what did you do at Legovan. ",,,,,,,,,,0,0
GRANT: I was a ride operator. ,,,,,,,,,,0,0
"POLICE NEGOTIATOR: Oh, cool. What ride? ",,,,,,,,,,0,0
"GRANT: In the (?) in the boats, little kid rides. ",,,,,,,,,,0,0
"POLICE NEGOTIATOR: Yes. I always wanted to get a job at Disneyland, operate the jumbo(?). But there is a Legovan, where my son when he was younger he wanted to first go (?). How long you worked there? ",,,,,,,,,,0,0
GRANT: Just this summer. ,,,,,,,,,,0,0
POLICE NEGOTIATOR: Yes. ,,,,,,,,,,0,0
"GRANT: Three months, four months. ",,,,,,,,,,0,0
POLICE NEGOTIATOR: Was it cool? Do you like it? ,,,,,,,,,,0,0
"GRANT: Yeah, it was all right. ",,,,,,,,,,0,0
POLICE NEGOTIATOR: Good. Okay. So you like the job over at the -- with the Harley-Davidson Shop? ,,,,,,,,,,0,0
"GRANT: Yeah, it's okay. ",,,,,,,,,,0,0
"POLICE NEGOTIATOR: Okay. Well, Grant you got to think about those kinds of things. Look, you’ve got a good job, you got a nice truck, and you got people that care about you. You know what I'm saying? It'd be nice if you could come outside and we’ll get you taken care of. Okay, I guarantee you that. Do you smoke a cigarette or anything? ",2,,1,,,,,,"other: justifications, guarantee; commitment: come outside",1,1
"GRANT: Again, I will be back in Vista by the night too. ",,,,,,,,,,0,0
"POLICE NEGOTIATOR: No, no, no, you won't be. We're going to take you to the hospital and we'll get you checked out with that kind of a deal. But I can't say that you -- sometimes you may have been at Vista, but it's not like you're going to be in there forever. If you kill yourself, that's forever, done. ",1,,,,,,,,justification,1,0
GRANT: I don’t think about anything. ,,,,,,,,,,0,0
"POLICE NEGOTIATOR: Well, you never know. You never know what's going to happen after you die. Where you’re going to end up, what’s going to happen to your soul. Okay? We all have bad days, but the good days are going to come. All right? (?) ",,,,,,,,1,we all have bad days,1,1
GRANT: That was what she wanted. ,,,,,,,,,,0,0
POLICE NEGOTIATOR: Okay. Did you have a good Christmas here today? ,,,,,,,,,,0,0
GRANT: Whats that? ,,,,,,,,,,0,0
POLICE NEGOTIATOR: How was your Christmas here today? Was it good? ,,,,,,,,,,0,0
"GRANT: Yeah, it was pretty good. ",,,,,,,,,,0,0
"POLICE NEGOTIATOR: You don't want to leave your parents with that memory. You had a good Christmas, and the next day, Grant killed himself. It’s not worth it Mac, it’s not worth it. Grant, I want you to put the gun down, come outside and talk to the officers. Okay? ",2,,1,,,,,,other: justifications; commitment: come outside,1,1
GRANT: How do you know I still have the gun. Where are they? You’re looking at me? ,,,,,,,,,,0,0
"POLICE NEGOTIATOR: No, I'm assuming you still got the gun in your hands. Do you? ",,,,,,,,,,0,0
"GRANT: Yeah, I do. ",,,,,,,,,,0,0
"POLICE NEGOTIATOR: Okay, all right. I want you to put the gun down and come outside. ",,,1,,,,,,come outside,1,1
"GRANT: Did you call XXXXX yet, what did she say? ",,,,,,,,,,0,0
"POLICE NEGOTIATOR: No, I haven't talked to her. I'm busy talking with you. I don't know, one of my partners is trying to get hold of her. I don't know. My concern, I want to get you out of the house, okay, then we'll get you some medical help, get you through right away, and you may have to go to Vista. Not tonight, not tomorrow, but at sometime, just to take care of those other things. What you need to do is tell your probation officer, hey, XXXXX came over to -- tried to talk with me and all that kind of stuff. ",,,,,,,,,,0,0
"GRANT: Yeah, I don't have a probation officer or anything like that. ",,,,,,,,,,0,0
POLICE NEGOTIATOR: Okay. Did they give you a number to contact or anything or do you have any other contacts with police? ,,,,,,,,,,0,0
GRANT: Nothing like that. ,,,,,,,,,,0,0
POLICE NEGOTIATOR: Okay. How about – did you have a public defender. ,,,,,,,,,,0,0
GRANT: Yeah. ,,,,,,,,,,0,0
"POLICE NEGOTIATOR: Okay. If you've got his phone number, you can -- kind of call him too. To be honest with you, I have worked at domestic violence a couple of years back when I was a detective, and the women, the chicks, they always want to get a restraining order, (?) come to my office, and boom, they want to say, well, I want him arrested, he violated the order. You're going to have to talk -- she called me, she came over to see me. You think there is any chance that you still might get back together? ",,,,,,,,1,customary stuff with restraining orders;' it's normal so don’t worry about it,1,1
"GRANT: I don’t know. That’s what I was hoping for. Like I said, when I got out, she came to me and she said, she was sorry and she wanted to work it out and this and that. Then we’ve been kind of working it out, and then -- ",,,,,,,,,,0,0
POLICE NEGOTIATOR: Okay. ,,,,,,,,,,0,0
GRANT: Then she kind of -- she didn't want to anymore. ,,,,,,,,,,0,0
POLICE NEGOTIATOR: Okay. ,,,,,,,,,,0,0
"GRANT: Then now she's kind of been like cold turkey, nothing. ",,,,,,,,,,0,0
"POLICE NEGOTIATOR: Well, here's the deal. If she is the one that did call us, and definitely she cares enough about you, to call us, to check on your welfare, to make sure you don’t hurt yourself. Is it not fair? ",1,,,,,,,,justifications,1,0
GRANT: That really makes sense. ,,,,,,,,,,0,0
"POLICE NEGOTIATOR: Okay. So, Grant, the sooner you come out, the sooner we can get you help and then everything will be cool. Did you go for work today? ",,,,,,1,,,the sooner the better,1,1
"GRANT: Yes, I worked today. ",,,,,,,,,,0,0
"POLICE NEGOTIATOR: Okay, what time did you get off? ",,,,,,,,,,0,0
"GRANT: I'm don’t know, 11 or 11:30. ",,,,,,,,,,0,0
"POLICE NEGOTIATOR: Okay, did you get off or did you just leave the office? ",,,,,,,,,,0,0
GRANT: I just left. ,,,,,,,,,,0,0
"POLICE NEGOTIATOR: Okay. So, why don't you put the gun down and come outside, we'll get you some help. Because you get a lot of people, they care about you. ",,,1,,2,,,,commitment: come outside; liking: people care about you,1,1
GRANT: You're saying a lot of people. Who is the lot of people that care about me. ,,,,,,,,,,0,0
"POLICE NEGOTIATOR: Well, obviously, your parents care about you, probably your little brother. You said you had a lot of friends, since you were in the high school, those whom you would like to be with. Whether it’s one or 100, that’s a lot of friends. (?) Okay. ",,,,,1,,,,people care about you,1,1
"GRANT: Okay, but I don't see any one of them standing outside. ",,,,,,,,,,0,0
"POLICE NEGOTIATOR: Well, because they probably don't know about it. You know how police stuff goes, will not let anybody get close to the house. You know what I mean ? ",1,,,,,,,,justifications,1,0
GRANT: Yes. ,,,,,,,,,,0,0
"POLICE NEGOTIATOR: Okay. Maybe they're not there, but I guarantee that they are going to want to -- they care about you. They want to see the true thing. ",,,,,1,,,,people care about you,1,1
GRANT: Is there an ambulance or fire truck outside or anything? ,,,,,,,,,,0,0
POLICE NEGOTIATOR: I have no idea. There could be. I don't know what is going on. ,,,,,,,,,,0,0
"GRANT: I see cops pointing with their guns, because (?). ",,,,,,,,,,0,0
"POLICE NEGOTIATOR: Well, no. ",,,,,,,,,,0,0
GRANT: Somebody is going to kill themselves if they're going to have guns pointed at me. ,,,,,,,,,,0,0
"POLICE NEGOTIATOR: Grant, can I tell you something, put the [Explicit Language], okay? ",,,,,,,,,,0,0
"GRANT: No there is no [Explicit Language], I just -- ",,,,,,,,,,0,0
"POLICE NEGOTIATOR: Yes, there is. Yes, there is. ",,,,,,,,,,0,0
"GRANT: No, I appreciate, but you just had [Explicit Language] telling me how it is. ",,,,,,,,,,0,0
POLICE NEGOTIATOR: I'm telling you exactly how it is -- ,,,,,,,,,,0,0
GRANT: They are going to take me out of here. They are going to take me right to Vista. ,,,,,,,,,,0,0
POLICE NEGOTIATOR: No. What did I say? ,,,,,,,,,,0,0
GRANT: (?) ,,,,,,,,,,0,0
"POLICE NEGOTIATOR: Grant, will you shut up for a second and listen to what I'm saying. Did I tell you we're going to take you to Vista? No. We are probably going to take you to Tri-City Hospital or County Middle Health(?) to get things worked out. I'm not going to [Explicit Language] you on that. That's the truth. And you know what is the truth. You haven't done anything wrong today. Okay? ",2,,,,,1,,,"other: self-consistency, trust; scarcity: you haven't done anything wrong",1,1
GRANT: (?). ,,,,,,,,,,0,0
"POLICE NEGOTIATOR: I want to help you, because believe me, if we wanted to turn this (?) training, you've seen Vista, we can roll the doors off of that house, be in there in two seconds (?). ",,,,,,,,1,normally we could knock the doors down and drag you out but we want to help you,1,1
"GRANT: Yeah, I know. But you guys like to play the waiting game, just so that you have a couple of hours, so it gets dark, let me negotiate with you for the whole day and then you guys will bust in. ",,,,,,,,,,0,0
POLICE NEGOTIATOR: Why? Why do we need to bust in? ,,,,,,,,,,0,0
GRANT: I don’t know. ,,,,,,,,,,0,0
POLICE NEGOTIATOR: We don't need to bust in. ,,,,,,,,,,0,0
"GRANT: Well, you guys bust in half the time. ",,,,,,,,,,0,0
"POLICE NEGOTIATOR: Because there is somebody being held hostage, somebody is injured. We're serving a (?). We are here to check on your welfare, your safety. We want to get you out of the house without a weapon, so nobody gets hurt. We want no one to get hurt. That's our goal. We like you to come outside. ",1,,,,,,,,justifications,1,0
GRANT: No. ,,,,,,,,,,0,0
POLICE NEGOTIATOR: Why not? ,,,,,,,,,,0,0
GRANT: Because I don’t think it's going to do any good. ,,,,,,,,,,0,0
POLICE NEGOTIATOR: So killing yourself is going to do some good? ,1,,,,,,,,rhetorical justifications,1,0
"GRANT: Well, obviously, I don't have to think about anything else. ",,,,,,,,,,0,0
"POLICE NEGOTIATOR: You don't, but that's the easy way out. What about your mother and father, your brother, your friends. Don't let them down. What’s that? ",1,,,,,,,,sense of duty to your parents and family,1,0
GRANT: What about them? ,,,,,,,,,,0,0
"POLICE NEGOTIATOR: Well, how upset are they going to be? ",1,,,,,,,,sense of duty to your parents and family,1,0
GRANT: I don't want to upset my friends. ,,,,,,,,,,0,0
POLICE NEGOTIATOR: And you're going to let all those people down like that? ,1,,,,,,,,sense of duty to your parents and family,1,0
GRANT: It wouldn’t be the first time I let any of them down. ,,,,,,,,,,0,0
"POLICE NEGOTIATOR: Well, have they been there to support you when you had problems? ",,,,,,,,,,0,0
GRANT: Sometimes. ,,,,,,,,,,0,0
"POLICE NEGOTIATOR: Yeah, funny thing about parents. You may fall down, you may have some problems, but they are there just to support you, sometimes they show love, sometimes it’s a kick on the butt, okay, but you have friends, they all make the same mistakes. Believe me, nobody is perfect. Did you have anything to eat today, Grant? ",,,,,1,,,,nobody's perfect; your parents love you,1,1
"GRANT: No, nothing. ",,,,,,,,,,0,0
"POLICE NEGOTIATOR: Okay, are you hungry? ",,,,,,,,,,0,0
GRANT: No. ,,,,,,,,,,0,0
POLICE NEGOTIATOR: Okay. Did your folks leave you food in the house? ,,,,,,,,,,0,0
"GRANT: Yeah, there’s plenty of food and water and everything else. ",,,,,,,,,,0,0
"POLICE NEGOTIATOR: Okay, that's good. Obviously, your mom and dad care about you. Do they care about you? ",,,,,,,,,,0,0
"GRANT: Yeah, of course, they do. ",,,,,,,,,,0,0
"POLICE NEGOTIATOR: Okay. And whatever happens when you come out, I'm sure they're going to still love you. But you need to be there so they can love you. Like I said, like you got a pretty good job, you got a nice car, you got some people, you got a family that cares about you, okay? How about your little brother, what's he going to think if he doesn’t have a big brother to help him with his life? ",1,,,,,,,,justifications,1,0
GRANT: I haven’t really thought of that. ,,,,,,,,,,0,0
"POLICE NEGOTIATOR: Yeah, there is no relationship like a brother and brother, you know that. You may want to kick his arse sometimes, but you know what, he’s your little brother. I bet you take care of him. And you know what, he probably he looks up a lot to you. You need to help your little brother and turn him into a real man. And I'm not going to do anything silly – he is probably the most important person you should take care of, just like yourself, he is your little brother -- and your mom and dad. And if things don’t work out between you and XXXXX, hey, like I said, there’s lots of women out there, and you can find somebody. I know it’s hard, but it sounds like you’ve got your sweetheart since high school. And believe me, my heart was broken by my sweetheart at high school too. Okay? What’s your brothers name? ",2,,,,1,,,,other: justifications; liking: I had a gf too,1,1
GRANT: XXXXX. ,,,,,,,,,,0,0
POLICE NEGOTIATOR: What is it? ,,,,,,,,,,0,0
GRANT: XXXXX. ,,,,,,,,,,0,0
POLICE NEGOTIATOR: XXXXX? ,,,,,,,,,,0,0
GRANT: Yeah. ,,,,,,,,,,0,0
POLICE NEGOTIATOR: What school does XXXXX go to? ,,,,,,,,,,0,0
GRANT: Close about. ,,,,,,,,,,0,0
POLICE NEGOTIATOR: Does he surf at all? ,,,,,,,,,,0,0
GRANT: No. ,,,,,,,,,,0,0
POLICE NEGOTIATOR: Okay. (?) came to win it all the time. (?) place he needs to go? ,,,,,,,,,,0,0
"GRANT: Yeah, sometimes. ",,,,,,,,,,0,0
"POLICE NEGOTIATOR: Okay. If you're not there to do that, who is going to be there to help him? ",1,,,,,,,,justifications,1,0
GRANT: My parents. ,,,,,,,,,,0,0
"POLICE NEGOTIATOR: Well, sometimes your parents are busy doing other things. Sometimes it’s good that a brother takes his younger brother out. ",1,,,,,,,,justifications,1,0
"GRANT: What did XXXXX say, did you call her yet? ",,,,,,,,,,0,0
"POLICE NEGOTIATOR: No, I didn't call her. I don't know what she said. She probably is concerned about you. Okay. ",,,,,,,,,,0,0
GRANT: All right? ,,,,,,,,,,0,0
"POLICE NEGOTIATOR: Like I said, I am on the phone with you the whole time. (?) on a comfortable chair? ",,,,,,,,,,0,0
"GRANT: Yeah, I'm comfortable. ",,,,,,,,,,0,0
"POLICE NEGOTIATOR: All right. (?). What do you have, a couch or a recliner? ",,,,,,,,,,0,0
GRANT: A couch. ,,,,,,,,,,0,0
POLICE NEGOTIATOR: Okay. ,,,,,,,,,,0,0
GRANT: Every building in the house is locked except for the front door. The front door is the only door that’s open. ,,,,,,,,,,0,0
POLICE NEGOTIATOR: Okay. Is unlocked you mean? ,,,,,,,,,,0,0
"GRANT: Yeah. I left it unlocked, front door is unlocked. ",,,,,,,,,,0,0
POLICE NEGOTIATOR: Why did you lock all the doors? ,,,,,,,,,,0,0
GRANT: What's that? ,,,,,,,,,,0,0
POLICE NEGOTIATOR: Why did you lock all the doors but leave the front door open? ,,,,,,,,,,0,0
GRANT: I didn't lock any of the doors. I got home from work and my parents have locked the house. ,,,,,,,,,,0,0
POLICE NEGOTIATOR: I see. ,,,,,,,,,,0,0
"GRANT: So I just -- the front door is the only door I unlocked. If anything happens there is -- we have to go through out the side and deal with the dog, you can just come in the front and be in here -- ",,,,,,,,,,0,0
POLICE NEGOTIATOR: What’s your dog’s name? ,,,,,,,,,,0,0
GRANT: My dog’s name is Rodman. ,,,,,,,,,,0,0
POLICE NEGOTIATOR: One more time? ,,,,,,,,,,0,0
GRANT: Like Denis Rodman. ,,,,,,,,,,0,0
"POLICE NEGOTIATOR: Oh, Rodman. Yes, I got you. You named him after him? ",,,,,,,,,,0,0
GRANT: Yeah. ,,,,,,,,,,0,0
POLICE NEGOTIATOR: It is your dog? ,,,,,,,,,,0,0
GRANT: Yeah. He is my first. ,,,,,,,,,,0,0
POLICE NEGOTIATOR: Okay. Who's going to take care of the dog if you are not there? ,1,,,,,,,,justifications,1,0
GRANT: My dad. ,,,,,,,,,,0,0
"POLICE NEGOTIATOR: Well. Is your dad – he’s retired from Marine, you said? ",,,,,,,,,,0,0
GRANT: Yeah. ,,,,,,,,,,0,0
"POLICE NEGOTIATOR: So he’s retired, is he working anywhere? ",,,,,,,,,,0,0
"GRANT: Yes, he works. ",,,,,,,,,,0,0
POLICE NEGOTIATOR: Where does he work at? ,,,,,,,,,,0,0
GRANT: Some oil (?). ,,,,,,,,,,0,0
"POLICE NEGOTIATOR: Okay. How about your mom, does she work? ",,,,,,,,,,0,0
"GRANT: Yes, she works for (?). ",,,,,,,,,,0,0
POLICE NEGOTIATOR: Sounds like a financial thing? ,,,,,,,,,,0,0
GRANT: Yeah. ,,,,,,,,,,0,0
POLICE NEGOTIATOR: Okay. Are you watching TV or anything or just talking to me? ,,,,,,,,,,0,0
"GRANT: No, I’m just talking to you. ",,,,,,,,,,0,0
"POLICE NEGOTIATOR: So, you’re sitting on the couch or lying down on the couch? ",,,,,,,,,,0,0
GRANT: Right now I’m sitting down in the couch. ,,,,,,,,,,0,0
"POLICE NEGOTIATOR: Okay. All right. Well, why don’t you put the gun down and come outside? ",,,1,,,,,,come outside,1,1
GRANT: I am not going to do that right now. ,,,,,,,,,,0,0
POLICE NEGOTIATOR: You think you’re going to be able to do it sometimes here in the evening? ,,1,,,,,,,smaller request,1,1
GRANT: What’s that? ,,,,,,,,,,0,0
POLICE NEGOTIATOR: You think you’re willing to come out sometimes during the evening. ,,1,,,,,,,same smaller request,1,1
GRANT: I don't know. I don’t really see it happening right now. ,,,,,,,,,,0,0
"POLICE NEGOTIATOR: Okay, why not? ",,,,,,,,,,0,0
"GRANT: Like I told you before, I don’t think there’s anybody who is going to help me, and I don’t want to go back to Vista. ",,,,,,,,,,0,0
POLICE NEGOTIATOR: So that’s worth killing yourself over. ,1,,,,,,,,rhetorical justification,1,0
"GRANT: Yes, it is. I was only in there for five days, but it wouldn’t be worth a day to go back. ",,,,,,,,,,0,0
POLICE NEGOTIATOR: What are your mom and dad going to say when they find out you killed yourself? ,1,,,,,,,,justifications,1,0
GRANT: I don’t know. They probably might be pretty upset about it. ,,,,,,,,,,0,0
POLICE NEGOTIATOR: Yes. I would imagine (?) and then who is your little brother going to have to look up to. ,1,,,,,,,,justifications,1,0
GRANT: He could look up to my dad. ,,,,,,,,,,0,0
"POLICE NEGOTIATOR: Well, don’t you think it would be better if he looked up to you as an older brother? ",1,,,,,,,,justifications,1,0
"GRANT: Yeah, as long as I was around, but I don’t think I may be around. ",,,,,,,,,,0,0
POLICE NEGOTIATOR: Why not? ,,,,,,,,,,0,0
GRANT: (?) I don’t think I want to be around here any longer. ,,,,,,,,,,0,0
POLICE NEGOTIATOR: Okay. So you got the gun to your chest. What is that going to solve? ,,,,,,,,,,0,0
GRANT: (?) ,,,,,,,,,,0,0
"POLICE NEGOTIATOR: Well. May be, maybe not. You know what's going to happen to you when you die? That’s the thing, Grant, we don't know. We don't know, we just -- yeah, you are right. People who have died, we don't know what's going to happen. Is there heaven, is there hell? (?). But you come out today, we’ll make things better, get you some help, and if you have other problems with XXXXX, take care of that stuff and then move on. You sound like you are a pretty intelligent guy. You know, you’ve got a good job, you can move out of the job, you got a nice car, you’ve got people to care about you. Okay? You’re very articulate, I can tell that by talking to you. You’re not going to solve any problems; you’re just going to create a ton of problems for everybody else. Okay? ",1,,,,2,,,,other: justifications; liking: lots of compliments,1,1
GRANT: Okay. ,,,,,,,,,,0,0
"POLICE NEGOTIATOR: You need to take care of the little problems you have, which are little. They seem big, and the big picture (?) little. Nobody has been hurt, and nobody is going to get hurt. A lot of people depend on you. Okay? Not financially, but a lot of people depend on you mentally, physically and emotionally. ",1,,,,,,,,justifications,1,0
GRANT: Yes. ,,,,,,,,,,0,0
POLICE NEGOTIATOR: Okay? Do you get along with your parents pretty good? ,,,,,,,,,,0,0
GRANT: I do get along with them. ,,,,,,,,,,0,0
POLICE NEGOTIATOR: Okay. Did they get you anything at all for Christmas? ,,,,,,,,,,0,0
"GRANT: Yes, not much. ",,,,,,,,,,0,0
POLICE NEGOTIATOR: Okay. So they got you some things? ,,,,,,,,,,0,0
GRANT: Yes. ,,,,,,,,,,0,0
"POLICE NEGOTIATOR: Okay. You know, when you get older, you don’t get the cool things like the trucks and all that kind of stuff. Did your brother get any cool things? ",,,,,,,,,,0,0
GRANT: (?). ,,,,,,,,,,0,0
"POLICE NEGOTIATOR: Your brother is going to need help. He’s going to need help growing up. Okay? Your mom and dad are going to need help too. You know your dad did 20 years in the Core and now he is still working, he’s going to retire soon and he is going to need your help, and I can assure you’ve got a lot to live for, and if you kill yourself, you’re just going to upset a lot of other people, and that’s not going to do any good. Grant, why don’t you to put that gun down and come outside? ",2,,1,,,,,,other: justifications; commitment: come outside,1,1
GRANT: I don't know. I was thinking that I’ve gone too far now. ,,,,,,,,,,0,0
"POLICE NEGOTIATOR: No, have you hurt anybody? No. Is anybody dead? No. (?) right now, you have not broken any laws. Okay? But we wanted to just get you some help. You got an emotional breakdown, it happens. Okay. You know that. (?) People have problems. And you know that I want to help you take care of that problem. ",,,,,,2,,1,scarcity: the situation is not that bad; social proof: all people have problems,1,1
"GRANT: So what do I do now, just sitting and waiting for you to come in or what? ",,,,,,,,,,0,0
"POLICE NEGOTIATOR: Definitely. (?) They are not going to come in, that’s why we are asking you to come out. Don’t you believe if we were going to come in we would have come in a long time ago. ",1,,,,,,,,justifications,1,0
GRANT: Not necessarily. ,,,,,,,,,,0,0
POLICE NEGOTIATOR: Well I think so. ,,,,,,,,,,0,0
GRANT: So what are they going to do if they hear a shot? ,,,,,,,,,,0,0
"POLICE NEGOTIATOR: Well they’ll probably wait. And I will try to talk to you on the phone. I don't want to hear any shot; you don't need to do anything like that. Grant, why do you want to hurt yourself? ",,,,,,,,,,0,0
GRANT: Just I don’t want to deal with any more of these problems. ,,,,,,,,,,0,0
"POLICE NEGOTIATOR: Okay, they are not – you have the big problems right now. But if could take care of them, it will be over before you know it, and you can move on with your life; life is much more important. Okay? You work, you take care of yourself, all right. You sound like you're a smart guy, very articulate. Okay? Also, you got a pretty decent job. ",,,,,1,,,,compliments,1,1
GRANT: (?) ,,,,,,,,,,0,0
POLICE NEGOTIATOR: Well I don't know. ,,,,,,,,,,0,0
GRANT: And why should I stick with anything that I do? ,,,,,,,,,,0,0
POLICE NEGOTIATOR: I don't now. ,,,,,,,,,,0,0
"GRANT: You don't know, and no one else can help me with that. I’m just having problems in everything that I do. ",,,,,,,,,,0,0
POLICE NEGOTIATOR: Okay. Have you been diagnosed with ADD or anything like that? ,,,,,,,,,,0,0
GRANT: No I haven't. ,,,,,,,,,,0,0
"POLICE NEGOTIATOR: Okay. Well maybe what needs to happen is, is you need to give it another doctor and maybe there's some sort of drug or something, they can help you do this, keep you a little more balanced. Do you have an anger problem? ",,,,,,,,,,0,0
GRANT: Yes. ,,,,,,,,,,0,0
"POLICE NEGOTIATOR: Okay, all right. Hey, everybody has a little bit of an anger problem (?) and how to control it. Okay. The problem is that you are getting angry and pissed off with everybody (?). Okay. And if you get upset and hurt yourself or shut yourself, we don't want that to happen. Okay. We could help you. We'll make sure you get some good help. Okay. We have an officer who is trained in the mental health thing, he’s got a nurse that rides with him. He’s working right now. And I guarantee, we'll make sure that you get in to see a good doctor tonight. All right? Well get the help you need, that you get the counseling and you could help alleviate with these problems. Okay? We all have problems, believe me. We all got problems. The good thing is you haven't hurt yourself, you haven't hurt XXXXX, you haven't hurt anybody else, and I don't want to see you hurting anybody, like killing yourself or hurting yourself. There are still many people out there, they care about you, okay, and appreciate everything that you do. And if it was XXXXX that called, she called because she cares about you. Okay? Not to get you in trouble, she cares about you. ",1,,,,,,,,justifications,1,0
"GRANT: Well, why don’t phone and find out soon? ",,,,,,,,,,0,0
"POLICE NEGOTIATOR: We’re trying to get hold of her right now, okay. ",,,,,,,,,,0,0
GRANT: Okay. You've been trying to get hold of her for like the past thirty minutes. ,,,,,,,,,,0,0
"POLICE NEGOTIATOR: Well, I am not -- I'm on the phone with you. Okay. If she is not going to pick up the phone, there’s not a lot we can do with that. Okay. You've never hurt XXXXX before, have you? ",1,,,,,,,,justifications why they cannot get ahold of Grant's ex-girlfriend,1,0
GRANT: No. Never. ,,,,,,,,,,0,0
POLICE NEGOTIATOR: Okay. Do you like to go the mountains too? ,,,,,,,,,,0,0
GRANT: What's that? ,,,,,,,,,,0,0
POLICE NEGOTIATOR: Do you normally go skiing with your parents? ,,,,,,,,,,0,0
"GRANT: No, never. ",,,,,,,,,,0,0
"POLICE NEGOTIATOR: Never, okay. The reason you didn’t go, because you’re working? ",,,,,,,,,,0,0
GRANT: Yes. I didn’t really feel like going. I just haven’t had any motivation to do anything lately. ,,,,,,,,,,0,0
"POLICE NEGOTIATOR: Okay. Well, believe me, this is a hard time to drive around the holidays, it’s really hard time. Lot of people get motivated in different ways -- excuse me -- (?) everybody dreams of having it one way and unfortunately sometimes it turns out the other way. But you got to make the best of what you got. Okay. You guys never talked about getting married or anything like that? ",,,,,,,,1,everyone has the same kinds of dreams which don’t come true,1,1
GRANT: No. ,,,,,,,,,,0,0
POLICE NEGOTIATOR: Okay. You don’t have any kids together? How did you get the job at the Harley-Davidson Shop? ,,,,,,,,,,0,0
GRANT: What's that? ,,,,,,,,,,0,0
POLICE NEGOTIATOR: How did you get the job at Harley Shop? ,,,,,,,,,,0,0
GRANT: I just saw it on (?) and I applied for it. ,,,,,,,,,,0,0
"POLICE NEGOTIATOR: Oh, good. Okay, all right. Well, you know what, a lot of the times it takes a couple of jobs before you find out which you'd like to do. I had lots of jobs before I found out what I like to do. Understand that, A, you haven’t broken any laws today, you understand that? ",,,,,2,1,,,liking: similar life experience; scarcity: you haven't broken any laws,1,1
"GRANT: Yes, I have. ",,,,,,,,,,0,0
POLICE NEGOTIATOR: What laws have you broken? ,,,,,,,,,,0,0
"GRANT: The stay away order from XXXXX, (?) her, whether she (?) with me or not first, I’m still under violation because I contacted her. ",,,,,,,,,,0,0
"POLICE NEGOTIATOR: Okay. What if she contacted you first, we can take care of that. That’s a minor thing. The thing is you haven't hurt anybody, nobody got killed and that kind of things. And I don't want anymore of that kind of stuff to go on. I don't want you to hurt yourself. I don't want you to hurt anybody else; it's not worth it. Okay. And your birthday is in a couple of days, you're going to be 21. It's legal to go out and get a drink. You don't have to find someone to buy the beer for you or go to somebody's house. You can go out with your friends, you'll have a good time. Think about that. ",2,,,,,1,,,other: justifications; scarcity: you haven't hurt anyone yet,1,1
GRANT: There is nothing I could do (?) I haven't already done. ,,,,,,,,,,0,0
POLICE NEGOTIATOR: I know that. But I think you can legally (?). ,,,,,,,,,,0,0
"GRANT: Yeah, (?). ",,,,,,,,,,0,0
POLICE NEGOTIATOR: And you can – have you gone to the casinos or Vegas before? ,,,,,,,,,,0,0
"GRANT: Yeah. I’ve gone to Vegas, I’ve gone to casinos, I’ve gone to bars, I've done everything. ",,,,,,,,,,0,0
POLICE NEGOTIATOR: Okay. Nothing you can do (?). ,,,,,,,,,,0,0
GRANT: Yes. ,,,,,,,,,,0,0
"POLICE NEGOTIATOR: What I'm telling you Grant is, there's a lot more to live for rather than killing yourself and dying. Okay. Remember your parents, your kid brother and your friends, they care about you, and obviously, XXXXX cares about you too. I just got to know they're trying to get hold of her. I think she's talking to somebody on her phone or something like that. They are trying to get a couple of breakthroughs. ",1,,,,,,,,justifications,1,0
GRANT: Yes. ,,,,,,,,,,0,0
POLICE NEGOTIATOR: All I want you do is I want you to think about -- think about all the good things. They guarantee the good things are going to outweigh those bad things million to one. ,1,,,,,,,,justifications,1,0
"GRANT: No, they don't. ",,,,,,,,,,0,0
"POLICE NEGOTIATOR: If you think about it, they do. Okay. Grant, I think you want to come out. I think you want to get the help. And we're there, we're going to help you. Okay? ",,,1,,,,,,come outside,1,1
GRANT: No. ,,,,,,,,,,0,0
POLICE NEGOTIATOR: Why not? ,,,,,,,,,,0,0
"GRANT: It's because -- I think as soon as I go outside, I will have guns hold on me. Even if I don't walk out there -- if I go out with my hands clearly in the air, naked, I think that there is a dozen guns pointing at me, the dozen would scream at me to get down on the ground, there's dozen (?) with their dogs barking. And then, even when they trust me, I still think they're going to take me to Vista. ",1,,,,,,,,justifications why he doesn't want to come outside,1,0
"POLICE NEGOTIATOR: Okay. I'll tell you what's going to happen. Everything (?) going to Vista. You know that. You know how the rules are. We have to make sure that you're not armed. Okay. But we will not take you to Vista, we'll take you to get some help, like I told you. I have been telling you that and telling you that we're going to take you to Tri-City Hospital, (?) to get you the help that you need. Okay, that's what it’s all about. ",1,,,,,,,,self-consitency (I made you a promise),1,0
GRANT: And then where from there? ,,,,,,,,,,0,0
"POLICE NEGOTIATOR: I don't know. I can't say. Yes, you may end up in Vista, but again, you may not. Okay. The thing is, there are no major new charges against you. The violation of the restraining order, all you need to do is show the page. XXXXX contacted me, we've been contacting and everything like that. We're not going to worry about that. What we're worried about is your health and your safety. We're worried about getting you out of the house safe; get you the care you need. So when your parents come back from skiing they know that you're okay. You understand where I'm coming from Grant. ",2,,,,,1,,,other: justifications; scarcity: no major charges against you,1,1
GRANT: I’m understanding where you're coming from. ,,,,,,,,,,0,0
"POLICE NEGOTIATOR: Okay. But you're right, I mean you go outside, there is going to be a couple of cops pointing guns at you, they are going to try to get you down on your hands and knees, and as long as you comply, they’ll come up and handcuff you. All right? And yes, you may ride on the back of the police car, or they may put you in an ambulance, and we’ll get you to one of the medical facilities. That’s it. Not to worry about that. Okay? You want to ruin your parents many vacations (?), you don’t want to ruin your friends’ holidays. I don’t want to ruin your holidays. Okay? ",1,,,,,,,,justifications,1,0
GRANT: My holidays have already been ruined. ,,,,,,,,,,0,0
POLICE NEGOTIATOR: Why? ,,,,,,,,,,0,0
"GRANT: And nobody else’s vacation is going to get ruined, because they’re not going to find out about it for a couple of days anyway. ",,,,,,,,,,0,0
POLICE NEGOTIATOR: Who? Who is not going to find out about it? ,,,,,,,,,,0,0
GRANT: My parents aren’t going to find out about it until they come back. ,,,,,,,,,,0,0
POLICE NEGOTIATOR: You think. ,,,,,,,,,,0,0
GRANT: How are they going to find out about it? ,,,,,,,,,,0,0
"POLICE NEGOTIATOR: We will contact them. We will find a way to contact them, believe me. ",,,,,,,,,,0,0
GRANT: I don't think you guys have any contact number. ,,,,,,,,,,0,0
"POLICE NEGOTIATOR: Well. You'd be surprised, what we can do. Okay? We will make every effort to contact them. I don’t want to have to do that.  Sometime friend, you got a man up, looking you in the face, they take care of that (?). Okay. You kill yourself. It’s the (?) you don’t know what’s going to happen. Is there a heaven, is there a hell? You may end up in hell. Nothing good. ",1,,,,2,,,,other: you'll go to hell; liking: friend,1,1
"GRANT: What XXXXX says, is she out there? ",,,,,,,,,,0,0
"POLICE NEGOTIATOR: No. I haven’t talked to her yet. And I’m not going to talk to her. They haven’t contacted her yet. If they get hold of her and they find out something, I’ll let you know. ",,,,,,,,,,0,0
GRANT: Were (?) ,,,,,,,,,,0,0
POLICE NEGOTIATOR: Yeah (?) ,,,,,,,,,,0,0
GRANT: Yeah. What’s that new (?) there has been a despatch van over there? ,,,,,,,,,,0,0
POLICE NEGOTIATOR: No. Our fire department dispatch out of (?) ,,,,,,,,,,0,0
GRANT: You guys pretty busy tonight? ,,,,,,,,,,0,0
POLICE NEGOTIATOR: We were. I don’t know what's going on now. I'm just locked in talking with you. ,,,,,,,,,,0,0
GRANT: How many cops are with you out there? ,,,,,,,,,,0,0
"POLICE NEGOTIATOR: A lot. I have no idea how many are there. No way of telling. I’ll tell you there’s a lot. Okay? They’re trying to protect you and your neighbors and the neighborhood. A lot of people want to get home. They’ve been at work, (?) you come out of the house, we want those people to come home. ",1,,,,,,,,justifications,1,0
GRANT: Is this number one priority (?) ,,,,,,,,,,0,0
"POLICE NEGOTIATOR: It probably is. I don't know what the other calls are, but I'm (?) you are the number one priority. And my number one priority is getting you to come out of the house. Grant, what can I do to make you come out of the house? ",,,,,,,,,,0,0
GRANT: Give me time to think ,,,,,,,,,,0,0
POLICE NEGOTIATOR: Well. You know I can’t do that. ,,,,,,,,,,0,0
GRANT: (?) come out of the house. ,,,,,,,,,,0,0
"POLICE NEGOTIATOR: Yeah. You can. You can man up, come out of the house, we’ll take you to the hospital get you the care you need. Okay? Grant? ",,,1,,,,,,come outside,1,1
GRANT: No. ,,,,,,,,,,0,0
POLICE NEGOTIATOR: Why not? ,,,,,,,,,,0,0
GRANT: I don’t want to. ,,,,,,,,,,0,0
POLICE NEGOTIATOR: You’re just going to be a coward and kill yourself? ,1,,,,,,,,only cowards kill themselves,1,0
GRANT: Yes. ,,,,,,,,,,0,0
POLICE NEGOTIATOR: That’s not going to do any good. ,,,,,,,,,,0,0
GRANT: We will find out. ,,,,,,,,,,0,0
"POLICE NEGOTIATOR: No, you need to come outside of the house. Think about your parents. Think about your little brother. Think about friends. They need you, your parents need you. Okay? And if things don’t work out between you and XXXXX there’s somebody else out there, probably (?). ",2,,1,,,,,,other: justifications; commitment: come outside,1,1
GRANT: (?) My front door us unlocked. ,,,,,,,,,,0,0
POLICE NEGOTIATOR: Yeah. I know your front door is unlocked. ,,,,,,,,,,0,0
"GRANT: Okay. So if you need not come in you don’t bust any windows, doing something like that. ",,,,,,,,,,0,0
POLICE NEGOTIATOR: We are not going to come in. We’ve been waiting for you to come out. ,1,,,,,,,,self-consistency,1,0
GRANT: Front door is unlocked. ,,,,,,,,,,0,0
"POLICE NEGOTIATOR: Okay, you are going to come out? Okay. We’re not coming in. You need to come out. But you got to come out. We’ll take you to the hospital. We’ll get you going. Get you on the road to get you better. Okay? Like a long road that you’re on. Right now you’re on one of the big dips. We need to get you out of that dip and we need to get you down the road to recovery. No, we are not going anywhere, Grant, not till you walk out the door. Can you do that for me? ",,,1,,,,,,come outside,1,1
GRANT: No. ,,,,,,,,,,0,0
POLICE NEGOTIATOR: Why not? What is preventing you from coming outside right now? ,,,,,,,,,,0,0
GRANT: Lot of things. ,,,,,,,,,,0,0
POLICE NEGOTIATOR: Like what? Tell me. ,,,,,,,,,,0,0
GRANT: I just don’t want to continue the way that I was and that's what is going to happen -- ,,,,,,,,,,0,0
"POLICE NEGOTIATOR: No, it's not. ",,,,,,,,,,0,0
"GRANT: Yes, it is. ",,,,,,,,,,0,0
"POLICE NEGOTIATOR: If you come outside and get help and get back on the right track, get your head screwed on right, you could turn this whole thing around. Okay? You know, you can. If you want to and I think you want to. All right. You have got a family to care about you. You have a little brother that cares about you, that needs you. And you’ve got your friends. Will you do that for me, Grant? ",,,1,,2,,,,commitment: come outside; liking: people care about you,1,1
GRANT: No. ,,,,,,,,,,0,0
POLICE NEGOTIATOR: Why not? ,,,,,,,,,,0,0
GRANT: I don’t think that anybody can make me better. ,,,,,,,,,,0,0
"POLICE NEGOTIATOR: I think they will. Grant, you are not the only one it’s happened to. You are not the only 20-year-old that’s had his heart broken by a girl. Okay? You can fight through this. You’ve got to pick yourself by the bootstraps and move on. (?) Do you play any sports growing up. ",,,,,,,,1,all 20-year olds have issues,1,1
GRANT: No. ,,,,,,,,,,0,0
"POLICE NEGOTIATOR: Nothing, baseball, no soccer, no nothing (?)? ",,,,,,,,,,0,0
GRANT: Nothing ,,,,,,,,,,0,0
POLICE NEGOTIATOR: Okay. I find that hard to believe. ,,,,,,,,,,0,0
GRANT: (?) ,,,,,,,,,,0,0
"POLICE NEGOTIATOR: Well when life gets tough, you have to man up sometimes and pull your neck and take care of your problems. ",1,,,,,,,,justifications,1,0
GRANT: Yeah. I don’t think I’m man enough to do it. ,,,,,,,,,,0,0
POLICE NEGOTIATOR: I think you are. I really do. ,,,,,1,,,,you are man enough to do this,1,1
GRANT: If I was man enough to tackle my problems I would never had any problems with XXXXX at all. I would never have any problems with anything. But I got a lot of problems. ,,,,,,,,,,0,0
"POLICE NEGOTIATOR: Hey Grant, you aint the lone ranger, we all got problems. Okay. We’ve got problems with relationships, we’ve got problems with friends, we get problems financially. But killing yourself isn’t the easy way out of it. Okay? It’s going to piss off your parents it’s going to upset them greatly. (?)the prime of his life. They’ll think better of you, and you’ll be here for them if you come outside, we’ll get you some medical help. Okay? And let the other people in the neighborhood come back to their house. We’re not going to come through that front door. We are going to wait till you come out the front door, because you are going to come out the front door and we are going to get you that help, okay? ",1,,,,,,,2,other: justifications; social proof: we all got problems,1,1
GRANT: I'm not coming out of here so soon. ,,,,,,,,,,0,0
POLICE NEGOTIATOR: Why not? Why not -- why not come out and we’ll take care of you -- they will take care of you right now. Can you answer me that. ,,,1,,,,,,come outside,1,1
GRANT: I don’t know. ,,,,,,,,,,0,0
"POLICE NEGOTIATOR: Okay. You don't have any good reasons. I think you should come outside (?). We'll get you the medical and clinical help that you need. You got so much to live for, man, so much to live for. You haven't even started living. You're only 20 years old. (?) tear it up. Everybody makes mistakes. You maybe keep on moving forward. Will you do that for me? ",2,,1,,,,,,other: justifications; commitment: come outside,1,1
GRANT: No. ,,,,,,,,,,0,0
POLICE NEGOTIATOR: Why not? Why not? ,,,,,,,,,,0,0
GRANT: I don't know if you are ready. ,,,,,,,,,,0,0
POLICE NEGOTIATOR: I'm ready. You think you'll be ready. Sometime you like to come out. ,,1,,,,,,,smaller request,1,1
GRANT: And bring it (?) for you? ,,,,,,,,,,0,0
"POLICE NEGOTIATOR: I don't know, hold on. (?) We're still trying to get a hold of her, okay? I just talked to my boss and he said they are trying to get hold of her. Okay? I would like you talk to Kristal anyway. ",,,,,,,1,,my boss is working on that,1,1
"GRANT: No, I don't want to talk to her. ",,,,,,,,,,0,0
"POLICE NEGOTIATOR: Okay. But obviously she's not hurt or anything no. So like I said if you want us to run the call, let her (?). I ride a motorcycle and they got (?) tickets and then told me to come here and talk to you. If she did call, that is sure she cares about -- but she doesn't want you see you hurt yourself. Okay? That is why we're here. We're here to protect to your safety. Guarantee your safety and the safety of everybody else in the neighborhood and your family. Okay? Yesterday was Christmas. You hurt yourself, you don't want or kill yourself -- you don't want your parents to think of Christmas every time you go. Oh yeah, that's right Brian killed himself the day after Christmas. You don't want that. You wanted us to turn a day, the day after Christmas -- that was good, that was a big (?) starting getting help to himself. He picks himself by the (?) and went out and started getting help for himself to make himself a better person. Brian, what is your last name? ",1,,,,,,,,justifications,1,0
GRANT: Sattaur. ,,,,,,,,,,0,0
POLICE NEGOTIATOR: Sattaur? ,,,,,,,,,,0,0
GRANT: aur. ,,,,,,,,,,0,0
POLICE NEGOTIATOR: aur. ,,,,,,,,,,0,0
POLICE NEGOTIATOR:  How do you pronounce that? ,,,,,,,,,,0,0
GRANT:: Sattaur. ,,,,,,,,,,0,0
POLICE NEGOTIATOR: Sattaur? ,,,,,,,,,,0,0
GRANT:  Yes. ,,,,,,,,,,0,0
POLICE NEGOTIATOR: Okay. And I like to leave the glass room and out? ,,,,,,,,,,0,0
GRANT: Yes. ,,,,,,,,,,0,0
POLICE NEGOTIATOR: Did they just turn it off? ,,,,,,,,,,0,0
GRANT:  No. ,,,,,,,,,,0,0
"POLICE NEGOTIATOR:  Okay, what's -- what do you want me to pass onto XXXXX ? ",,,,,,,,,,0,0
GRANT: Listen I just want you to let her know what's going on. Just tell her that the police are surrounding my house and I have a gun in my chest and I've been talking to you for the past hour and a half. ,,,,,,,,,,0,0
"POLICE NEGOTIATOR: Yeah. Where have we got, are you going to - - you think you might come outside the house. So we get someone else? ",,,1,,,,,,come outside,1,1
"GRANT: No, I don't. ",,,,,,,,,,0,0
POLICE NEGOTIATOR: Okay. What's that? ,,,,,,,,,,0,0
GRANT: (?) to her? ,,,,,,,,,,0,0
"POLICE NEGOTIATOR: Yes, we will. Well, Grant I want you to come outside, do you understand. We're not going to come in. We're not going to come in, that's why I want you to step outside the door. I want you to leave the gun in the house and come outside. We had got our officer there that deals with this kind of stuff. He'll make sure you get to one of the facilities that's going to take care of you and get the ball rolling to make you better. Okay? ",,,1,,,,,,come outside,1,1
GRANT: I don't (?) ,,,,,,,,,,0,0
"POLICE NEGOTIATOR: Well, we will connect you to make you go out there. You tell me, what can I do that you go outside the door. ",,,,,,,,,,0,0
"GRANT: Nothing, you do nothing trying to. ",,,,,,,,,,0,0
"POLICE NEGOTIATOR: No if it is at your comfort. (?) What's going to happen. You walk outside the door, like you said, Yes, they're going to ask you to put your hands up. They're going to point guns at you . They're going to tell you to get down in your hands and knees or come out hand up, yeah, but you're not going to go (?) you're going to go to mental health site, So we can help you get your heads turned on right. Have you ever put you on medication before? ",1,,,,,,,,justification,1,0
GRANT: No. ,,,,,,,,,,0,0
"POLICE NEGOTIATOR: Okay, well with the way science is, maybe they can find something that will make you run little smoother. Okay, this is an anger problem, which you've got. Hope you keep on track. Do you want to try that? ",,,1,,,,,,come outside and we'll get you some help,1,1
GRANT: No. ,,,,,,,,,,0,0
POLICE NEGOTIATOR: Why not? ,,,,,,,,,,0,0
GRANT: Just don't think anything least is going to help me. ,,,,,,,,,,0,0
"POLICE NEGOTIATOR: Grant, you're not the first person to have a problem like this. Okay? You can get help. You are going to have to want to get to help. Okay, like I said, you're going to man up and take care of it. Choose yourself, the coward way out. Yeah, you choose yourself and boom your problems, they're gone. Look at the problems you're going to raise for your mother, your father, your brother, and your friend. Okay. ",2,,,,,,,1,other: justification; social proof: everyone's got problems,1,1
"GRANT: It will only be a problem for a couple of months, and they want to celebrate (?) moves on? ",,,,,,,,,,0,0
"POLICE NEGOTIATOR: No. Your mother, father and brother will never get over it. Never as long as they live and you know it. You can't let them go on to a life like that. It's not fair to you, it's not fair to your family, it's not fair to your little brother. He needs a big brother to look up to him. Step up and take care of this. You need to come outside, leave the gun in the house, okay, would you do that for me please? ",2,,1,,,,,,other: justifications; commitment: come outside,1,1
GRANT: No. ,,,,,,,,,,0,0
"POLICE NEGOTIATOR: Okay, keep telling me no. Everything is negotiable, everything. ",,,,,,,,,,0,0
"GRANT: What did you guys say to Kristal, what you said? ",,,,,,,,,,0,0
"POLICE NEGOTIATOR: I haven't heard her back, I don't know. I'm sure that they told you this, you know you're holding the gun to yourself. You want this lasting memory of Grant. This is not the memory that your friends or your family need, the day after Christmas you're killing yourself. It's not fair to you, it's not fair to them. Put yourself in your mom and dad shoes, if you had a child. You would probably do everything you could in your power to help them. Okay. No parent wants to see their son or child die or get killed or kill themselves and need to have good fine memories. Okay. They are not going to ever forget about it Grant. You don't want to do to your family, you can't. You need help, we are here to help you and you are not the first person who has ever had these kind of problems. Helping on the road to recovery, to take care of those problems by coming outside and getting with their officer that handles these kind of problems. Okay. Like I told you an officer that's trained in these kind of thing. He is going to nurse the rights within the (?) these kind of things. Please come outside, so we get you help or you stay we can go back in their houses. Okay. You can call your brother and father and let them know that you're okay. ",1,,,,,,,,justifications,1,0
"GRANT: Yeah, how are you going to call them, what number have you got. ",,,,,,,,,,0,0
"POLICE NEGOTIATOR: I got your cell phone numbers, I have both your mom's and Julie's phone number and your dad Phil's telephone number. ",,,,,,,,,,0,0
GRANT: Yes. How did you get those? ,,,,,,,,,,0,0
"POLICE NEGOTIATOR: I have got them. I'll tell you, we have computers, we have access to phone lines, we have got access to records, we have got lot of access Okay. ",,,,,,,,,,0,0
GRANT: Yeah. ,,,,,,,,,,0,0
POLICE NEGOTIATOR: I don't want to have to call them myself Grant. ,,,,,,,,,,0,0
GRANT: You might have got them from Kristal. ,,,,,,,,,,0,0
POLICE NEGOTIATOR: Listen to me. Grant you be quite and listen to me. This is about you and me right now. Okay. Are you just going to be in there and sit in your house all day or are you are going come out and take care of your business. You (?) man up and come outside. ,2,,1,,,,,,other: justifications to come outside; commitment: come outside,1,1
GRANT: Okay. ,,,,,,,,,,0,0
"POLICE NEGOTIATOR: Because you know what, we are going to stay out there all night and if we are got to stay out until your parents get home that's fine we will do it. I don't want to have to call your mother and father and tell them that Grant killed himself. Okay. ",,,,,,,,,,0,0
GRANT: I don't think anybody have called (?) you guys have (?) come out and tell them. ,,,,,,,,,,0,0
"POLICE NEGOTIATOR: No we need to call so they can come home. Alright and I think you have an (?) if you're not going to kill yourself and your parents' house(?), not to ruin that house for them. Not to ruin their Christmas and their lives. Okay. You have got some problem yeah we do but they ain't that big. We can get you through these. We can get you to help your need by putting the gun down and coming outside and meeting with the officers. Okay. You need to help, we are going to have to give it too. We are here to have give to you. We want to help you. We want to get you basically to a hospital so you can talk to people, so you can talk to doctors and clinicians and get you taken care of. It's not going to do any good then there to sit in the counsel (?) you and me talk about this. You need to come outside and take care of it. Can you do that Grant. ",2,,1,,,,,,other: justifications; commitment: come outside,1,1
GRANT: No. ,,,,,,,,,,0,0
POLICE NEGOTIATOR:You can do it. Yes you can. Yes you can. You can you can put the gun down and come outside because when ain't coming inside. You know we are not going to come inside. ,,,,,,,,,,0,0
GRANT: Then you will listen to one shot and (?) ,,,,,,,,,,0,0
"POLICE NEGOTIATOR: No, no we probably won't come inside. It's too dangerous. ",,,,,,,,,,0,0
GRANT: And what if you have one shot and then nothing else for me. ,,,,,,,,,,0,0
POLICE NEGOTIATOR: Then we'll just wait. ,,,,,,,,,,0,0
GRANT: For how long? ,,,,,,,,,,0,0
POLICE NEGOTIATOR: I don't know may be a couple of hours. ,,,,,,,,,,0,0
GRANT: Yes. ,,,,,,,,,,0,0
"POLICE NEGOTIATOR: Because you are not going to fire the gun. You are going to put the gun down and come outside. Grant, you don't want to hurt yourself, we don't want you to hurt yourself. You don't want to die, you've got so much to live for. Come outside so I can help and try to get our people to help. You want to come outside so we can get you help. ",2,,1,,,,,,other: justifications; commitment: come outside,1,1
GRANT: No. ,,,,,,,,,,0,0
POLICE NEGOTIATOR: Why not. Why not Grant. What good (?) yourself going to do. It's not going to do anything ,,,,,,,,,,0,0
GRANT: (?) this I can feel that. ,,,,,,,,,,0,0
"POLICE NEGOTIATOR: No the question is not there. Now I am coming through the front door. Grant there are a lot of people that are around of your right now. It's a cold night, people are coming home from work and shopping. These kids outside they need to get into their home. ",1,,,,,,,,justifications,1,0
GRANT: I know you will (?) something like this. ,,,,,,,,,,0,0
"POLICE NEGOTIATOR: No no no Grant, I am not making it. You are. ",,,,,,,,,,0,0
GRANT: You are right. I know. ,,,,,,,,,,0,0
POLICE NEGOTIATOR: And so they don't (?) ,,,,,,,,,,0,0
GRANT: (?) ,,,,,,,,,,0,0
"POLICE NEGOTIATOR: You shut up and listen to me Grant. Just shut up and listen to me Grant. Grant, shut up and listen to me Grant, Grant, Grant, Grant, people will not be allowed into your house. Okay are you going to be a coward. ",1,,,,,,,,only cowards kill themselves,1,0
GRANT: Because of (?) ,,,,,,,,,,0,0
"POLICE NEGOTIATOR: Grant shut up and listen to me. Grant shut up and listen to me. Will you do that, keep your mouth shut. You need to come out of the house so other people can go home. ",2,,,,,,,,justifications,1,0
"GRANT: You can send them home, I am not coming out. ",,,,,,,,,,0,0
POLICE NEGOTIATOR: No. You know nobody is going near your house. We will not let any civilians there and we are not coming in. Okay you need to man up and come outside and take care of your problems. Alright I am going to stay on this phone all night and will stay out here the whole time. You need to come outside put the gun down and take care of business. Okay. Can you do that? ,2,,1,,,,,,other: justifications; commitment: come outside,1,1
GRANT: No. ,,,,,,,,,,0,0
"POLICE NEGOTIATOR: No, so you are just going to be a coward and hide in your house. ",1,,,,,,,,only cowards kill themselves,1,0
GRANT: Yes. ,,,,,,,,,,0,0
POLICE NEGOTIATOR: That's not going to compensate anything isn't it? ,1,,,,,,,,justification,1,0
GRANT: Yes. ,,,,,,,,,,0,0
POLICE NEGOTIATOR: So what happens when your parents come home. What happens when your parents come home tonight? ,,,,,,,,,,0,0
"GRANT: Well, if you guys (?) anybody in the house. You guys are going to let them in?",,,,,,,,,,0,0
"POLICE NEGOTIATOR: No we are not going to let them in the house, so where are they going to go tonight when they come home. Where are they going to go? ",1,,,,,,,,justification,1,0
GRANT: No idea. ,,,,,,,,,,0,0
POLICE NEGOTIATOR: Is that right? ,,,,,,,,,,0,0
GRANT: Yes. ,,,,,,,,,,0,0
POLICE NEGOTIATOR: No it's not right. Where is your brother going to sleep to night? ,1,,,,,,,,justification,1,0
GRANT: Maybe(?) in a hotel. ,,,,,,,,,,0,0
"POLICE NEGOTIATOR: Is that right, that they can't be in their own house, because you are being stubborn and being a coward, instead of being enough of a man to come outside. Answer me. Answer me Grant. ",1,,,,,,,,only cowards kill themselves,1,0
GRANT: What? ,,,,,,,,,,0,0
POLICE NEGOTIATOR: Are you going to be a coward to stay in the house or you are going to be a man and come outside and take care of your problems? ,1,,,,,,,,only cowards kill themselves,1,0
GRANT: I don't know. ,,,,,,,,,,0,0
POLICE NEGOTIATOR: So you're a coward? ,1,,,,,,,,rhetorical question,1,0
GRANT: Yes. ,,,,,,,,,,0,0
POLICE NEGOTIATOR: What good does that do? You don't sound like a coward. ,,,,,1,,,,compliment,1,1
GRANT: Because if anybody (?) good. ,,,,,,,,,,0,0
POLICE NEGOTIATOR: That's right. So listen to me. Put the gun down and come outside. Can you do that? ,,,1,,,,,,come outside,1,1
GRANT: No. ,,,,,,,,,,0,0
POLICE NEGOTIATOR: Why not? ,,,,,,,,,,0,0
GRANT: What's going to happen? ,,,,,,,,,,0,0
POLICE NEGOTIATOR: I told you what's going to happen tonight. ,,,,,,,,,,0,0
GRANT:  I know what's going to happen. ,,,,,,,,,,0,0
POLICE NEGOTIATOR:  Yeah. You are going to end up going to a hospital tonight. ,,,,,,,,,,0,0
GRANT:  And to jail. ,,,,,,,,,,0,0
"POLICE NEGOTIATOR:  Maybe, maybe not. Is that better than dieing, yeah. ",1,,,,,,,,justification,1,0
GRANT: Can you give me assurance on it (?). ,,,1,,,,,,promise me I won’t go to jail,1,1
"POLICE NEGOTIATOR: I don't know. I am not the case. I am worried about getting you outside. Okay. Do you see a TV show what you call, Baretta(?) and you know what the saying was? If you ain't got the time, don't do the crime. Okay you have an anger problem. That's obvious. Okay. You are stubborn. That's obvious, but you know something, I am ten times more stubborn than you and you know another thing. ",,,,,1,,,,I am stubborn just like you,1,1
GRANT: Yeah. ,,,,,,,,,,0,0
POLICE NEGOTIATOR: I will stay here all night. And I will talk to you until you put that gun down and come outside because it is not going to do any good. We are not going to come inside (?) even if you (?) we are not going to come inside. That's too dangerous. We are not going to put our cops in danger because you are damn stubborn. What happens with your parents are hustling home (?) and something happens to them on the way home. So sad think about your parents think about your kid brother. That's what you need to think about. Alright. How old are your mother and father?  [Shot fired.] Are you there? Are you there? ,1,,,,,,,,justification,1,0
***** ,,,,,,,,,,,
,,,,,,,,,,,
DONE,,,,,,,,,,,