,PERSUASION TAGS,,,,,,,,Total Persuasive,35,23
,,,,,,,,,,Persasive?,
POST,OTHER,RECIPROCITY,COMMITMENT,CONSITENCY,LIKING,SCARCITY,AUTHORITY,SOCIAL PROOF,Additional Comments,W/ Other,W/o Other
Hostage Taker: HOW WAS THE COP THAT GOT SHOT ?,,,,,,,,,,0,0
Person: WELL HE MIGHT MAKE IT YOU KNOW IT LOOKS PRETTY GOOD,,,,,,,,,,0,0
Hostage Taker: DID HE GET HIT IN THE HEAD OR IN THE EYE ?,,,,,,,,,,0,0
Person: WELL IM NOT SURE IF ITS IN THE HEAD OR IN THE EYE BUT IT LOOKS PRETTY GOOD WHERE YOU AT NOW ?,,,,,,,,,,0,0
Hostage Taker: YOU OUGHT TO KNOW YOU GOT THIRTY SQUAD CARS SITTING OUT FRONT OF THE HOUSE,,,,,,,,,,0,0
Person: YEAH,,,,,,,,,,0,0
Hostage Taker: WHAT ARE WE GONNA DO ABOUT THIS ?,,,,,,,,,,0,0
Person: WELL CANT WE WORK IT OUT ?,,,,,,,,,,0,0
Hostage Taker: I GOT TWO PEOPLE IN HERE MAKE ME A DEAL,,,,,,,,,,0,0
Person: HELLO ?,,,,,,,,,,0,0
Hostage Taker: YEAH,,,,,,,,,,0,0
Person: YEAH THIS IS LIEUTENANT <NAME>,,,,,,,,,,0,0
Hostage Taker: ALL RIGHT,,,,,,,,,,0,0
Person: WHO ARE YOU SIR ?,,,,,,,,,,0,0
Hostage Taker: IM <NAME>,,,,,,,,,,0,0
Person: <NAME> WHO SIR ?,,,,,,,,,,0,0
Hostage Taker: <NAME> IS GOOD,,,,,,,,,,0,0
Person: <NAME> IS GOOD ? ALL RIGHT WHAT CAN WE DO FOR YOU <NAME> ?,,,,,,,,,,0,0
Hostage Taker: I GOT TWO PEOPLE IN THIS HOUSE YOU KNOW THAT,,,,,,,,,,0,0
Person: YOU HAVE TWO PEOPLE IN A HOUSE ?,,,,,,,,,,0,0
Hostage Taker: RIGHT,,,,,,,,,,0,0
Person: WHICH HOUSE <NAME> ?,,,,,,,,,,0,0
Hostage Taker: THE HOUSE YOU GOT SURROUNDED,,,,,,,,,,0,0
Person: WELL WHATS THE PEOPLES NAMES ?,,,,,,,,,,0,0
Hostage Taker: YOU DONT HAVE TO KNOW THE PEOPLES NAMES,,,,,,,,,,0,0
Person: WELL DO YOU THINK ITS GONNA DO YOU ANY GOOD TO YOU KNOW GO ANY FURTHER ?,1,,,,,,,,reason,1,0
Hostage Taker: THINK ITS GONNA DO ME ANY GOOD TO WALK OUTSIDE THE DOOR ?,,,,,,,,,,0,0
Person: <NAME> LET ME TELL YOU SOMETHING YOU SURRENDER TO ME AND I GUARANTEE YOULL COME OUT UNHURT WHATS YOUR PROBLEM ?,,,1,,,,,,here's the deal,1,1
Hostage Taker: HOW MANY PEOPLE DO YOU HAVE IN CUSTODY FOR THIS ALREADY ?,,,,,,,,,,0,0
Person: HOW MANY DO YOU THINK I HAVE ?,,,,,,,,,,0,0
Hostage Taker: IM ASKING YOU A QUESTION IF YOU DONT WANNA ANSWER IT YOU DONT HAVE TO ANSWER IT IM JUST ASKING,,,,,,,,,,0,0
Person: YEAH WE HAVE ONE,,,,,,,,,,0,0
Hostage Taker: CAN YOU TELL ME WHAT HIS NAME IS ?,,,,,,,,,,0,0
Person: WELL I DONT KNOW YET BECAUSE IVE BEEN ON THE STREET AND THEY JUST CALLED ME IN TO TALK TO YOU,,,,,,,,,,0,0
Hostage Taker: WELL WHY DONT YOU FIND OUT WHAT HIS NAME IS,,,,,,,,,,0,0
Person: <NAME> ARE THEY OLDER PEOPLE THAT YOU HAVE ?,,,,,,,,,,0,0
Hostage Taker: YES,,,,,,,,,,0,0
Person: THEY ARE OLDER PEOPLE ?,,,,,,,,,,0,0
Hostage Taker: YES,,,,,,,,,,0,0
Person: OKAY DO THEY HAVE ANY HEART TROUBLE ? ARE THEY SICK ?,,,,,,,,,,0,0
Hostage Taker: NO MOST OF THEM SEEM TO BE STANDING UP PRETTY WELL,,,,,,,,,,0,0
Person: THEYRE BOTH STANDING UP PRETTY WELL ?,,,,,,,,,,0,0
Hostage Taker: YEAH,,,,,,,,,,0,0
Person: YOU HAVENT COMMITTED ANY GREAT CRIME SO FAR YOU KNOW ?,,,,,,1,,,situation not bad but it will get worse,1,1
Hostage Taker: HOWS THAT COP DOING ?,,,,,,,,,,0,0
Person: NO HES ALL RIGHT,,,,,,,,,,0,0
Hostage Taker: HES ALL RIGHT,,,,,,,,,,0,0
Person: THATS RIGHT THE BULLET JUST GRAZED HIS HEAD HES HES FINE AS A MATTER OF FACT THEYRE ONLY GONNA KEEP HIM FOR OBSERVATION,,,,,,,,,,0,0
Hostage Taker: SO WHAT AM I LOOKING AT ?,,,,,,,,,,0,0
Person: WELL YOU YOU KNOW YOU GOT HOSTAGES IF YOU CONTINUE WITH YOUR HOSTAGES YOU YOURE LOOKING AT SERIOUS PROBLEMS IF YOU SURRENDER TO ME WE CAN RESOLVE THE MATTER WHAT DO YOU KNOW WHAT ARE WE TALKING ABOUT ? LOUSY BURGLARLY ?,,,,,,1,,,don’t miss out on a good deal here,1,1
Hostage Taker: GOT LOUSY BURGARLY AND ASSAULT ON AN OFFICER,,,,,,,,,,0,0
Person: WELL <NAME> ITS NOT GONNA MAKE IT ANY BETTER TO DO ANY HARM TO ANYBODY ELSE,1,,,,,,,,reason,1,0
Hostage Taker: IM GONNA TELL YOU I AINT WALKING OUT OF HERE,,,,,,,,,,0,0
Person: <NAME> YOU GOTTA YOU WHAT DO YOU MEAN YOURE NOT WALKING OUT OF THERE ?,,,,,,,,,,0,0
Hostage Taker: I AINT WALKING,,,,,,,,,,0,0
Person: <NAME> YOU DONT WANNA HURT ANYBODY THERES NO GRAVE DAMAGE DONE NOW,,,,,,1,,,no damage yet,1,1
Hostage Taker: DAMAGE IS DONE,,,,,,,,,,0,0
Person: WHATD YOU SAY <NAME> ?,,,,,,,,,,0,0
Hostage Taker: THERES BEEN ENOUGH DAMAGE DONE AS FAR AS IM CONCERNED,,,,,,,,,,0,0
Person: WELL LISTEN MAN YOU KNOW YOU DONT WANNA YOU GOT TWO OLD PEOPLE THERE THAT HAD NOTHING TO DO WITH THIS YOU KNOW YOU DONT WANNA HURT THEM IN ANY WAY,1,,,,,,,,reason,1,0
Hostage Taker: YEAH BUT THATS MY SEATBELT RIGHT THERE,,,,,,,,,,0,0
Person: WELL LET ME TELL YOU SOMETHING <NAME> WHEN YOU SAY ITS YOUR SEATBELT WHAT DO YOU THINK THATS GONNA LET YOU SKATE ?,,,,,,,,,,0,0
Hostage Taker: NO,,,,,,,,,,0,0
Person: YOU KNOW YOU DONT HAVE WHEELS THERES NO WAY YOURE GONNA MOVE AND WE DONT WANT YOU TO HURT THEM,,,,,,,,,,0,0
Hostage Taker: WELL WHAT ARE YOU GONNA DO FOR ME THEN ? YOU TELL ME WHAT YOURE GONNA TELL ME WHAT YOU WANT,,,,,,,,,,0,0
Person: WELL I GUARANTEE YOU THAT YOURE NOT GONNA BE HARMED IN ANY WAY,1,,,,,,,,trust,1,0
Hostage Taker: SHIT YEAH,,,,,,,,,,0,0
Person: OKAY WHERE ARE THE PEOPLE NOW ? ARE THEY SITTING DOWN ? ARE THEY IN BED ? WHAT ARE THEY DOING ?,,,,,,,,,,0,0
Hostage Taker: THEYRE AS CLOSE TO ME AS THEY CAN GET,,,,,,,,,,0,0
Person: ARE THEY OKAY ?,,,,,,,,,,0,0
Hostage Taker: THEYRE UNHARMED,,,,,,,,,,0,0
Person: ALL RIGHT <NAME> YOU DONT WANNA HURT THOSE PEOPLE,,,,,,,,,,0,0
Hostage Taker: YOU DONT WANNA HURT THOSE PEOPLE,,,,,,,,,,0,0
Person: TELL ME TELL ME WHAT THE PROBLEM IS <NAME>,,,,,,,,,,0,0
Hostage Taker: IM TRAPPED I CANT GET OUT WHAT AM I SUPPOSE TO DO ?,,,,,,,,,,0,0
Person: WELL WHY DONT YOU JUST SURRENDER NO POLICE OFFICER WILL SHOOT AT YOU NO POLICE OFFICERS BEEN KILLED ONE POLICE OFFICERS BEEN SCRATCHED YOUVE GOT NOTHING HEAVY AGAINST YOU WHAT ARE YOU GONNA DO MAKE IT WORSE ?,,,2,,,1,,,commitment: surrender: scarcity: don't make it worse,1,1
Hostage Taker: IM LOOKING AT A NICKEL ALREADY,,,,,,,,,,0,0
Person: WHAT WHAT LET ME TELL YOU SOMETHING IN A HOSTAGE SITUATION AND IF YOU HURT THOSE PEOPLE YOU KNOW WHAT YOULL BE LOOKING AT ?,,,,,,,,1,here's the deal in a normal hostage situation - if you hurt them then you are done,1,1
Hostage Taker: SURE,,,,,,,,,,0,0
Person: WELL YOU WELL WHATS BETTER ? LOOKING AT A NICKEL OR LOOKING AT A DEUCE OR LOOKING AT THE CHAIR ? DO YOU UNDERSTAND WHAT IM SAYING TO YOU,1,,,,,,,,reason,1,0
Hostage Taker: IVE GOTTA THINK ABOUT THIS STUFF FOR AWHILE,,,,,,,,,,0,0
Person: TELL ME SOMETHING <NAME> DID YOU THINK YOU KILLED THE POLICEMAN ?,,,,,,,,,,0,0
Hostage Taker: DID I THINK I DID ?,,,,,,,,,,0,0
Person: UM MHM,,,,,,,,,,0,0
Hostage Taker: I WASNT REALLY SURE,,,,,,,,,,0,0
Person: WELL WHEN YOU SEEN HIM WHEN YOU SEEN THE POLICEMAN GO DOWN DID YOU DID YOU THINK HE WAS DEAD ?,,,,,,,,,,0,0
Hostage Taker: I DIDNT KNOW,,,,,,,,,,0,0
Person: YOU DIDNT KNOW ?,,,,,,,,,,0,0
Hostage Taker: NOBODY SHOT BACK,,,,,,,,,,0,0
Person: WELL THEN YOU COULD ASSUME THAT YOU HIT HIM YOU DID YOU GRAZED HIM AND KNOCKED HIM OUT,,,,,,,,,,0,0
Hostage Taker: WELL MAYBE THATS THE BEST THING THAT EVER HAPPENED TO HIM,,,,,,,,,,0,0
Person: WELL ITS PROBABLY THE BEST THING THAT EVER HAPPENED TO YOU TOO <NAME> LET ME SAY THIS TO YOU ILL PULL UP IN FRONT OF THE HOUSE AND I GUARANTEE YOU THAT ALL WILL BE ON IS LIGHTS YOU COME OUT NOBODY WILL HURT YOU AND WELL RESOLVE THIS MATTER RIGHT HERE,1,,2,,,,,,other: trust; commitment: surrender,1,1
Hostage Taker: YOU MAKE IT SOUND LIKE WE ARE GONNA JUST PLAY A GAME OF POKER AND IT ALL GONNA BE OVER WITH THEN I GONNA WALK OUT AND GO HOME,,,,,,,,,,0,0
Person: NO WE ARE NOT GONNA PLAY A GAME OF POKER BUT WE ARE WE ARE NOT GONNA GET INVOLVED IN A SITUATION HERE WHERE YOU MAY HURT SOMEBODY ELSE,,,,,,,,,,0,0
Hostage Taker: NO IM NOT GONNA HURT NOBODY,,,,,,,,,,0,0
Person: DID YOU EVER SHOOT ANYBODY BEFORE <NAME> ?,,,,,,,,,,0,0
Hostage Taker: YES,,,,,,,,,,0,0
Person: YOU DID ?,,,,,,,,,,0,0
Hostage Taker: MORE THAN ONCE,,,,,,,,,,0,0
Person: MORE THAN ONCE ARE YOU SURE THE PEOPLE ARE OKAY <NAME> ?,,,,,,,,,,0,0
Hostage Taker: YES I AINT GONNA BULLSHIT YOU,,,,,,,,,,0,0
Person: OKAY DO YOU WANNA TELL ME THEIR NAMES ?,,,,,,,,,,0,0
Hostage Taker: <NAME> AND <NAME>,,,,,,,,,,0,0
Person: <NAME> AND <NAME> ?,,,,,,,,,,0,0
Hostage Taker: RIGHT,,,,,,,,,,0,0
Person: WHATS THEIR LAST NAME ?,,,,,,,,,,0,0
Hostage Taker: <NAME>,,,,,,,,,,0,0
Person: <NAME> ?,,,,,,,,,,0,0
Hostage Taker: RIGHT,,,,,,,,,,0,0
Person: ALL RIGHT I DONT KNOW IF I KNOW THOSE PEOPLE IM TRYING TO THINK ARE THEY OKAY ?,,,,,,,,,,0,0
Hostage Taker: YEAH THEYRE ALL RIGHT,,,,,,,,,,0,0
Person: YOURE SURE THEYRE OKAY ?,,,,,,,,,,0,0
Hostage Taker: YEAH,,,,,,,,,,0,0
Person: THEN ITS JUST THE TWO OF THEM IN THE HOUSE AND YOU,,,,,,,,,,0,0
Hostage Taker: RIGHT,,,,,,,,,,0,0
Person: ALL RIGHT TELL ME A LITTLE BIT ABOUT TONIGHT YOU KNOW TALK TO ME MAYBE YOULL FEEL BETTER IF YOU TALK TO ME,,,,,,,,,,0,0
Hostage Taker: ILL TELL YOU WHAT ITS HARD TALKING I AINT GOT NOTHING TO SMOKE I AINT GOT NOTHING TO DRINK I AINT GOT NOTHING,,,,,,,,,,0,0
Person: WELL WHAT DO YOU WANT ME TO DO GIVE YOU SOMETHING TO DRINK AND GIVE YOU SOMETHING TO SMOKE ?,,,,,,,,,,0,0
Hostage Taker: GIVE ME A PACK OF CIGARETTES AND A CASE,,,,,,,,,,0,0
Person: DOES DOESNT DOESNT MR <NAME> HAVE ANY CIGARETTES IN THERE ?,,,,,,,,,,0,0
Hostage Taker: NO HE DOESNT,,,,,,,,,,0,0
Person: HE DOESNT,,,,,,,,,,0,0
Hostage Taker: NOPE,,,,,,,,,,0,0
Person: WELL WE COULD STILL TALK THIS WHOLE THING OUT HERE IF YOU IF YOUD YOU KNOW USE YOUR HEAD,,,1,,,,,,give up,1,1
Hostage Taker: I WANNA TALK TO YOU I WANT TO EVALUATE A FEW THINGS AND A FEW OTHER PEOPLE ID LIKE TO TALK TO EVALUATE A FEW THINGS,,,,,,,,,,0,0
Person: WHO WHOS THE OTHER PEOPLE YOUD LIKE TO TALK TO ?,,,,,,,,,,0,0
Hostage Taker: ID LIKE TO CALL AND TALK TO MY MOTHER ID LIKE TO CALL AND TALK TO MY SISTER,,,,,,,,,,0,0
Person: UH HUH,,,,,,,,,,0,0
Hostage Taker: YOU KNOW DAMN WELL I AINT GOING NOWHERE ALL RIGHT NOW IM GONNA LISTEN TO WHAT YOU SAY TO THESE PEOPLE,,,,,,,,,,0,0
Person: I JUST WANNA MAKE SURE EVERYTHINGS OKAY THATS ALL,,,,,,,,,,0,0
Hostage Taker: ALL RIGHT,,,,,,,,,,0,0
Person: ALL RIGHT LET ME TALK TO HIM,,,,,,,,,,0,0
Hostage Taker: ALL RIGHT HERES <NAME>,,,,,,,,,,0,0
Person: OKAY,,,,,,,,,,0,0
Other: HELLO,,,,,,,,,,0,0
Person: <NAME> ?,,,,,,,,,,0,0
Other: YEAH,,,,,,,,,,0,0
Person: IM LIEUTENANT <NAME> FROM THE POLICE DEPARTMENT,,,,,,,,,,0,0
Other: I CANT HEAR YOU,,,,,,,,,,0,0
Person: I SAID I AM LIEUTENANT <NAME> FROM THE POLICE DEPARTMENT,,,,,,,,,,0,0
Other: YES,,,,,,,,,,0,0
Person: OKAY ARE YOU OKAY ?,,,,,,,,,,0,0
Other: YES,,,,,,,,,,0,0
Person: IS YOUR WIFE OKAY ?,,,,,,,,,,0,0
Other: YES,,,,,,,,,,0,0
Person: DO YOU PEOPLE NEED MEDICAL ATTENTION ?,,,,,,,,,,0,0
Other: NO WE ARE KIND OF SCARED,,,,,,,,,,0,0
Person: YOURE JUST SCARED OKAY WE ARE GONNA DO EVERYTHING WE CAN TO ALLOW THIS GENTLEMAN TO LET YOU OUT OF THE HOUSE SAFELY OR FOR HIM TO COME OUT SAFELY,,,,,,,,,,0,0
Other: ALL RIGHT,,,,,,,,,,0,0
Person: YOURE SURE YOURE OKAY <NAME> ?,,,,,,,,,,0,0
Other: WE ARE OKAY RIGHT NOW,,,,,,,,,,0,0
Person: OKAY,,,,,,,,,,0,0
Other: FINE,,,,,,,,,,0,0
Person: ALL RIGHT LET ME TALK TO <NAME> AGAIN,,,,,,,,,,0,0
Hostage Taker: YOU GOT HIM,,,,,,,,,,0,0
Person: OKAY ALL RIGHT HES OKAY AND IM CONVINCED THAT THEYRE NOT THEYRE NOT HURT IN ANY WAY,,,,,,,,,,0,0
Hostage Taker: RIGHT,,,,,,,,,,0,0
Person: OKAY NOW LETS YOU AND I TALK LETS GET THIS MATTER RESOLVED,,,,,,,,,,0,0
Hostage Taker: YOU GOT A SWAT TEAM OUT THERE ?,,,,,,,,,,0,0
Person: YOU KNOW WE HAVE MY GOD WEVE GOT ONE HUNDRED AND FIFTY POLICEMEN IN THE AREA YOU KNOW THAT,1,,,,,,,,reasons you can't escape,1,0
Hostage Taker: YEAH I WAS STARTING TO WONDER AFTER THE HELICOPTER FLEW OVER,,,,,,,,,,0,0
Person: YEAH WE GOT HELICOPTERS WEVE GOT DOGS WEVE GOT WEVE GOT A SWAT TEAM OUT THERE YOU KNOW THERES NOWHERE FOR YOU TO GO PAL,1,,,,,,,,reasons you can't escape,1,0
Hostage Taker: I KNOW I AINT GONNA GET OUT OF HERE ALIVE,,,,,,,,,,0,0
Person: WELL LISTEN NOW YOU KNOW NOBODY WANTS TO SHOOT YOU NOBODY WANTS TO YOU WE JUST WANNA GET THIS MATTER RESOLVED AND WE DONT WANT YOU TO HURT ANYBODY OKAY WE DONT WANT YOU TO MAKE IT ANY WORSE THAN WHAT IT IS YOU FOLLOW WHAT IM SAYING ?,,,,,,1,,,don’t make it worse,1,1
Hostage Taker: YEAH ILL TELL YOU WHAT,,,,,,,,,,0,0
Person: WHAT ?,,,,,,,,,,0,0
Hostage Taker: YOU WANNA MAKE A DEAL ?,,,,,,,,,,0,0
Person: WHAT KIND OF DEAL ? YOU WANNA SHOW ME SOME GOOD FAITH ? YEAH,,,,,,,,,,0,0
Hostage Taker: ILL TELL YOU WHAT BRING ME A COUPLE PACKS OF CIGARETTES COUPLE CANS OF POP OR A COUPLE CANS OF BEER AND LET ME MAKE ONE ON TWO PHONE CALLS AND ILL GUARANTEE THE PEOPLE WILL NOT GET HURT,,,1,,,,,,here's my deal,1,1
Person: ALL RIGHT <NAME> LET ME TELL YOU SOMETHING IVE GOT A AN ATTORNEY ON THE OTHER PHONE IS YOUR ATTORNEYS NAME <NAME> ?,,,,,,,,,,0,0
Hostage Taker: YES,,,,,,,,,,0,0
Person: OUT OF <PLACE> ?,,,,,,,,,,0,0
Hostage Taker: YEAH,,,,,,,,,,0,0
Person: OKAY HES ON THE PHONE IM GONNA HAVE ONE OF MY OTHER POLICE OFFICERS TALK TO HIM AND THIS OTHER POLICE OFFICERS TALKING TO HIM NOW ALL RIGHT LET ME TELL YOU SOMETHING YOU KNOW YOURE ASKING ME TO DO THIS AND YOU KNOW ID LIKE TO DO IT FOR YOU BUT ID LIKE SOMETHING ID LIKE YOU TO DO SOMETHING FOR ME,,,1,,,,,,how about a deal,1,1
Hostage Taker: SUCH AS ?,,,,,,,,,,0,0
Person: YOU KNOW IF IM GONNA BRING YOU CIGARETTES AND ALLOW YOU TO BE COMFORTABLE I WANT SOMETHING IN RETURN,,,1,,,,,,how about a deal,1,1
Hostage Taker: YOUVE ALREADY GOT SOMETHING IN RETURN,,1,,,,,,,I haven't hurt them yet; that's your favor,1,1
Person: WHAT HAVE I GOT ?,,,,,,,,,,0,0
Hostage Taker: IVE LET YOU TALK TO THE TWO PEOPLE THAT WE ARE HERE THEY TOLD YOU THEY WE ARE ALL RIGHT,,1,,,,,,,I haven't hurt them yet; that's your favor,1,1
Person: WELL HOW ABOUT ALLOWING THE LADY TO COME OUT ? HOW BOUT RELEASING THE WOMAN ?,,,1,,,,,,let the lady go,1,1
Hostage Taker: DO WHAT I WANT YOU TO BRING ME A SIX PACK OF BEER AND TWO PACKS OF CIGARETTES,,,1,,,,,,"no, here's the deal",1,1
Person: NOW WAIT A MINUTE FIRST OF ALL THERES NO PLACE THAT I CAN GET A SIX PACK OF BEER AT THIS TIME OF THE NIGHT,1,,,,,,,,reason I can't get you beer,1,0
Hostage Taker: JESUS CHRIST COME ON,,,,,,,,,,0,0
Person: EVERY JOINT IN THIS TOWN IS CLOSED TIGHTER THAN A DRUM,1,,,,,,,,reason I can't get you beer,1,0
Hostage Taker: YEAH UH HUH,,,,,,,,,,0,0
Person: SO THERES NO PLACE THAT I COULD GET YOU ANY BEER,1,,,,,,,,reason I can't get you beer,1,0
Hostage Taker: THATS WHAT IVE HEARD FOR A LONG LONG TIME IVE NEVER HAD NO TROUBLE FINDING IT AND IF I CANT HAVE NO TROUBLE FINDING IT IM SURE DAMN WELL THE COPS AINT GONNA HAVE NO TROUBLE FINDING IT,,,,,,,,,,0,0
Person: YOU KNOW FIRST OF ALL THE BEER,,,,,,,,,,0,0
Hostage Taker: YOU KNOW DAMN WELL A SIX PACK AINT GONNA DO NOTHING TO NOBODY I JUST WANT A LITTLE BIT OF SOMETHING TO RIP MY DAMN THROAT AND IM GETTING TIRED OF DRINKING SODA POP,,,,,,,,,,0,0
Person: <NAME> WHY DONT WE RESOLVE THE MATTER REAL QUICK ?,,,,,,,,,,0,0
Hostage Taker: BECAUSE ID RATHER THINK ABOUT IT,,,,,,,,,,0,0
Person: HOW MUCH LONGER DO YOU WANNA THINK THINK ABOUT IT ? YOUR ATTORNEYS ON THE PHONE ALREADY,,,,,,,,,,0,0
Hostage Taker: MY ATTORNEY IS AN ASSHOLE I DONT CARE IF I GOT FIFTEEN ATTORNEYS ON THE PHONE,,,,,,,,,,0,0
Person: <NAME> <NAME> IS YOUR ATTORNEY RIGHT ?,,,,,,,,,,0,0
Hostage Taker: IM JUST TELLING YOU WHATS HAPPENING I DONT CARE HOW MANY ATTORNEYS I GOT ON THE PHONE THEY AINT DOING ME NO GOOD RIGHT NOW YOU DO WHAT YOU CAN YOU CALL ME BACK YOU GOT THE NUMBER HERE BY NOW,,,,,,,,,,0,0
Person: ALL RIGHT GIVE NO I DONT HAVE THE NUMBER GIVE IT TO ME,,,,,,,,,,0,0
Hostage Taker: SIX SEVEN EIGHT FIVE FIVE NINE ONE,,,,,,,,,,0,0
Person: SIX SEVEN EIGHT FIVE FIVE NINE ONE,,,,,,,,,,0,0
Hostage Taker: RIGHT,,,,,,,,,,0,0
Person: ALL RIGHT IM IM GONNA CALL IM GONNA HAVE YOUR ATTORNEY CALL YOU HE WANTS TO TALK TO YOU ILL GIVE HIM THE NUMBER TO CALL YOU AND YOU PICK UP THE PHONE OKAY ?,,,,,,,,,,0,0
Hostage Taker: ALL RIGHT DO WHAT YOU CAN FOR ME WITH THE CIGARETTES AND THE BEER AND THEN WELL TALK,,,,,,,,,,0,0
Person: OKAY LET ME ASK YOU ONE QUESTION <NAME>,,,,,,,,,,0,0
Hostage Taker: WHAT ?,,,,,,,,,,0,0
Person: ARE YOU STILL ARMED ?,,,,,,,,,,0,0
Hostage Taker: YES I AM,,,,,,,,,,0,0
Person: YOU YOURE ARMED WITH A REVOLVER ?,,,,,,,,,,0,0
Hostage Taker: I GOT A <NAME> I GOT A <NAME> AND I GOT A <NAME>,,,,,,,,,,0,0
Person: YOU GOT A <NAME> A <NAME> AND A <NAME> ?,,,,,,,,,,0,0
Hostage Taker: CORRECT,,,,,,,,,,0,0
Person: OKAY ARE YOU THE ONLY MAN IN THE HOUSE WITH THOSE WOMEN WITH THAT MAN AND THAT WOMAN ?,,,,,,,,,,0,0
Hostage Taker: YES,,,,,,,,,,0,0
Person: YOU ARE ? OKAY THE EVENT THAT TOOK PLACE HERE WAS JUST YOU AND THE GUY WE HAVE IN CUSTODY ?,,,,,,,,,,0,0
Hostage Taker: YEAH THAT POOR SON OF A BITCH IM SORRY HE GOT INVOLVED,,,,,,,,,,0,0
Person: DOESNT HE WORK THERE ?,,,,,,,,,,0,0
Hostage Taker: I BEG YOUR PARDON ?,,,,,,,,,,0,0
Person: DOESNT HE WORK THERE ?,,,,,,,,,,0,0
Hostage Taker: HELL IF I KNOW I DONT THINK SO,,,,,,,,,,0,0
Person: YEAH OKAY ARE YOU STILL THERE ?,,,,,,,,,,0,0
Hostage Taker: YES,,,,,,,,,,0,0
Person: ALL RIGHT NOW WHATS HAPPENING ?,,,,,,,,,,0,0
Hostage Taker: WHATS HAPPENING IS I STILL AINT GOT NO CIGARETTES AND I AINT GOT A SIX PACK THATS ALL IM ASKING AM I ASKING FOR A LOT ? I AINT ASKING FOR A TRUCK FULL OF MONEY I AINT ASKING FOR A SQUAD CAR FULL OF GAS I AINT ASKING FOR NOTHING BUT A SIX PACK OF BEER AND TWO PACKS OF CIGARETTES,1,,,,,,,,reason: beer and smokes not that big a deal,1,0
Person: ALL RIGHT ILL ATTEMPT TO GET YOU THE CIGARETTES AND ILL ATTEMPT TO GET THE BEER BUT I WANT ID WANT THE WOMAN OUT OF THERE WILL YOU GIVE ME THE WOMAN ?,,,1,,,,,,I need the woman for these things,1,1
Hostage Taker: ILL DECIDE THAT AND DEPENDS HOW QUICK IT TAKES YOU TO GET THE BEER AND CIGARETTES YOU KNOW IM DEALING IN GOOD FAITH YOU TREAT ME RIGHT AND TLL DO MY BEST TO TREAT YOU RIGHT YOU KNOW,,1,,,,,,,favor repayment,1,1
Person: WELL I I DONT KNOW WHAT TO TELL YOU I I I THINK WE ARE YOU KNOW YOURE YOURE RUNNING UP AGAINST A BRICK WALL HERE AND YOU GOT ME UP AGAINST THE BRICK WALL WEVE WEVE GOT TWO PEOPLE IN THERE THAT POTENTIALLY ARE IN DANGER YOURE ASKING ME TO BRING YOU CIGARETTES AND YOURE NOT GIVING ME ANYTHING IN RETURN,,1,,,,,,,this is a 2-way street,1,1
Hostage Taker: WELL CHRIST ALMIGHTY MAN HOW MUCH DOES A PACK ILL GIVE YOU THREE DOLLARS FOR THE CIGARETTES,,,,,,,,,,0,0
Person: MAN I DONT WANT ANY MONEY FROM YOU I WANT THE WOMAN OUT OF THE HOUSE THATS WHAT I WANT WHAT THE HELL IM GUARANTEEING YOU YOUR SAFETY YOURE GONNA COME WALKING OUT OF THERE,,,1,,,,,,this is the deal,1,1
Hostage Taker: YEAH IVE SEEN PEOPLE WALK OUT OF HOUSES BEFORE,,,,,,,,,,0,0
Person: WELL I GUARANTEE YOU THAT NOT ONE POLICE OFFICER WILL FIRE ONE SHOT IF YOU COME OUT WITH YOUR HANDS IN THE AIR WITH NO WEAPONS IN YOUR HAND,,,1,,,,,,surrender,1,1
Hostage Taker: WELL WHAT ARE YOU WHAT KIND OF GUARANTEE DO I GOT AFTER THE FUCKER BLOWS MY GOD DAMN HEAD OFF ? ARE YOU GONNA GO OVER THERE AND KICK HIM IN THE ASS ?,,,,,,,,,,0,0
Person: LET ME TELL YOU SOMETHING MY MAN I AM COMMANDER OF OPERATIONS OF THIS POLICE DEPARTMENT AND THERES NOT ONE POLICE OFFICER THAT WILL MOVE WITHOUT UNLESS I GIVE HIM AN ORDER TO MOVE DO YOU UNDERSTAND ? AND THERES NOBODY GONNA SHOOT AT YOU AND THEN YOURE GONNA HAVE TO WORRY ABOUT IT AFTERWARD IF I SAID NO ONES GONNA SHOOT AT YOU NO ONES GONNA SHOOT AT YOU,,,,,,,1,,I am in charge and my men won’t fire,1,1
Hostage Taker: IM TRYING TO BE AS RIGHTEOUS WITH YOU AS I CAN DO WHAT I ASK LET ME TALK TO MY MOTHER LET ME TALK TO MY SISTER LET ME TALK TO MY ATTORNEY AND ILL GIVE YOU AN ANSWER,,,1,,,,,,let me talk to people then I'll answer you,1,1
Person: OKAY,,,,,,,,,,0,0
Hostage Taker: THATS THE BEST I CAN DO,,,,,,,,,,0,0
Person: ALL RIGHT ILL TELL YOU WHAT IM GONNA DO YOUR ATTORNEY HE HASNT CALLED BACK YET BUT WE PATCHING IT IN ? YEAH BUT YOU GONNA HANG HES GONNA HANG UP THEY GOTTA CALL THAT NUMBER YOU HANG UP AND WELL CALL YOU RIGHT BACK,,,,,,,,,,0,0
Hostage Taker: YOU GOT IT,,,,,,,,,,0,0
Person: NOW KEEP THE GOOD FAITH WITH ME PAL DONT MESS ME UP HERE,,,,,,,,,,0,0
Hostage Taker: AINT NOBODY GONNA,,,,,,,,,,0,0
Person: OKAY <NAME> ALL RIGHT YOU HANG UP AND ILL GET BACK TO YOU WE ARE GONNA PATCH IN A LINE,,,,,,,,,,0,0
Hostage Taker: ALL RIGHT,,,,,,,,,,0,0
Person: OKAY,,,,,,,,,,0,0
Hostage Taker: BYE BYE,,,,,,,,,,0,0
Person: BYE BYE,,,,,,,,,,0,0
Hostage Taker: HELLO ?,,,,,,,,,,0,0
Person: <NAME> ?,,,,,,,,,,0,0
Hostage Taker: YES,,,,,,,,,,0,0
Person: ITS LIEUTENANT <NAME> AGAIN,,,,,,,,,,0,0
Hostage Taker: HOW YOU DOING ?,,,,,,,,,,0,0
Person: OKAY I GOT YOUR MOM HERE OKAY ?,,,,,,,,,,0,0
Hostage Taker: ALL RIGHT,,,,,,,,,,0,0
Person: ALL RIGHT IM GONNA LET YOU TALK TO HER OKAY ?,,,,,,,,,,0,0
Hostage Taker: SOUNDS GOOD,,,,,,,,,,0,0
Person: OKAY MY MAN HOLD ON A SECOND,,,,,,,,,,0,0
Other: <NAME> ?,,,,,,,,,,0,0
Hostage Taker: YEAH,,,,,,,,,,0,0
Other: CAN I COME AND SEE ?,,,,,,,,,,0,0
Hostage Taker: NO,,,,,,,,,,0,0
Other: WELL IM COMING ANYWAY,,,,,,,,,,0,0
Hostage Taker: TELL HIM YOU DONT WANNA SEE WHAT HAPPENS,,,,,,,,,,0,0
Other: WELL WHATEVER HAPPENS I DON T CARE IM COMING,,,,,,,,,,0,0
Hostage Taker: YOU CAN DO WHAT YOU WANT <NAME> BUT I AINT WALKING OUT OF THIS HOUSE,,,,,,,,,,0,0
Other: TOO ?,,,,,,,,,,0,0
Hostage Taker: IT AINT GONNA LOOK GOOD,,,,,,,,,,0,0
Other: WELL IM COMING OKAY ?,,,,,,,,,,0,0
Hostage Taker: NO,,,,,,,,,,0,0
Other: IM COMING,,,,,,,,,,0,0
Hostage Taker: NO,,,,,,,,,,0,0
Other: <NAME> IM COMING,,,,,,,,,,0,0
Hostage Taker: <NAME> THERE ?,,,,,,,,,,0,0
Other: NO HER AND FREDS ON THEIR WAY OVER HERE BUT IM COMING TO SEE OKAY ? PLEASE <NAME> I BEG IN GODS NAME LET ME COME AND SEE YOU,,,,,,,,,,0,0
Hostage Taker: I DONE TOLD THE COP WHATS GONNA HAPPEN IM GONNA LET THIS GUY GO,,,,,,,,,,0,0
Hostage Taker: AND WHEN I WALK OUT THE DOOR HE CAN BLOW ME DOWN IVE DONE TOLD HIM I ID LIKE TO LEAVE IT AT THAT,,,,,,,,,,0,0
Other: WHAT ?,,,,,,,,,,0,0
Hostage Taker: GOING TO HELL TONIGHT IM GOING TO HELL <NAME> IM GOING TO HELL IM GOING TO HEAVEN I DONT GIVE A SHIT ONE WAY OR THE OTHER BUT TODAY IS THE END OF IT I DONT WANT YOU OUT THERE,,,,,,,,,,0,0
Other: SO IM COMING,,,,,,,,,,0,0
Hostage Taker: WHEN I WALK OUT THIS DOOR IM GOING OUT SHOOTING AND ILL TAKE CARE OF MY BUSINESS IF YOU WANNA DO SOMETHING LATER ON TODAY YOU WANNA DO SOMETHING LATER ON NEXT WEEK IM SORRY <NAME> YOU KNOW I LOVE YOU,,,,,,,,,,0,0
Other: I LOVE YOU TOO,,,,,,,,,,0,0
Hostage Taker: AND I LOVE <NAME> I LOVE YOU BOTH BUT <NAME> I AINT WALKING OUT OF THIS HOUSE COME ON ITS AN AMBUSH THEY GOT THREE BANK JOBS AGAINST ME AND TWO OTHER ARMED ROBBERIES THATS FIVE ARMED IM TALKING YOU TALKING TWENTY YEARS TO THE FUCKING <NAME> TWENTY HARD <NAME> TWENTY HARD IM TALKING ABOUT NO PAROLE TWENTY YEARS FUCKING HARD TO THE <NAME> AND THEN ILL COME BACK TO <PLACE> TO DO THE REST OF MY GOD DAMN TIME FOR FOUR MORE ARMED ROBBERIES AND A BURGLARLY BESIDES HITTING THE COP I AINT GONNA GO TO FUCKING PRISON UNTIL IM NINETY FIVE YEARS OLD SHIT GIVE ME A DAMN BREAK YOU WANNA DO SOMETHING TO YOUR ASS FINE DO IT LATER BUT DONT DO IT HERE,,,,,,,,,,0,0
Other: JUST LET ME COME OUT AND HELP PLEASE,1,,,,,,,,other: Important person,1,0
Hostage Taker: YOU AINT GONNA DO NO GOOD I DONE TOLD THESE PEOPLE WHEN IM WALKING OUT THE DOOR AND WHEN,,,,,,,,,,0,0
Other: WELL I,,,,,,,,,,0,0
Hostage Taker: I DONE TOLD THE GOD DAMN COP TO HIT ME BELOW THE DAMN NECK I DONE TOLD THE SON OF A BITCH WITH THEM DAMN <NAME> OUT THERE I WANT IT BELOW THE WAIST ID LIKE TO HAVE MY FACE SAME WAY WHEN I WALK OUT,,,,,,,,,,0,0
Other: WELL I I IM COMING OUT OR COMING IN,,,,,,,,,,0,0
Hostage Taker: YOU CAN DO WHAT YOU WANT TO BUT YOU AINT COMING IN THIS HOUSE,,,,,,,,,,0,0
Other: YEAH IM COMING IN THIS HOUSE,,,,,,,,,,0,0
Hostage Taker: NO YOURE NOT LET ME TALK TO THE LIEUTENANT,,,,,,,,,,0,0
Other: IM COMING IN THE HOUSE <NAME>,,,,,,,,,,0,0
Hostage Taker: LET ME TALK TO THE LIEUTENANT WILL YOU ?,,,,,,,,,,0,0
Other: OKAY,,,,,,,,,,0,0
Person: <NAME> ?,,,,,,,,,,0,0
Hostage Taker: YEAH,,,,,,,,,,0,0
Person: YEAH ITS <NAME> AGAIN,,,,,,,,,,0,0
Hostage Taker: DONT LET HER COME HERE,,,,,,,,,,0,0
Person: NO IM NOT GONNA LET HER COME THERE IF YOU SAY YOU DONT WANT HER TO COME THERE,,,,,,,,,,0,0
Hostage Taker: IF SHE COMES HERE ILL OPEN FIRE,,,,,,,,,,0,0
Person: YOU CANT YOURE YOURE GONNA OPEN FIRE ON YOUR MOTHER ?,,,,,,,,,,0,0
Hostage Taker: ILL OPEN FIRE ON ANYBODY I SEE STANDING OUT THERE,,,,,,,,,,0,0
Person: ALL RIGHT NO SHES NOT COMING THERE,,,,,,,,,,0,0
Hostage Taker: ALL RIGHT,,,,,,,,,,0,0
Person: SHES ABSOLUTELY NOT COMING THERE THEN,,,,,,,,,,0,0
Hostage Taker: YOU GOT IT,,,,,,,,,,0,0
Person: ALL RIGHT NOW WHAT ARE WE GONNA DO ?,,,,,,,,,,0,0
,,,,,,,,,
DONE,,,,,,,,,