Rogan_foxtrot,4,0,HT01,Establishing communication requesting S O S get the God damn power here bring the fuckin steak and the eggs 10 4
Rogan_foxtrot,5,0,PN60,<HT01_First_Name> I just found out that your steak and eggs uh have just arrived and I want to find out from you how you want them delivered
Rogan_foxtrot,6,3,HT01,Ive already established that youre really pissing me off I want em brought out on the same cars that theyre goin uh establish electricity with should take no more than two men to do it I want one once the car gets here to bring me electricity one to bring the steak and eggs to the fuckin window If someone comes through the pilots window and sticks a gun up pulls uh sticks the gun up it all goes up Im being calm You all are being a little bit irrational in a type situation like this your not dealingwith your average [pause] highjacker 10 4
Rogan_foxtrot,7,5,PN60,Well I understand the fact that your very intelligent and I appreciate that Were just about ready to bring the food out to you now heres the way its gonna be done <HT01_First_Name> now listen up okay
Rogan_foxtrot,8,0,HT01,10 4 I told you how it was gonna be done you tell me how you want to do it and then Im gonna tell you how its gonna be done and I want to know where in the hell <ON82_First_Name> is
Rogan_foxtrot,9,3,PN60,Weve just located her and shes gonna be out here shortly uh keep calm <HT01_First_Name> Im trying to work this thing out now listen heres what Id like to do Id like to uh send one man out to the plane and hand somebody the food through the captains window or the co captains window okay
Rogan_foxtrot,10,6,HT01,The food ull brought in through a captains window a electrician will be established at that time do you respect that were about to lose communications Lose communications lose control 10 4
Rogan_foxtrot,11,0,PN60,Okay just hang on and well try in get the AP unit APU unit out to you also just hang on I got the food Im working on the other thing okay
Rogan_foxtrot,12,0,HT01,Thats a 10 4 [pause_all_I_hear_is_the_back_ground_noise_that_has_been_going_through_out_the_tape]
Rogan_foxtrot,13,0,CH30,Em uh <PN60_First_Name> this is Captain <CH30_Last_Name>
Rogan_foxtrot,14,0,PN60,Yea Captain <CH30_Last_Name>
Rogan_foxtrot,15,0,CH30,Yea Id like to request that uh he wants his food have you to go ahead and get ahold of our uh uh corresponding uh husband and wife just to let em know that were everything is fine and okay And uh the telephone number for uh <CH31_First_Name> s husband is uh his name is <CH31_Husbands_First_Name> telephone numbers <num> and if hes not there just leave a message on the recorder that everythings okay and uh my uh uh wifes phone number is uh <num>
Rogan_foxtrot,16,0,PN60,Okay what is your wifes name
Rogan_foxtrot,17,0,CH30,Name is <CH30_Wifes_First_Name> <CH30_Last_Name>
Rogan_foxtrot,18,0,PN60,Okay let me have that number again please Captain
Rogan_foxtrot,19,0,CH30,Okay the last number <num>
Rogan_foxtrot,20,0,PN60,Okay I got that just hold on for a second please
Rogan_foxtrot,21,0,CH30,Okay and uh or uh gettin low on the battery out here so we need to have the AP hooked up as soon as we can so we can like keep the radio uh line open
Rogan_foxtrot,22,0,PN60,Okay I understand Ill have somebody out there with in the next [pause] 90 seconds just hold on for a minute okay
Rogan_foxtrot,23,0,CH30,Okay well as soon as our radio uh uh uh cuts power but uh when you last changed your last position your radio got uh real weak and distorted so maybe your uh location
Rogan_foxtrot,24,0,PN60,Okay just hold on a minute [pause_hear_nothing]
Rogan_foxtrot,25,0,PN60,<PN60_First_Name> to <HT01_First_Name> [pause] <PN60_First_Name> to <HT01_First_Name>
Rogan_foxtrot,26,0,HT01,<HT01_First_Name> to <PN60_First_Name> come in please <PN60_First_Name>
Rogan_foxtrot,27,3,PN60,I want you to know that uh [pause] I have everything all set to go what Id like you to do is to let uh <CH31_First_Name> walk out of the plane and Ill bring the shipment right over to you right now okay
Rogan_foxtrot,28,1,HT01,Negatory Negatory <CH31_First_Name> is in good hands shes just like Allstate <HT01_First_Name> <HT01_Last_Name> shes in good hands as long as shes with me 10 4 Okay I did not want to Im not letting anyone go besides uh were gonna stay here your not talking me out of the two people who are in the plane with me Ive established communications with them Im gonna break communications with you at this point they know what my demands are and until there met Im just gonna sit here 10 4 Im gettin a little pissed off Im a little hungry 10 4
Rogan_foxtrot,29,0,PN60,Okay listen [pause] <HT01_First_Name> are you listening to me now
Rogan_foxtrot,30,0,CH30,Yea go ahead your radios gettin real weak we need to get some power out here
Rogan_foxtrot,31,0,PN60,Okay just stand by and Ill bring the power out to you just stand by for a second okay Captain
Rogan_foxtrot,32,0,CH30,Okay thatll be fine [pause] An he said you got uh a minute and a half to do it [long_pause]
Rogan_foxtrot,33,0,PN60,This is <PN60_First_Name> to <HT01_First_Name>
Rogan_foxtrot,34,0,CH30,Yea this is Captain <CH30_Last_Name> he doesnt want to talk to ya til we get power hooked up
Rogan_foxtrot,35,1,PN60,Okay I want you to know that were hooking the power up right now we cant give up the time limit on this thing were trying to do the best we can just let him know that okay
Rogan_foxtrot,36,0,CH30,Yea we understand
Rogan_foxtrot,37,1,PN60,And I would also like you to know that uh as soon as the power is hooked up well well uh see about getting you that food but we can only do one thing at a time okay
Rogan_foxtrot,38,0,CH30,Okay we can just barely read you right now uh we wont be able to talk to you any more til you get the power hooked up cause were uh batteries are gettin low
Rogan_foxtrot,39,0,PN60,Okay [long_pause]
Rogan_foxtrot,40,0,PN60,This is <PN60_First_Name> to uh Captain
Rogan_foxtrot,41,0,CH30,Uh go ahead well try to talk to ya
Rogan_foxtrot,42,0,PN60,Okay theres theres someone coming out right now to hook up the power so just be aware of that okay
Rogan_foxtrot,43,0,CH30,Okay well do thank you [long_pause]
Rogan_foxtrot,44,0,CH30,Okay uh were back on ground power now how do you read us
Rogan_foxtrot,45,0,PN60,[too_distant_cant_hear_what_hes_saying]
Rogan_foxtrot,46,0,CH30,And I uh think its in your radio cause we can uh barely pick you up
Rogan_foxtrot,47,0,PN60,[too_distant_cant_hear_what_hes_saying]
Rogan_foxtrot,48,0,CH30,Yea uh you got problems with your radio uh when your uh radio is weaker or your batteries are goin dead or somethin [long_pause]
Rogan_foxtrot,49,0,CH30,And uh <PN60_First_Name> [jump] [pause]
Rogan_foxtrot,50,0,CH30,And uh <PN60_First_Name> you on the radio now
Rogan_foxtrot,51,0,PN60,[to_distant_cant_hear_what_hes_saying]
Rogan_foxtrot,52,0,CH30,Okay your radio is uh we cant even reach you anymore uh weve got we know its uh not our radio cause we callin and and uh talked to operations okay so uh I dont know if your batteries gone dead or you need to change your location over there somethin [long_pause]
Rogan_foxtrot,53,0,PN60,<PN60_First_Name> to <HT01_First_Name>
Rogan_foxtrot,54,0,CH30,Uh your radios still real weak uh
Rogan_foxtrot,55,0,PN60,Okay I realize that but were working on it I just want you to know if we lose communications that were working on it and Ill be there as soon as I can okay
Rogan_foxtrot,56,0,CH30,Okay I just barely read ya but uh I think I understood ya [long_pause]
Rogan_foxtrot,57,0,ON80,1 2 3 4 5
Rogan_foxtrot,58,0,ON81,
Rogan_foxtrot,59,0,CH30,can it read us
Rogan_foxtrot,60,0,PN60,This is <PN60_First_Name> to the Captain can you read me now
Rogan_foxtrot,61,0,CH30,Ah just barely
Rogan_foxtrot,62,0,PN60,Okay uh [pause] stand by well try in work this thing out okay
Rogan_foxtrot,63,0,CH30,Okay were gettin ya a little bit better now
Rogan_foxtrot,64,0,HT01,<PN60_First_Name>
Rogan_foxtrot,65,0,PN60,Yes <HT01_First_Name>
Rogan_foxtrot,66,0,HT01,Communication is gettin worse and worse and uh I realize it may not be your fault and Im very aware of the fact that the pilot and co pilot are doing all they can do damn it if you cant get it communications established call ATT 10 4
Rogan_foxtrot,67,0,PN60,<HT01_First_Name> I want you to listen to me and Im sure that youll find uh that communications are excellent now Im just makin an adjustment and I think you can can hear me loud and clear now is that right
Rogan_foxtrot,68,0,HT01,Thats a 10 4 Why in the hell couldnt you establish that 30 minutes ago let me tell you somethin
Rogan_foxtrot,69,0,PN60,Ha <HT01_First_Name> Im tryin to work with you okay
Rogan_foxtrot,70,0,HT01,1100 1135 was when we landed it is now 135 the clock is running Find <ON82_First_Name> find someone whos willing to talk to me okay 10 4 10 4 out
Rogan_foxtrot,71,0,PN60,<PN60_First_Name> to <HT01_First_Name> [pause] <PN60_First_Name> to Captain <CH30_Last_Name>
Rogan_foxtrot,72,0,CH30,Ya go ahead
Rogan_foxtrot,73,0,PN60,Okay can <HT01_First_Name> hear me
Rogan_foxtrot,74,0,CH30,Ya he can hear every word
Rogan_foxtrot,75,1,PN60,Okay thats good I want him to hear me Because the first thing I want him to know is that I promised him that I would get the power back right Ive done that [Pause] How am I coming through Captain
Rogan_foxtrot,76,0,CH30,Yea we hear you loud and clear its just uh I
Rogan_foxtrot,77,0,PN60,Okay listen I have the food prepared and Im just about ready to bring it out to the plane now Im not going to do it but were gonna have somebody do it okay
Rogan_foxtrot,78,0,CH30,Okay just bring it to the uh captains window
Rogan_foxtrot,79,0,PN60,Okay just stand by for a minute
Rogan_foxtrot,80,0,HT01,<PN60_First_Name> [radio_interference]
Rogan_foxtrot,81,0,PN60,Yea <HT01_First_Name> [pause] <PN60_First_Name> to <HT01_First_Name> go ahead
Rogan_foxtrot,82,3,HT01,<PN60_First_Name> thats <HT01_First_Name> uh Ive been sitting here and Ive been waiting and waiting and waiting Ive talked to knowone you your two of your uh uh hostage arbitrator for the federal bulletin investigation or either the federal aviation administration now Ive told you my demands I told you what I want I wanna talk to <ON82_First_Name> no food no nothing I can sit here and I can last longer than my hostages can nothing I wouldnt do nothing until my demands are met now tell me where <ON82_First_Name> is and you tell me what your doing to get her here you tell me what your doing to help me and Ill Ill be more than willing to help you but but Im sitting here in the blind and Im in the blind all I here is jets taking off
Rogan_foxtrot,83,0,PN60,Okay <HT01_First_Name> listen to me Can you hear me now
Rogan_foxtrot,84,0,HT01,Control panels
Rogan_foxtrot,85,0,PN60,<HT01_First_Name> to <PN60_First_Name> <PN60_First_Name> to <HT01_First_Name> rather
Rogan_foxtrot,86,0,HT01,What I can do to help you 10 4
Rogan_foxtrot,87,0,PN60,10 4 [pause] <PN60_First_Name> to <HT01_First_Name>
Rogan_foxtrot,88,0,HT01,<HT01_First_Name> coming in
Rogan_foxtrot,89,3,PN60,<HT01_First_Name> now listen to me Ive done everything I can to help you right now and Im trying to get you some food all I want you to do is to hang tight trust me thats all you have to do were gonna get <ON82_First_Name> here right now shes in shes in route to the airport okay
Rogan_foxtrot,90,0,HT01,10 4 Shes in route but tell me where shes in route from she works for Governor Joe Buttonheads and she knows Im here shes gonna get here and shes gonna get here as quick as possible now tell me where shes in route from she works here in Atlanta she lives in Roswal tell me where shes in route from damn it Im tired of sittin here for a fuckin two in a half fuckin hours hour in a half Im tired of sitting repeat tired of sitting and asking you all to help me tell me where <ON82_First_Name> is
Rogan_foxtrot,91,1,PN60,<HT01_First_Name> Ive told you that shes on her way right now we have located her she was gone to lunch and we found her were trying to get her here as soon as we can just stay calm stay cool and uh lets help each other out on this thing okay
Rogan_foxtrot,92,0,HT01,You could establish communication between she and I dont bullshit me you keep fuckin bullshittin your pissing me off the longer you bullshit me your pissing me fucking off [pause]
Rogan_foxtrot,93,0,PN60,<PN60_First_Name> to <HT01_First_Name>
Rogan_foxtrot,94,0,HT01,<HT01_First_Name> to <PN60_First_Name> come in <PN60_First_Name> Im tired of fuckin with ya
Rogan_foxtrot,95,2,PN60,Okay the food is ready to be brought out to ya <HT01_First_Name> and <ON82_First_Name> is coming just just hang tough thats all I ask you to do Its a two way street um okay
Rogan_foxtrot,96,0,HT01,<ON82_First_Name> 10
Rogan_foxtrot,97,0,PN60,Okay you were broken up I couldnt read you [pause] You cut me off
Rogan_foxtrot,98,3,HT01,The food will not be brought out without <ON82_First_Name> 10 4 10 4 Will release all hostages when talk to <ON82_First_Name> <ON82_First_Name> is my ticket off
Rogan_foxtrot,99,0,ON80,
Rogan_foxtrot,100,3,HT01,this plane Ill talk to <ON82_First_Name> anybody else refuse 10 4
Rogan_foxtrot,101,0,PN60,I understand When <ON82_First_Name> comes out are you coming off the plane and talk to her or what
Rogan_foxtrot,102,0,HT01,Negatory <ON82_First_Name> will come on plane and talk to me
Rogan_foxtrot,103,0,PN60,Suppose she doesnt wanna talk to you
Rogan_foxtrot,104,0,HT01,Suppose she doesnt Suppose I have to do what I have to do 10 4
Rogan_foxtrot,105,0,PN60,<HT01_First_Name> let me ask you about that instrument that you got on board you say its a bomb
Rogan_foxtrot,106,0,HT01,All communications will be disestablished at this point this flight will flight <number> from uh Augusta to Atlanta all communications are disestablished Ill tell you exactly how my bomb works a 120v is what it takes to set off the electronical control on it 140 fahrenheit is what it takes to set off the dynamite now if you want that on your hands then live with it if you dont get me some fuckin help Im tired of negotiating with you
Rogan_foxtrot,107,2,PN60,Were really not negotiating you havent given me anything Im the one whos giving up everything <HT01_First_Name> Im trying to get the girl here shes on her way so just hold on okay
Rogan_foxtrot,108,0,PN60,<PN60_First_Name> to the Captain
Rogan_foxtrot,109,0,CH30,Yea go ahead
Rogan_foxtrot,110,0,PN60,Okay would you try in relate to to him that were trying everything possible [pause] to meet his demands uh <ON82_First_Name> s in route here we got the unit uh out to the plane were working on power trying to get him food so were trying to uh do everything possible [pause] to make him happy out there
Rogan_foxtrot,111,1,HT01,<PN60_First_Name> Im not happy I wont be happy til <ON82_First_Name> gets here Im not gonna hurt anyone as I said if <ON82_First_Name> comes aboard the plane Im not gonna hurt her I trust <ON82_First_Name> If <ON82_First_Name> comes aboard the plane you can let her know Im not gonna hurt her
Rogan_foxtrot,112,0,PN60,Does <ON82_First_Name> know you
Rogan_foxtrot,113,0,HT01,Uh and get the help that I need its a shame that someone who has the drug rehab problem has to go to such extremes I apologize for I apologize to the American public but maybe even if I die here
Rogan_foxtrot,114,0,PN60,Nobodys gonna die anyplace <HT01_First_Name>
Rogan_foxtrot,115,0,HT01,I did 10 4
Rogan_foxtrot,116,1,PN60,Okay I want <HT01_First_Name> Nobody is going to die anyplace okay Were gonna be able to work this thing out to everybodys satisfaction all I want you to do is to trust me okay
Rogan_foxtrot,117,0,HT01,How can I trust you when I cant see you I cant trust anything I dont see 10 4
Rogan_foxtrot,118,3,PN60,I trust you I havent seen you but I know your intelligent guy your smart and Im sure that we can work together on the thing all I ask you to do is to trust me and to uh to give me a little bit of time to get <ON82_First_Name> here thats all I ask
Rogan_foxtrot,119,0,HT01,Ive gave you all the time that you need Ive given you over an hour and a half you all tryed to tell me she was out on her lunch hour I sat back and I laughed about it Im tired of laughing Okay 10 4
Rogan_foxtrot,120,5,PN60,Okay I understand you <HT01_First_Name> [pause] thanks for talking with us thats all I ask you to do because shes coming and Im gonna have her there She knows you right
Rogan_foxtrot,121,0,HT01,Thats a 10 4
Rogan_foxtrot,122,0,PN60,How does she know you
Rogan_foxtrot,123,0,HT01,Thats irrelevant 10 4
Rogan_foxtrot,124,1,PN60,I have to know these things before I can send this lady aboard I dont know weither you know her or she knows you or what thats why Im asking these questions
Rogan_foxtrot,125,0,HT01,Ask <ON82_First_Name> Band if she knows <HT01_First_Name> shell tell you she knows him If not let me talk to my mother thats the last person I want to talk to
Rogan_foxtrot,126,0,PN60,What is your mothers name
Rogan_foxtrot,127,0,HT01,<HT01s_Mothers_Full_Name> <spells_name> area code <num> if you cant reach her there shes on in route to work <num> 10 4
Rogan_foxtrot,128,0,PN60,Okay your gonna have to go a little bit slower I got just about all of that would you give me the last four digits please
Rogan_foxtrot,129,0,HT01,Last four digits of what
Rogan_foxtrot,130,0,PN60,Of the work number please
Rogan_foxtrot,131,0,HT01,<num>
Rogan_foxtrot,132,0,PN60,Okay we got it [pause] Is she in Atlanta
Rogan_foxtrot,133,0,HT01,Negatory
Rogan_foxtrot,134,0,PN60,Where does she work
Rogan_foxtrot,135,0,HT01,<Company_Name> Athens Georgia
Rogan_foxtrot,136,0,PN60,Okay would she be at work today <HT01_First_Name>
Rogan_foxtrot,137,0,HT01,Thats affirmative
Rogan_foxtrot,138,0,PN60,Okay uh very good well try in contact her because I know ya wanna talk to her okay
Rogan_foxtrot,139,0,HT01,Thats a 10 4 Im tired of dealing with you p people who are trying to talk me into releasing people Im gettin a little pissed off the more and more I get pissed off the less and less either of our circumstances well all die Im willing to die so that people my age can live a more abundant life
Rogan_foxtrot,140,5,PN60,I understand that <HT01_First_Name> but I dont want you to die I dont want anybody to die okay
Rogan_foxtrot,141,0,HT01,Keep on your your FAA or your FBI one or the other
Rogan_foxtrot,142,1,PN60,well let me tell you this Im with the FBI all you have to do is to trust me I wont lie to you at all <HT01_First_Name> okay
Rogan_foxtrot,143,0,HT01,Im tired of playing Mr Nice Guy Im playing jokes [pause] meeting has been disestablished 10 4 [long_pause]
Rogan_foxtrot,144,0,ON80,Grandpa Delta 1096 would like a taxi
Rogan_foxtrot,145,0,PN60,This is <PN60_First_Name> to uh <HT01_First_Name> [pause] <PN60_First_Name> to <HT01_First_Name>
Rogan_foxtrot,146,0,CH30,Yea he wants me to talk to ya what do you need
Rogan_foxtrot,147,0,PN60,No I have to talk to him right now I got some great news
Rogan_foxtrot,148,0,CH30,Okay he can hear every word you say
Rogan_foxtrot,149,1,PN60,I gotta talk to him Captain put him on or else Im not gonna even talk to anybody I wanna talk to him I got some great news for him [pause]
Rogan_foxtrot,150,0,PN60,<PN60_First_Name> to <HT01_First_Name>
Rogan_foxtrot,151,0,HT01,<PN60_First_Name> show me some great news I want to see some great news knock this shit o off Ive got some great news I can tell you show me I want to physically see it I want to see a tangible not an intangible 10 4
Rogan_foxtrot,152,1,PN60,<HT01_First_Name> I want you to listen to me I promised you that I would get her here I have her here I want you to know that do you understand that I have her not to far from here okay you hear me [pause]
Rogan_foxtrot,153,0,PN60,<PN60_First_Name> to <HT01_First_Name> [pause]
Rogan_foxtrot,154,0,HT01,Communication reestablished I havent seen <ON82_First_Name> yet until I see <ON82_First_Name> I dont give up any hostages I dont do anything Im telling you you can sit here and tell me all about what you think your going to do and tell me all this good news you dont have any good news until I see <ON82_First_Name> riding out on a car just as things rode earlier 10 4
Rogan_foxtrot,155,1,PN60,Okay now you listen to me shes here she does not want to come on the plane shes not going to go in the plane I cant force her to go in the plane What I can do is I can place her in a position where you can see her do you follow me
Rogan_foxtrot,156,0,HT01,10 4
Rogan_foxtrot,157,2,PN60,Alright now you listen to me I promised you that I would get her here What are you gonna do for me once I let her uh expose herself to you like that are you gonna let the uh co pilot off the plane or what
Rogan_foxtrot,158,0,HT01,Were what are you gonna do for me if my demands are met I told you my original demands to the guy who superseded you now if you want my demands met then fine youll met um if you dont then fuck it your given up three lives God Damn You
Rogan_foxtrot,159,0,PN60,Okay well heres what were gonna do were gonna get uh <ON82_First_Name> in a position so that you can observe her from the plane okay thats the first thing that were gonna do and from there well uh well see what happens we can work this other thing out okay <HT01_First_Name>
Rogan_foxtrot,160,0,HT01,10 4 I want <ON82_First_Name> in a position in front of the plane where I can see her and talk to her
Rogan_foxtrot,161,0,PN60,Stand by <HT01_First_Name> Ill get right back to ya let me go in talk to her for a minute okay I have to go in talk to <ON82_First_Name> okay [pause]
Rogan_foxtrot,162,0,ON80,Call Macon County
Rogan_foxtrot,163,0,PN60,Yea this is <PN60_First_Name> to <HT01_First_Name> go ahead
Rogan_foxtrot,164,0,ON81,Is uh Matt around today [pause]
Rogan_foxtrot,165,0,PN60,Wake up okay
Rogan_foxtrot,166,0,HT01,Quite lying to me if your talking to <ON82_First_Name> put her on the radio with me shes in no danger if she gets on the radio with me shes in no danger repeat no danger if she gets in radio contact with me
Rogan_foxtrot,167,0,PN60,Okay you just wait two or three minutes Ill have her here just wait a minute
Rogan_foxtrot,168,0,HT01,Why what ya gonna do next Im tired of you bullshittin me <PN60_First_Name> were not doing negotiations with you uh Im not negotiating 10 4
Rogan_foxtrot,169,0,PN60,Okay I want you to listen to me Could you recognize her voice over this radio
Rogan_foxtrot,170,0,HT01,Thats attempted
Rogan_foxtrot,171,1,PN60,Okay just stand by an I will have her on there just stand by and trust me <HT01_First_Name> thats the key to the whole thing you got to trust me son
Rogan_foxtrot,172,0,HT01,<PN60_First_Name> I have distrust in my whole United States Government uh Ive tried to find trust in it Im Im of the fact Im of the opinion that I cant get trusted and thats why Im resorting to such tactics 10 4 Bring <ON82_First_Name> on
Rogan_foxtrot,173,0,PN60,<HT01_First_Name> were you in the Military
Rogan_foxtrot,174,0,HT01,Affirmative
Rogan_foxtrot,175,0,PN60,What branch were you in
Rogan_foxtrot,176,0,HT01,You already have that on paper if youd look United States Marine Corp
Rogan_foxtrot,177,0,PN60,I understand Where did you serve
Rogan_foxtrot,178,0,HT01,I served at Camp H M Smith Whyith with comanding general and the comander chief of the specific all there over two thirds of the world I worked in the classified material control center Keep talking to me and your gonna devolge classified information across the airways and they the uh commies are gonna pick um up 10 4
Rogan_foxtrot,179,0,PN60,I understand now tell me a little bit about this drug rehabilitation deal that your in on
Rogan_foxtrot,180,0,HT01,Put <ON82_First_Name> on the damn radio and Ill talk to her
Rogan_foxtrot,181,0,PN60,First your gonna talk to me a little bit because shes on her way okay [pause] Tell me about the program
Rogan_foxtrot,182,0,HT01,Big fuckin deal Why do you keep lyin to me Im tired of you lyin to me <PN60_First_Name> come on be for real
Rogan_foxtrot,183,3,PN60,Okay Just stand by and Ill have her talk to you and and then youll see that Im for real okay
Rogan_foxtrot,184,0,HT01,Firmative [pause]
Rogan_foxtrot,185,0,HT01,<PN60_First_Name>
Rogan_foxtrot,186,0,PN60,Yea <HT01_First_Name> go ahead
Rogan_foxtrot,187,0,HT01,Ask you one question why do you keep tellin me lies if you cant produce what I want you to produce then why dont you be honest and objective with me and tell me you cant meet my demands okay Be honest and objective and well go from there 10 4 Quit telling me your gonna do something you cant do
Rogan_foxtrot,188,3,PN60,Okay <HT01_First_Name> I want you to listen to me Im at one location <ON82_First_Name> is at another location I just talked to her on the phone shes on her way over here so she can talk to you all I ask you to do is just bear with me for a few more minutes and Ill have her here [cuts_out] not lied to you just stand by for a few minutes my friend
Rogan_foxtrot,189,0,HT01,Its 3 minutes after two oclock how many minutes do you want me to play with you
Rogan_foxtrot,190,5,PN60,Just a few more just a few more minutes Ill have her here and then youll uh see what type of integrity that were talkin about this is the FBI talkin to you <HT01_First_Name> Ive been talkin to you now for about an hour and I understand what your going through Im trying to work the thing out for you for both of us for everybody I dont want anybody to get hurt at this thing okay
Rogan_foxtrot,191,0,HT01,10 4 I dont want anybody to get hurt either but Im tired of you all lyin to me <PN60_First_Name> Ive been sitting here we touched ground we left at eleven oclock we touched down at eleven thirtyfive Ive been sitting here for a approximately lets say its five minutes after past one Ive been sitting here for an hour and twenty minutes Im getting tired of waiting 10 4 Come in <PN60_First_Name>
Rogan_foxtrot,192,1,PN60,I understand you uhhh Ive talked to you for a for a long time I feel like weve established [pause] a rapport with each other and a bond of trust with each other uh the first thing I did was to get you more power I moved the units back and Im getting the girl here all I ask [cut_off] just take it easy and re [cut_off_static]
Rogan_foxtrot,193,0,HT01,Thats affirmative <PN60_First_Name>
Rogan_foxtrot,194,5,PN60,Okay my friend you just [cut_off_static]
Rogan_foxtrot,195,0,HT01,Four to my right one two three four five six seven theres one living to my eight to my left [static] Thats just my front side I dont know what you got on the back side I can only see what I can see in front of me I dont have eyes in the back of this plane Now Im telling you once and finally please start doing something or else 10 4 Out Talk to the pilot the pilot is the only person you will have contact with until <ON82_First_Name> meet until <ON82_First_Name> comes and I establish communications with <ON82_First_Name> 10 4
Rogan_foxtrot,196,0,PN60,I understand <HT01_First_Name> [pause_distant_radio_talk_in_the_background]
Rogan_foxtrot,197,0,PN60,<PN60_First_Name> to the Captain
Rogan_foxtrot,198,0,HT01,Go ahead
Rogan_foxtrot,199,0,PN60,Oh this is <HT01_First_Name> again thats good <HT01_First_Name> I wanted to talk to you anyway I know that you realize that this is probably the busiest airport in the nation and it takes time to get her here but shes coming I have been assured that shes on route right now okay She is at the airport were just trying to her to this location
Rogan_foxtrot,200,3,HT01,10 4 Shes at the airport That means within fifteen minutes you should be able to have her out at least on a runway in front of me where I can look at her and talk to her eye to eye Im tired of talking to you <PN60_First_Name> I havent seen you when you establish contact where I can see you I can feel assured that I can look in your eye and tell weither your bein honest or not 10 4
Rogan_foxtrot,201,5,PN60,I understand that <HT01_First_Name> I havent seen you either but I am concerned about you and Im concerned about everybody else on board uh as far as uh <ON82_First_Name> is concerned Im trying very hard to get her here uh please dont set a a deadline or a time limit with me because I have no control of that but I want you to know that I am concerned about you and I would like to see you eye ball to eye ball also
Rogan_foxtrot,202,0,HT01,And you wont get no bullshit in return Im tired of bein bullshited Im looking around and I see everybody gettin a little edgy the securitys gettin a little edgy Im gettin a little edgy and the the more tense it gets the longer well wait the longer its gonna be to deal with things all I want to do is get <ON82_First_Name> here I feel reassured if <ON82_First_Name> comes I can walk off this plane otherwise I feel like Im gonna die on it 10 4
Rogan_foxtrot,203,3,PN60,Okay are you telling me when <ON82_First_Name> gets here that that uh that we can arrange it so everybody can walk off that plane and everybody will be safe are you telling me that <HT01_First_Name>
Rogan_foxtrot,204,0,HT01,Affirmative
Rogan_foxtrot,205,3,PN60,Okay all I have to do is to present <ON82_First_Name> on the radio and after that uh get her in a position so so you can see her and you promise me that youll let everybody off that plane and the main thing I want you off that plane safetly safe and sound Okay
Rogan_foxtrot,206,3,HT01,You dont youve been training hostage crisis hyjacking situations thats your job I respect you for that <PN60_First_Name> thats what the FBI has trained you to do just like the Marine Corp trained me to do what Im doing right now so Im gonna sit here If <ON82_First_Name> boards this plane Ill agree to defuse the bomb I will agree to defuse the bomb I repeat defuse the bomb If she will board this plane I will throw the caps to the bomb out then Ill talk to <ON82_First_Name> well be okay okay <PN60_First_Name>
Rogan_foxtrot,207,3,PN60,Okay I got all that and I understand and uh what your saying to me is that your agreeing to uh to defuse the bomb and to throw the caps out if well let you uh talk to <ON82_First_Name> and and see her is that correct <HT01_First_Name>
Rogan_foxtrot,208,3,HT01,If I talk to her Ill feel a little more at ease Second of all if shell board the plane then well all walk out alive okay
Rogan_foxtrot,209,1,PN60,Okay that sounds good to me but listen I cant promise you that she will board the plane I cant make her go on board with you youll have to talk to her yourself okay [pause]
Rogan_foxtrot,210,0,PN60,<HT01_First_Name> did you hear me
Rogan_foxtrot,211,0,CH30,Yea he heard ya
Rogan_foxtrot,212,1,PN60,Okay thats good I just want him to that uh that once she gets here all I can tell him is that youll be able to see her I cant assure him that that shes going aboard that plane I cant make her go aboard the plane Over
Rogan_foxtrot,213,0,HT01,Giving me assurances like that to me <PN60_First_Name> just like you cant assure me that she was here you had some good news for me Ha where the Fucks the good news at buddy
Rogan_foxtrot,214,1,PN60,Okay I had just talked to her on the by phone I had just located her I talked to her and she agreed to come to the airport and shes on route right now to the airport thats all I can tell you I was very excited about that I felt good about that and I wanted you to feel good about it [pause] Shes coming <HT01_First_Name> believe me all you have to do is just hang with me for a few more minutes son [pause_distant_talking_in_the_background]
Rogan_foxtrot,215,0,HT01,Establish communication and if my mee needs can not be met I repeat if my needs can not be met tell me now I will disestablish communications from here on out your talking to my pilot and you will get an arbitrator in between us My pilot will arbitrate for us 10 4
Rogan_foxtrot,216,0,PN60,This is <PN60_First_Name> to the Captain
Rogan_foxtrot,217,0,CH30,Yea go ahead
Rogan_foxtrot,218,3,PN60,Okay I want to assure you and <HT01_First_Name> that all of his demands will be met and can be met and to all he has to do is to stay calm and all his demands will be met I want you to to uh to pass that on to him because its important Im trying to work with him everybody is trying to work with him the best way that we can Over
Rogan_foxtrot,219,0,CH30,Yea I think everythings fine its just uh as soon as you get get uh <ON82_First_Name> up here things ull be alot better
Rogan_foxtrot,220,4,PN60,Okay Captain I just want uh to let you know that I did talk to her on the phone she has agreed to come to the airport I understand that she is at the airport at this time Im in one location and shes in another location as soon as she gets here I will recontact you and <HT01_First_Name> and <HT01_First_Name> can talk to her at that point I hope that uh we can set up an arrangment where <HT01_First_Name> can see her at that point I hope that he will keep his word and defuse the bomb and uh and all of us can get out of this thing safetly without anyone being injured
Rogan_foxtrot,221,0,HT01,<PN60_First_Name> youve already told me she was in the airport you have no proof of it you havent seen her you havent established communications with her your going on intelligence intelligences is bum fuckin idiots Now Im tellin you one thing and this is not intelligent this is from me to you <PN60_First_Name> sit here and bullshit me if you want to keep trin to bullshit me your not going to fuckin bullshit me
Rogan_foxtrot,222,0,PN60,Im not bullshitting you Im not relying on intelligence I talked to her myself by telephone <HT01_First_Name>
Rogan_foxtrot,223,0,HT01,More pissed off second of all [pause] Im sitting here Ive kept my fuckin pilot and co pilot under complete control we have had a good relationship your are Im gonna have to break communications with you if sending this commonness
Rogan_foxtrot,224,0,PN60,[<HT01_First_Name>_listen]
Rogan_foxtrot,225,0,HT01,propaganda into us Im tired of you trying to send things to me tell me things that arent true okay
Rogan_foxtrot,226,0,PN60,<HT01_First_Name> I want you to listen to me are you listening now
Rogan_foxtrot,227,0,HT01,Need someone here Ive told you someone besides <ON82_First_Name> you could reach you have you cant reach <ON82_First_Name> Im tired of you telling me there in the area <PN60_First_Name> your negotiating for time I dont have a whole hell of a lot of time My time is already bought these people want to live Im willing to let um live
Rogan_foxtrot,228,0,PN60,<HT01_First_Name> <HT01_First_Name>
Rogan_foxtrot,229,0,HT01,<PN60_First_Name>
Rogan_foxtrot,230,0,PN60,<HT01s_Mothers_Full_Name> is your mother right <HT01_First_Name> [pause] <PN60_First_Name> to <HT01_First_Name>
Rogan_foxtrot,231,0,CH30,Yea he said thats correct
Rogan_foxtrot,232,0,PN60,Okay were trying to reach her too and as soon as we reach her in Athens uh shell be down here by helicopter as soon as we can get her down here
Rogan_foxtrot,233,0,CH30,Okay he said that would be fine
Rogan_foxtrot,234,0,PN60,Okay I want him to know that were gonna get her down here also
Rogan_foxtrot,235,0,CH30,Yea he heard ya [pause]
Rogan_foxtrot,236,0,ON80,Operations 5 4 23 44 [pause]
Rogan_foxtrot,237,0,PN60,Yes sir I want you to know that we have gotten ahold of your wife and uh we have a call in right now to Mrs <Name> So were working on everything okay
Rogan_foxtrot,238,0,CH30,Okay did you get ahold of <CH31_First_Name> s husband
Rogan_foxtrot,239,0,PN60,Thats affirmative
Rogan_foxtrot,240,0,HT01,I mean it when I told you to God Damnit Im gettin pissed off <PN60_First_Name> GOD DAMNIT [pause]
Rogan_foxtrot,241,0,HT01,<PN60_First_Name>
Rogan_foxtrot,242,0,PN60,Yea <HT01_First_Name>
Rogan_foxtrot,243,0,HT01,Go ahead and bring us some food out Im tired of you waiting were hungry Go ahead and bring us some food out repea [radio_interference] They must follow out the closest one to the airport caution truck [radio_interference] food in send it straight [radio_interference] fucking asking you all to meet my deman [radio_interference] <PN60_First_Name> thank you
Rogan_foxtrot,244,0,PN60,Okay everybodys hungry on that plane and were gonna get some food out and were gonna bring it out uh just a just a minute just hold on for two or three minutes and well get the food out to ya okay [pause]
Rogan_foxtrot,245,0,HT01,<PN60_First_Name>
Rogan_foxtrot,246,0,PN60,Yea <HT01_First_Name>
Rogan_foxtrot,247,0,HT01,I want some coffee
Rogan_foxtrot,248,0,PN60,Okay Ive already told the man to bring the food out and its on its way out right now hell bring that out as soon as hes done Ill when when he comes back well have some coffee he can bring that out You should have told me that you wanted coffee but as soon as he brings the food out Ill have him bring coffee out to you okay
Rogan_foxtrot,249,0,HT01,Food Im tired of waiting Im gonna sit here and Im gonna keep shouting Im not gonna give you a deadline you decide when the DEADline is
Rogan_foxtrot,250,1,PN60,Okay the food is coming out right now and I want you to uh be aware of that and dont do anything because its coming out Stay in contact with me [pause] Okay its coming to the pilots window you talk to me though I want you to know that everything is alright
Rogan_foxtrot,251,0,HT01,With you
Rogan_foxtrot,252,1,PN60,Okay I want you to know that everything is alright and were gonna bring the food out to you right now keep in contact with me though I dont okay
Rogan_foxtrot,253,0,CH30,Everythings fine [pause]
Rogan_foxtrot,254,0,ON80,Operations you read 5 4
Rogan_foxtrot,255,0,PN60,<PN60_First_Name> to <HT01_First_Name> [pause] This is <PN60_First_Name> to <HT01_First_Name>
Rogan_foxtrot,256,0,CH30,Uh he dont wanna talk to ya want <ON82_First_Name>
Rogan_foxtrot,257,0,PN60,Okay Captain would you let me know when you see the truck going out there please
Rogan_foxtrot,258,0,CH30,Okay uh you got somebody out in the yellow truck or uh what
Rogan_foxtrot,259,0,PN60,I dont know what color its gonna be but there goin to uh bring this food out and hand it through the pilots window okay
Rogan_foxtrot,260,0,HT01,<PN60_First_Name>
Rogan_foxtrot,261,0,PN60,Yes [pause] Yea <PN60_First_Name> to <HT01_First_Name> go ahead
Rogan_foxtrot,262,0,HT01,Told you exactly which truck I wanted to bring it out I gave you a specific truck If you cannot meet that all Im asking for and that is my basic needs as in Maslows theory food shelter and clothing If you cant send it out if you gotta get your FBI men on a truck to try to get on this goddamn uh plane then uh send um on
Rogan_foxtrot,263,0,PN60,There is no FBI men on the thing all we gonna do is bring the food out to you just as you requested
Rogan_foxtrot,264,0,HT01,Firmative but right now Im between my pilot and co pilot I want to take the first truck which is to my left yellow truck next to the damn white tanker I want to take I wanted to deliver the food I dont wanna see nobody go in it I want the food youve got two minutes I want the food to go on to it I want those two men to deliver
Rogan_foxtrot,265,0,PN60,<HT01_First_Name> I want you to listen to me Im not in a position the foods on the way right now you can see it coming out cant yea
Rogan_foxtrot,266,0,HT01,Negatory
Rogan_foxtrot,267,0,PN60,Hold on for a minute I hold on for a second
Rogan_foxtrot,268,0,HT01,And I dont see any food coming my way yet
Rogan_foxtrot,269,0,PN60,Okay then you let me know when you do because its in route right now okay
Rogan_foxtrot,270,0,HT01,I see one man getting into a yellow truck now hes stalling shit if you all want to bring the food you all can bring it If you all want to keep stallin then keep stallin <PN60_First_Name> keep stallin for time because your buying your own time
Rogan_foxtrot,271,5,PN60,Okay the foods coming out to you right now my friend [pause] <HT01_First_Name> do you see the truck
Rogan_foxtrot,272,0,HT01,<ON82_First_Name> was here at the airport just a little bit ago you you uh obviously you uh you all have screwed her up ah shes not comin tell me what the deal is I want to know Now
Rogan_foxtrot,273,5,PN60,Okay the deal is this I have her right here in my office right now that is the deal will you listen to me for instance okay buddy
Rogan_foxtrot,274,0,HT01,Negatory
Rogan_foxtrot,275,0,PN60,Alright <HT01_First_Name> what do you want What do you want you tell me what you want
Rogan_foxtrot,276,0,HT01,I was to claim my demands if you cant meet um then theres no use in me living you understand what Im saying
Rogan_foxtrot,277,1,PN60,I understand my friend and I can but let me tell you this [pause] Im at the position right now to meet all of your demands I understand your demand that weve met them and we will continue to meet them okay
Rogan_foxtrot,278,0,HT01,Negatory You havent met them you havent done what Ive asked you to do I asked you all to do one simple thing when I came we landed at 1135 it is now 225 approxim [radio_is_cutting_out] hour and fifty [radio_is_cutting_out] Im watching the clock [radio_is_cutting_out] tick tick tick tick tick tick tick Im tired of waiting <PN60_First_Name>
Rogan_foxtrot,279,0,PN60,Okay lets get some food into you and then we can uh talk some more okay Do you see the food coming
Rogan_foxtrot,280,0,HT01,Just buying time if <ON82_First_Name> s there why cant she bring the food out Your bullshittin me you cant if you cant get <ON82_First_Name> on on the line your bullshittin me dont lie to me <PN60_First_Name> Ive told you once before quit lying to me okay
Rogan_foxtrot,281,1,PN60,Hold on for one second Heres what Im gonna do for you [pause] and I just want you to listen to me All Im going to do is is to put her on the radio to identify herself for a second and then Im gonna talk to you just to show you that Im for real do you understand that
Rogan_foxtrot,282,0,HT01,Put uh Negatory I wanna talk to <ON82_First_Name> for a minute and I want a fin at least one minute and find out whether shes who she is
Rogan_foxtrot,283,5,PN60,Okay hold on for a minute my friend [pause]
Rogan_foxtrot,284,0,ON80,5 4 call on all frequency
Rogan_foxtrot,285,0,HT01,Tell um to stop the food I said stop the food I want to talk to <ON82_First_Name> before the food comes
Rogan_foxtrot,286,0,PN60,This is <PN60_First_Name> to uh <HT01_First_Name> [pause] This is <PN60_First_Name> to <HT01_First_Name> [pause]
Rogan_foxtrot,287,0,HT01,Food is comin now I want to talk to <ON82_First_Name> were gettin apples we requested damn prime rib
Rogan_foxtrot,288,0,ON82,[<HT01_First_Name>_Im_here_<HT01_First_Name>_Im_here_this_is_<ON82_First_Name>]
Rogan_foxtrot,289,0,PN60,<PN60_First_Name> to <HT01_First_Name> [pause] <PN60_First_Name> to <HT01_First_Name>
Rogan_foxtrot,290,0,HT01,
Rogan_foxtrot,291,0,PN60,Okay I want you to talk to <ON82_First_Name> right now
Rogan_foxtrot,292,0,ON82,<HT01_First_Name> this is <ON82_First_Name>
Rogan_foxtrot,293,0,HT01,Baby
Rogan_foxtrot,294,0,ON82,<HT01_First_Name>
Rogan_foxtrot,295,0,HT01,Im listening to ya <ON82_First_Name> baby
Rogan_foxtrot,296,0,ON82,Whats goin on
Rogan_foxtrot,297,3,HT01,Im just tryin to get help <ON82_First_Name> thats all I want is help and Im willin to let the pilot and the co pilot go Im gonna come off of here if theyll put me into a drug rehab where I can get help Ive tried my best I tried my best to write a letter I I send tried to send a congressional letter yesterday before I left the drug rehab They refused to accept it Ive done Ive exhausted all means of gettin help <ON82_First_Name> Im sorry that I have to get to this point that I need help Its the this is what I have to do
Rogan_foxtrot,298,0,PN60,<PN60_First_Name> to <HT01_First_Name>
Rogan_foxtrot,299,0,HT01,Go ahead <PN60_First_Name>
Rogan_foxtrot,300,1,PN60,Okay Ive told you that she was here didnt I [pause] <HT01_First_Name> [pause] <PN60_First_Name> to <HT01_First_Name>
Rogan_foxtrot,301,0,HT01,Go ahead <PN60_First_Name>
Rogan_foxtrot,302,1,PN60,Okay I kept my promise my friend like I told you that I was going to locate her Ive located her youve youve talked to her as I promised and dont you feel like Ive done something for you now
Rogan_foxtrot,303,4,HT01,Agreed We have reached a mutual point however my demands have not been met en a neither have yours Weve got to come a little further then that <PN60_First_Name> before Im willin to give up my crew
Rogan_foxtrot,304,5,PN60,I understand buddy but at least were on the right track right
Rogan_foxtrot,305,0,HT01,Thats affirmative
Rogan_foxtrot,306,0,PN60,Okay let me ask you something uh uh uh your a military man uh tell me about that bomb uh what type of device is that again
Rogan_foxtrot,307,1,HT01,Thats classified material Im not aloud divulge that under the act of uh under nuclear war act uh established in 1951 Im not aloud to divulge that bomb <PN60_First_Name> I apologize for you uh for it but uh its classified material I I havent seen you I havent seen your access card I dont know you have access to that bomb 10 4
Rogan_foxtrot,308,5,PN60,Thats a good point <HT01_First_Name> your always thinking my man thats thats very good What type of training have you had on explosives
Rogan_foxtrot,309,0,HT01,Lets just say Ive had enough
Rogan_foxtrot,310,0,PN60,Okay you mentioned on 120 degrees fahrenheit makes the device work uh what do you mean by that I dont understand
Rogan_foxtrot,311,0,HT01,Your the one who works for the federal and bureau uh federal bureau of investigation and its uh your responsibility to understand those type of things its not my responsibility the only thing Im suppose to do is be trained to kill and to do it as fast as I can and to the best of my ability Its your responsibility to understand how things like that work okay <PN60_First_Name> So you take and you sit down I want you to read off plan 5500 sit down and if you can get access to that document off plan 5500 sit down and read it and then you will find out how things work okay 10 4
Rogan_foxtrot,312,5,PN60,Okay very good Your the bomb expert thats good uh what type of top secret clearance do you have
Rogan_foxtrot,313,1,HT01,I cant divulge that type of classified material under grounds that I might incriminate myself Ive already been through enough shit in the Marine Corp Ive done spent enough time in the brig 10 4
Rogan_foxtrot,314,0,PN60,<HT01_First_Name> you gotta slow down and talk a little bit slower its hard for me to understand you okay
Rogan_foxtrot,315,0,HT01,I apologize <PN60_First_Name> thats your problem uh obviously you were trained in classified material and you were trained in central intelligence agency type of deals obviously you should be able to take and listen to what I say take my orders and act on them if you cant you dont deserve to be with the FBI you should be fuckin sweepin the fll uh street gutter lets face it
Rogan_foxtrot,316,0,PN60,<HT01_First_Name> Im on plan uh 5500 uh will that tell me what type of of damage that device will do or what
Rogan_foxtrot,317,0,HT01,Affirmative Thatll tell you the kind of uh thatll tell you thats our uh war plan Thats the United States of Americas war plan Thats our clas Ill plan 5500 of these apart uh unclassified and you can take that and you can deviate from there in any means you want to but it will tell you exactly if we have the means to do that then I have the means to do this 10 4
Rogan_foxtrot,318,1,PN60,Thats 10 4 uh tell me about the caps that are on that bomb and thatll help me out a great deal if you could
Rogan_foxtrot,319,0,HT01,Tell you about the cap of it
Rogan_foxtrot,320,0,PN60,Tell me what type of caps your using
Rogan_foxtrot,321,0,HT01,Like a solar cell nothin more than a battery operated If I take and I stick to my heart a battery operated solar sell then it goes down to my back and it goes through my leg and when it touches my dynamite then [lost_sound_cant_hear_them_at_all] [pause_lost_volume]
Rogan_foxtrot,322,1,PN60,He has heart problems and hes very concerned about her
Rogan_foxtrot,323,0,CH31,Uh tell <CH31_Husbands_First_Name> Im okay Im a little bit scared but Im alright
Rogan_foxtrot,324,0,PN60,Thank you very much uh <PN60_First_Name> to <HT01_First_Name>
Rogan_foxtrot,325,0,HT01,Come in
Rogan_foxtrot,326,0,PN60,<PN60_First_Name> to <HT01_First_Name>
Rogan_foxtrot,327,0,HT01,<HT01_First_Name> to <PN60_First_Name> come in
Rogan_foxtrot,328,1,PN60,Okay my friend did you hear me mention about the heart problem that <CH31_Husbands_First_Name> has
Rogan_foxtrot,329,0,HT01,I have a heart problem too
Rogan_foxtrot,330,1,PN60,<HT01_First_Name> this is uh you and I talking uh I know you have some compasion for this girls husband theres a good chance that he may even have a heart attack worrying about her Is there any way that you could just let her walk off the plane now
Rogan_foxtrot,331,0,HT01,Negatory <ON82_First_Name> uh <CH31_First_Name> is in good hands I dont feel as so <CH31_First_Name> has not told me nothin about her husband having a heart attack problem So why should you bullshit me and tell me that
Rogan_foxtrot,332,1,PN60,<HT01_First_Name> I thought we had uh established a bond of honesty uh I told you about the girl coming here she came Im not lying to you about anything the guy has a heart problem [pause] Is there any way that she could uh contact him by telephone [pause] That would help us out a great deal if you could do that
Rogan_foxtrot,333,0,HT01,Sure if you can patch us through hell weve got communication through out world patch her through and let her talk to him enable her for right now [pause_distant_conversation_unable_to_understand]
Rogan_foxtrot,334,0,PN60,See em about that
Rogan_foxtrot,335,0,CH31,Understands I just think hes a little nervous right now but try to reassure <CH31_Husbands_First_Name> until I can talk to him that Im okay
Rogan_foxtrot,336,0,PN60,Okay <CH31_First_Name> Ill do that [pause] <PN60_First_Name> to <HT01_First_Name> [pause] <PN60_First_Name> to the Captain
Rogan_foxtrot,337,0,CH30,Yea this is Captain <CH30_Last_Name>
Rogan_foxtrot,338,0,PN60,Have you received your food yet
Rogan_foxtrot,339,3,CH30,Yea we got it but uh whats left not steak and eggs thatll do uh I can uh pretty much assure the the girl in there uh <ON82_First_Name> that uh if she would come out here and talk to him this whole thing would be over in five minutes
Rogan_foxtrot,340,0,PN60,<PN60_First_Name> to uh <HT01_First_Name>
Rogan_foxtrot,341,0,CH31,Uh <HT01_First_Name> doesnt wanna talk
Rogan_foxtrot,342,0,PN60,Okay let me talk to [radio_cut_out] [pause_distant_talk_in_the_back_ground_cant_pick_up_on_it]
Rogan_foxtrot,343,3,CH30,Uh like I said I think [radio_cut_out] out here and talk to him uh wed be all be off the airplane here in about five minutes
Rogan_foxtrot,344,0,PN60,I have to talk to <HT01_First_Name> for a minute please [pause] <PN60_First_Name> to <HT01_First_Name>
Rogan_foxtrot,345,0,CH31,Uh this is <CH31_First_Name> can you [radio_cut_out] [long_pause] hes got relatives there I hope so
Rogan_foxtrot,346,0,PN60,<PN60_First_Name> to Captain <CH30_Last_Name>
Rogan_foxtrot,347,0,CH30,Yea go ahead
Rogan_foxtrot,348,0,PN60,Okay uh tell uh <HT01_First_Name> that Im going to talk to <ON82_First_Name> and Ill be off the air for just a minute okay
Rogan_foxtrot,349,0,CH30,Okay thats fine [pause]
Rogan_foxtrot,350,0,PN61,Step down for just a second and hes gonna be coming right back okay Ill get a message to him that you wanna talk to him Is everybody still okay
Rogan_foxtrot,351,0,HT01,Number one stept out thats two negotiators down uh your the third Come on <PN61_First_Name> Im gonna let you talk to the co pilot Im gonna let you know everythings okay on flight <NUMBER>
Rogan_foxtrot,352,0,PN61,Okay <HT01_First_Name> Im sure everythings okay Im just checkin you called us I just wanted to make sure everything was still going alright <PN60_First_Name> ull be back in the plane in just a minute [pause]
Rogan_foxtrot,353,0,PN60,<PN60_First_Name> to <HT01_First_Name>
Rogan_foxtrot,354,0,HT01,Come in <PN60_First_Name>
Rogan_foxtrot,355,0,PN60,Hello there <HT01_First_Name> ha listen uh how are we doing now
Rogan_foxtrot,356,0,HT01,You tell me Im on the inside you on the outside lookin in you tell me how were doin <PN60_First_Name> uh I control the goin to this plane everyones happy uh were sittin here Ive had me a couple uh Ive had me two half sandwiches the pilot drank his I witness 13WMAZTB maken milk 8oz The co pilot has to use the rest room shes more than welcome to go use the rest room anytime she wants to were not holding her back uh you tell me how the hell are things goin on the outside <PN60_First_Name>
Rogan_foxtrot,357,0,PN60,Okay I appreciate that update uh things are going fine here uh I understand that you talked to my partner a little bit uh <PN61_First_Name> [pause] <HT01_First_Name> <PN60_First_Name> to <HT01_First_Name>
Rogan_foxtrot,358,0,HT01,<HT01_First_Name> come in <PN60_First_Name> Ive told you a thousand times Call me <HT01_First_Name> or call me <Nickname> come on get it right if you dont mind
Rogan_foxtrot,359,0,PN60,Okay I dont like <HT01_First_Name> myself Listen I understand that you were talking to my partner about the bomb a little bit and I need to know uh you know uh tell me a little bit about this thing
Rogan_foxtrot,360,0,HT01,Okay Ill tell you exactly how a bomb works it works off of a little bitty battery like a celular battery that you have in your calculator or a cellular battery that you have in your digital watch The battery and liner are in the it runs through my back through my legs and connects to my bag and that little spark it only takes a spark to let it go
Rogan_foxtrot,361,0,PN60,Okay dont let me cut you off go ahead
Rogan_foxtrot,362,0,HT01,<PN60_First_Name>
Rogan_foxtrot,363,0,PN60,How did you make that thing
Rogan_foxtrot,364,0,HT01,<PN60_First_Name> I didnt make it it was given to me It was a gift
Rogan_foxtrot,365,0,PN60,<HT01_First_Name> your telling me that somebody gave you the bomb
Rogan_foxtrot,366,0,HT01,<PN60_First_Name> Im telling you somebody gave me the explosives to blow this fuckin plane up if I want to Ive got fifty more sticks in the whole
Rogan_foxtrot,367,0,PN60,Your tellin me you have fifty more sticks of dynamite in the whole of the plane
Rogan_foxtrot,368,0,HT01,Negatory I have them hiden somewhere Ive only got five sticks in my bag only well as a matter of fact Ive only got three I left two in my motel room
Rogan_foxtrot,369,0,PN60,Okay let me ask you this When things work out how do you propose to to disarm the bomb and to take the wires off you and stuff
Rogan_foxtrot,370,0,HT01,All I do is remove the battery from myself keep it out of my reach take the battery chuck it out the fuckin window whatever I want to do with it just keep it away from the bomb take and pull the fuses out of the end of the dynomite and walk off the plane Lets face it you coulda slinged out of my own apartment I can throw a stick out there if I want to its not gonna explode unless it has somethin causing it to explode its very powerful though
Rogan_foxtrot,371,3,PN60,Okay well why dont we get uh started on doing that uh before we do let me ask you this now Everybody has a boss right Okay My boss has told me that your gonna have to to uh show some good faith in this matter if you would uh weve got the girl weve talked to your mother we we have her coming down here Were asking you to let the the girl just walk off the plane and as soon as you do that we can uh bring <ON82_First_Name> out okay [pause] <HT01_First_Name> are you listening to me
Rogan_foxtrot,372,0,HT01,The girl <CH31_First_Name> is come off the plane right now Go
Rogan_foxtrot,373,0,PN60,Okay thats good [long_pause_radio_static]
Rogan_foxtrot,374,5,PN60,[static] really appreciate that and what I wanna do try in get some help for you [pause] I wanna do something for you thats what Im saying because youve done something for me and uh I really appreciate that okay
Rogan_foxtrot,375,2,HT01,Affirmative I let all hostages except for one off the plane uh I let the whole damn slue I coulda taken two kids with me two uh two females and about three males with me to begin with I let em all off except for the pilot and co pilot off now I let the co pilot off due to the fact that her husband is uh goin through colonary problems um under complete control and Ive met your circumstances you have a boss Ive met your circumstances boss uh your bosses circumstances Now tell me what the hell your gonna do for me
Rogan_foxtrot,376,5,PN60,Okay this is what Im gonna do for you I know that you wanted to uh see <ON82_First_Name> and I know that you want to get out of there and everything is gonna be alright so heres what I wanna do heres the way I would like to conclude the thing First of all I wanna know from you what doctor that you wanna see thats very important to me that uh I want you I want you to get the type of care that you want so you tell me that please
Rogan_foxtrot,377,0,HT01,Im not really sure because my own doctors my family doctor has uh distrusted me uh the doctors in Athens have got me strung out on barbs before the ones in Augusta really [radio_cut_out] doctor I wannna see I wanna know if I need psychiatric care and [radio_cut_out]
Rogan_foxtrot,378,3,PN60,I can promise you this that uh you will definitely get psychiatric help uh what Id like to do now is to proceed on with uh with bringing <ON82_First_Name> within your vision so that you can see her then you can disarm [radio_cut_out] okay now listen heres the way we wanna do it uh the first thing I want you to do is to go ahead and disarm the bomb uh Ill have her in your vision stay in radio contact with me thats very important [pause] Okay you follow me so far <HT01_First_Name> [long_pause] <PN60_First_Name> to <HT01_First_Name>
Rogan_foxtrot,379,0,HT01,Come in <PN60_First_Name>
Rogan_foxtrot,380,5,PN60,Okay did you read me so far my friend
Rogan_foxtrot,381,2,HT01,10 4 and I said negatory Ive met as far as your demands as Im gonna met uh meet Now I want my demands met Ive met yours and Im more Ive been more than glad to meet them I could have taken every person on this plane hostage and I didnt the only person on here is me and <CH30_First_Name> me and <CH30_First_Name> are the only people on here I respect <CH30_First_Name> and I dont want <CH30_First_Name> to go up with me Ill go up by myself I would leave him first before Id go up by myself Ill go up by myself before I let uh before Id disarm my bomb
Rogan_foxtrot,382,0,PN60,<PN60_First_Name> to <HT01_First_Name>
Rogan_foxtrot,383,3,HT01,Meet my demands I dont through my fuckin bag out the window the whole bag <CH30_First_Name> s seen the bag <CH30_First_Name> can tell you if Ive went in the bag or not Im gonna through it out my right passenger side window if you are willing to grant me what I want
Rogan_foxtrot,384,0,PN60,Okay <HT01_First_Name> uh tell me again slowly please tell me exactly what you want again Ive done almost everything that you want jus tell me again slowly please [pause] <PN60_First_Name> to <HT01_First_Name>
Rogan_foxtrot,385,3,CH30,Uh <PN60_First_Name> this is <CH30_First_Name> uh Captain <CH30_Last_Name> uh he wants you to uh bring <ON82_First_Name> down here just uh within vision and at that time Ill hell uh do somethin else for ya and he said hed through the bag out the window just uh to it as long as he can see her
Rogan_foxtrot,386,0,PN60,Okay just stand by for a minute [long_pause]
Rogan_foxtrot,387,0,PN60,<PN60_First_Name> to Captain <CH30_Last_Name>
Rogan_foxtrot,388,0,CH30,Yea go ahead
Rogan_foxtrot,389,0,PN60,Okay can <HT01_First_Name> hear me now I hope he can because I need to uh to relay something to him okay
Rogan_foxtrot,390,0,CH30,Yea he can hear ya
Rogan_foxtrot,391,5,PN60,<ON82_First_Name> has agreed to uh to uh to come out and to to be in his vision but the main thing is this <HT01_First_Name> has requested some help we want [radio_cut_out] come off the plane but its even more important to me that he gets the help that he needs Over
Rogan_foxtrot,392,0,CH30,Okay let me talk to him real fast and get everything straight so we dont have to talk back and forth
Rogan_foxtrot,393,0,PN60,Okay thats good You get right back to me please
Rogan_foxtrot,394,0,CH30,Okay [pause]
Rogan_foxtrot,395,0,CH30,And ah <PN60_First_Name> Captain <CH30_Last_Name>
Rogan_foxtrot,396,0,PN60,This is <PN60_First_Name> go ahead Captain
Rogan_foxtrot,397,0,CH30,Okay uh I think weve reached an agreement what uh he would [radio_cut_out]
Rogan_foxtrot,398,3,PN60,Okay uh what wed like for him to do is just uh uh just leave the bag on the airplane and uh well get uh get <ON82_First_Name> in position right now and uh as soon as we do Ill get back in contact with you and at that time Id like for both of you to walk out [radio_cut_out] [pause]
Rogan_foxtrot,399,3,PN60,<HT01_First_Name> if you would why he wants to see <ON82_First_Name> please hes talked to her in the cockpit I mean ah shes here shes waiting on him to walk off the plane would you ask him that please thats very important to us
Rogan_foxtrot,400,0,HT01,<PN60_First_Name>
Rogan_foxtrot,401,0,PN60,Yea <HT01_First_Name>
Rogan_foxtrot,402,0,HT01,An Im waitin recogonize someone that I fuckin know if you cant understand that you cant understand my fuckin demands Im tired of fuckin deal with you okay God Damnit
Rogan_foxtrot,403,5,PN60,Uh <HT01_First_Name> lets just just settle down for a minute I understand that uh all I was asking is to find out now that I know fine theres no problem I just wanna know son okay
Rogan_foxtrot,404,3,CH30,Yea everything ill be fine just uh just have her come down in front that truck and once he sees her uh well both get off the airplane and thatll be the end of it I think he just wants to be assured that uh she is uh definately here and he can recognize her and uh and uh the way he feels with her uh being out there shell may look after him and order to uh get him the uh help that he needs
Rogan_foxtrot,405,7,PN60,Uh okay just stand by for a minute because I have to consult with my superiors I cant make this decision just hold on for a second and uh and well see what happens okay Captain
Rogan_foxtrot,406,0,CH30,Okay [pause]
Rogan_foxtrot,407,0,HT01,<PN60_First_Name>
Rogan_foxtrot,408,0,PN60,Yea <HT01_First_Name>
Rogan_foxtrot,409,0,HT01,Why did you ask me to do somethin uh ask me to do somethin that you know you cant do Im tired of you fuckin bargain me Ive bargained to the point of no return Theres no fuckin bargain all bargain has been stopped youve got my god damn demands all communications are stopped 10 4 [pause]
Rogan_foxtrot,410,0,ON80,batch on ID 27 Roger uh
Rogan_foxtrot,411,0,PN60,<PN60_First_Name> to <HT01_First_Name> [pause] This is <PN60_First_Name> to <HT01_First_Name> [pause]
Rogan_foxtrot,412,0,PN60,This is <PN60_First_Name> to <HT01_First_Name>
Rogan_foxtrot,413,0,CH30,Yea this is Captain <CH30_Last_Name> I dont think he wants to talk to ya anymore until uh he sees her out here [pause]
Rogan_foxtrot,414,3,PN60,Okay would you mind relaying this to uh <HT01_First_Name> please uh ask him uh as soon as uh as we uh show him to <ON82_First_Name> I would like very much to have him let you walk down the ramp and walk off the plane and there after uh Id like him to walk down Over
Rogan_foxtrot,415,0,HT01,Thats negatory Ill walk down with the pilot well go arm and arm
Rogan_foxtrot,416,1,PN60,<HT01_First_Name> I have promised you I have promised you that nothing will happen to you Ive promised you that Im very concerned about you and Im very concerned about the Captain and I want you to listen to me if you will All I want you to do is to walk off the plane walk off the plane with the Captain thats fine Okay will you do that for me right now
Rogan_foxtrot,417,0,HT01,Do What
Rogan_foxtrot,418,3,PN60,I will show you <ON82_First_Name> all I want you to do is to walk off the plane and then we can talk eyeball to eyeball okay
Rogan_foxtrot,419,3,HT01,As I said if my demands are not met Im gonna blow this son of a bitch up Im gonna head it towards you Take your fuckin choice <PN60_First_Name> [pause]
Rogan_foxtrot,420,0,CH30,Uh <PN60_First_Name> from Captain <CH30_Last_Name>
Rogan_foxtrot,421,0,PN60,Yea this is <PN60_First_Name> go ahead
Rogan_foxtrot,422,3,CH30,Uh listen <PN60_First_Name> uh [radio_cut_out] situation here since Im uh right here with him uh I can guarantee you that uh if you just put her out in front of the truck and uh we both walk off and leave the bag on nothins gonna happen
Rogan_foxtrot,423,0,PN60,[radio_out] Captain because uh were discussing the matter right now theres alot to be taken into consideration uh just stand by uh were working on [radio_cut_out]
Rogan_foxtrot,424,0,HT01,[radio_out] I could use some fuckin steak and eggs the only thing you brought me was shitty ass ham and cheese I havent talked to anybody but <ON82_First_Name> but but just one second you havent even told me were my mom is you told me that you were in contact with her and as soon as you got in touch contact with her that she was bein planed this way Im tired of you bullshittin with me <PN60_First_Name>
Rogan_foxtrot,425,0,PN60,Let me put <ON82_First_Name> back on to talk to you Just hold on for a second Ill get her back over here okay
Rogan_foxtrot,426,0,HT01,Can look your way
Rogan_foxtrot,427,0,PN60,What
Rogan_foxtrot,428,0,HT01,Ill take my god damn ouzi and Ill fuck you up
Rogan_foxtrot,429,0,PN60,Ha <HT01_First_Name> <ON82_First_Name> is headed over to the position that you wanted her to take your time [radio_cut_out]
Rogan_foxtrot,430,0,HT01,How long does it take you four fuckin hours to do somethin like this thats the reason our governments in control with a bunch of fuck heads like you runnin the son of a bitch <PN60_First_Name>
Rogan_foxtrot,431,0,PN60,Were gonna work everything [radio_cut_out] Can you see her yet
Rogan_foxtrot,432,0,CH30,Uh thats a negative
Rogan_foxtrot,433,5,PN60,Okay were tryin to work her into proper positions so that uh [radio_cut_out] Captain Im sure that you can understand our position uh Im very concerned about <HT01_First_Name> Im very concerned about concerned about I want uh I want <HT01_First_Name> to get the help that he needs [pause] <PN60_First_Name> to Captain <CH30_Last_Name> can you read me yourself and uh an all that were trying to [radio_cut_out] mother is in route down here uh Im working on the uh fact that uh uh hold on for one [radio_cut_out] Ive just been told that were getting uh doctors here and help will be available for him when he comes off the plane and this is really what I was
Rogan_foxtrot,434,0,CH30,Yea we got ya uh like I say everything will be fine here this soon as she gets down here and well be both walkin off
Rogan_foxtrot,435,0,PN60,Okay Captain I appreciate your hanging in there with us because Im sure that you understand our problem its just that uh we wanna make sure that everybody gets off the plane alright thats very important to us uh just bare with us and everything will be fine son
Rogan_foxtrot,436,0,CH30,Yea I understand Ive uh necessary
Rogan_foxtrot,437,0,HT01,What is goin on
Rogan_foxtrot,438,0,PN60,<PN60_First_Name> to <HT01_First_Name> go ahead
Rogan_foxtrot,439,0,HT01,What is going on God Damnit
Rogan_foxtrot,440,0,PN60,<PN60_First_Name> to <HT01_First_Name>
Rogan_foxtrot,441,0,CH30,Yea this is Captain <CH30_Last_Name> go ahead [pause]
Rogan_foxtrot,442,0,PN60,This is <PN60_First_Name> to <HT01_First_Name>
Rogan_foxtrot,443,0,CH30,Uh <PN60_First_Name> this is Captain <CH30_Last_Name> go ahead [pause]
Rogan_foxtrot,444,0,PN60,This is <PN60_First_Name> to <HT01_First_Name>
Rogan_foxtrot,445,0,CH30,Yea we hear ya <PN60_First_Name> uh [pause]
Rogan_foxtrot,446,0,PN60,This is <PN60_First_Name> to <HT01_First_Name>
Rogan_foxtrot,447,0,CH30,Yea <PN60_First_Name> go ahead we can hear ya
Rogan_foxtrot,448,0,PN60,Okay this is <PN60_First_Name> to <HT01_First_Name>
Rogan_foxtrot,449,0,CH30,Uh we gotcha go ahead [background_interference]
Rogan_foxtrot,450,0,PN60,<PN60_First_Name> to Captain <CH30_Last_Name>
Rogan_foxtrot,451,0,CH30,Yea go ahead [pause]
Rogan_foxtrot,452,0,CH30,And any word <PN60_First_Name> on the if it [radio_cut_out]
Rogan_foxtrot,453,0,HT01,I fuckin met my moral obligations to you and to the fuckin democratic society we live in and god damnit Ive asked for two fuckin simple demands and you havent met um yet wait to be kind to you keep fuckin
Rogan_foxtrot,454,1,PN60,We done is this youve asked for four demands and Ive met two of them Im working on the other two right now all you have to do is to continue to trust me and Ill have those worked out [pause]
Rogan_foxtrot,455,0,PN60,This is <PN60_First_Name> to <HT01_First_Name>
Rogan_foxtrot,456,0,HT01,Go <PN60_First_Name> Go
Rogan_foxtrot,457,7,PN60,Okay listen <HT01_First_Name> just just settle down for a minute I want you to know that I have to go over and talk to my boss for just a second just a few minutes and and Ill be right back to you and then we can have this thing resolved please please wait on me okay
Rogan_foxtrot,458,0,HT01,Let me tell you somethin <PN60_First_Name> Ive been within Ive been sittin here I hijacked this plane at approximately uh hijacked it 9 11 2 noticle miles before we got here I replaced the time at approximately 1130 now it is now 315 Im tired of fuckin doin Im givin you to fuckin 400 your fuckin times runnin out buddy you got 43 fuckin minutes as the clock struck twelve just then 43 fuckin minutes to met meet my demands have my mother standin out there by that fuckin thing and have <ON82_First_Name> standin out there Ill get off this fuckin plane and Ill walk off here with this Captain otherwise Ill blow the son of a bitch up You got it <PN60_First_Name> thats your thats my fuckin you go toward either phones now buddy
Rogan_foxtrot,459,5,PN60,Okay <HT01_First_Name> I understand my friend but uh I assure you that youll have just what you want and well have <ON82_First_Name> by the plane and uh we can go ahead and work it out So Im gonna sign off right now and Ill be back to you shortly
Rogan_foxtrot,460,0,HT01,Thats a negatory I told you I want my mother there at 200 I gave you two I told you two hours ago I ask about her where the fuck is she buddy
Rogan_foxtrot,461,1,PN60,Shes in Athens as you very well know and shes on her way here were trying to bring her here by by helicopter as Ive told you Im Im trying to uh work on one demand at a time uh you just told me about wanting your mother physically here and Im trying to get her here
Rogan_foxtrot,462,0,HT01,Ill tell you what that fuckin white car you just brought up there you didnt bring <ON82_First_Name> in it you lied to me this is the second one up there theres a lot a yellow one drivin out of the way keep lookin pushin um keep pushin um bring um a little closer bring um within bomb range bring um within bomb range Dig it
Rogan_foxtrot,463,1,PN60,Ha <HT01_First_Name> lets just settle down for a minute and lets just you and I talk for a minute thats the only way that we can get anything accomplished is to communicate with each other uh your a little bit excited right now I am too but I wanna see you I wanna talk to you face to face okay
Rogan_foxtrot,464,0,HT01,Im tired of meetin your demands <PN60_First_Name> I went as far as I can go youve got mine I want to see my mama and I want to see <ON82_First_Name> out there by the damn fuel truck when I see them Ill walk over off this son of a bitch with the pilot keep pushin your god damn safety men keep pushin um a little closer keep tryin to get um within position and your gonna fuck up your gonna blow the whole god damn thing up promise me
Rogan_foxtrot,465,7,PN60,<HT01_First_Name> listen I want you to know that everybody wants you to get off that plane out there Ive spoken with uh with my boss and I have to go back and talk to him again so just stand by and Ill get right back to you
Rogan_foxtrot,466,0,PN61,<PN61_First_Name> to Captain
Rogan_foxtrot,467,0,CH30,Yea understand that uh hes just gettin tired of uh waitin and gettin tired of seein all these other cars uh pull up by the other uh yellow and uh yellow vehicles out here
Rogan_foxtrot,468,1,PN61,Okay tell <HT01_First_Name> that were gonna work on gettin those cars back where he wanted them get that word out there were still workin on everything that he wanted <PN60_First_Name> s goin to talk to some people right now the one thing that we want <HT01_First_Name> to understand is that we are working on this and were doin our best to get the situation resolved so that everybody can come out safetly okay
Rogan_foxtrot,469,6,HT01,Im tired of talkin Im gonna go in and tell you that Ive done all my talkin my fuckin pilot is not talkin you meet my demands or else Youve got 40 39 minutes left
Rogan_foxtrot,470,0,HT01,Air control
Rogan_foxtrot,471,0,PN61,<PN61_First_Name> to <HT01_First_Name>
Rogan_foxtrot,472,6,HT01,<PN61_First_Name> I want a pack of cigarettes Im tired of dealing with this Im tellin ya you all got about 23 minutes left I want a pack of cigarettes to smoke between now and then I want um now Im willin to pay for um send send um on out this way and nobodys gonna get blown up right now at least not for another 33 minutes send me a pack of Marboros please
Rogan_foxtrot,473,0,PN61,Okay I understand you say you want a pack of Marboros correct
Rogan_foxtrot,474,0,CH30,Thats firm
Rogan_foxtrot,475,0,PN61,Okay uh do you want 100s or shorts it doesnt matter
Rogan_foxtrot,476,0,CH30,Just regulars will be fine
Rogan_foxtrot,477,0,PN61,Okay want you just hang tight <HT01_First_Name> nobodys gonna get hurt everythings gonna be okay well get you a pack of cigarettes okay Hold on
Rogan_foxtrot,478,0,PN61,<HT01_First_Name> <PN60_First_Name> is still out there talkin to the people and uh hopen hell be back in here just a minute hang on let me go find some information out for you okay
Rogan_foxtrot,479,0,HT01,<PN61_First_Name>
Rogan_foxtrot,480,0,PN61,Yea go ahead <HT01_First_Name>
Rogan_foxtrot,481,6,HT01,Tell <PN60_First_Name> to approach the plane if he wants to approach the plane tell him he can go ahead and approach it with no harm done tell him Im tired of bargaining tell him Im gettin pretty sick tell him you all have 30 minutes waiting I said 400 its now 330 Tell him you all have 30 minutes you can do what you want to its not really no concern of mine I see these plane coming in looks pretty emp bad shape 10 4
Rogan_foxtrot,482,4,PN61,Ka <HT01_First_Name> listen uh <PN60_First_Name> is hes talkin to um about what we talked about earlier about you and the Captain comin out of the plane once we uh help you out and and get <ON82_First_Name> over there for you okay so just just hold on and well be back with ya in a minute
Rogan_foxtrot,483,0,HT01,10 4 I see the Eastern airlines van pullin up to the left and I also see a damn bus comin in so I dont like this shit Keep pullin stuff off get um the fuck [radio_cut_out] Im gonna laugh I see the white car to my left I see a white truck comin up behind me to the right I dont make know exactly which ramp hes going to Im tired of seeing um come okay <PN61_First_Name> 10 4
Rogan_foxtrot,484,5,PN61,Okay <HT01_First_Name> Im Im glad to hear you say that you dont want anybody to get hurt at least we know that were both thinkin the same way so let me go and see what the situation is with the vans okay
Rogan_foxtrot,485,0,HT01,<PN61_First_Name> tell me where there gonna let everybody is at tell me where <ON82_First_Name> s at and tell me where mamas at Did you all patch through by telecommunication to <ON82_First_Name> and your always just bullshittin me in trying to get her here What about mama tell me the damn truth I wanna hear the truth I dont wanna hear a bunch of fuckin computer cases on this okay
Rogan_foxtrot,486,0,PN61,Okay Im telling you the truth <HT01_First_Name> <ON82_First_Name> s here were talkin to some people tryin to work out the logistics of of making her available and getting you what you need so that you and the Captain can come safetly off the plane Now were also telling you the truth when we say we got in touch with your mother someone else got in touch with your mother I have not talked with her but they have told me that she is on the way here okay
Rogan_foxtrot,487,6,HT01,Okay is she on a flight tell me if shes on a flight we can contact uh telecommunications with her if you uh if shes on her way they said theyd bring her here by helicopter she comin in by helicopter we can establish communications with her on the channel that shes on get me the channel that shes on and I will believe you if not then your a bunch of liers And 400 we all gonna fuckin blow up okay 10 4
Rogan_foxtrot,488,1,PN61,Uh we dont want anybody to blow up <HT01_First_Name> an an Im tellin ya Im not lyin to ya youve asked me some pretty specific questions and Im gonna have to go ask somebody else to get the answers to em okay
Rogan_foxtrot,489,6,HT01,Theres no problem with me you got 27 minutes and 25 seconds
Rogan_foxtrot,490,0,PN61,Okay we just want everybody to stay calm nobody will is gonna get hurt okay
Rogan_foxtrot,491,0,ON80,Clear for take off Delta three thirty nine [pause]
Rogan_foxtrot,492,0,HT01,Whats the hold up <PN61_First_Name> you sittin at the controls obviously you can hear me obviously you listen to whats been said uh why havent you found out anything uh Im gettin pissed off
Rogan_foxtrot,493,0,PN61,Okay <HT01_First_Name> dont get upset the only contact I have with you is when you get a mic and talk to me Im tryin to talk to some people right now so were workin on it okay
Rogan_foxtrot,494,0,HT01,Who are you talkin to
Rogan_foxtrot,495,1,PN61,Well I got about twenty people back here that were tryin to talk to and get some information from and its you know you gotta understand its a lot that weve gotta go through to uh answer the questions that youve asked so your gonna have to give us just a little bit of time to talk to some people an and find out some of the answers that you want
Rogan_foxtrot,496,0,HT01,Theres not really a whole lot Im askin all Im askin for is <ON82_First_Name> and my mama to get here okay
Rogan_foxtrot,497,1,PN61,Well I I know that your just askin for those two things and it sounds simple but theres just a lot of hoops that we have to jump through to get that done theres a lot of logistics its a big airport were havin to route flights around and get people in here and out of here so its takin just a little bit of time but I want you to know that were not forgettin about ya okay
Rogan_foxtrot,498,0,HT01,Are you in the air traffic control tower straight across from me
Rogan_foxtrot,499,0,PN61,Uh no Im not I dont think you can see me
Rogan_foxtrot,500,6,HT01,Okay well Im gonna go ahead and let you know you got 20 more minutes left clocks still ticken keep fuckin sit there and bullshittin if you want to but your pissin me off
Rogan_foxtrot,501,0,PN61,Ha <HT01_First_Name> Im not shooting you a line I realize what your sayin and uh were were gonna help you out were having a little trouble a little bit of trouble with the headset here a wire came off and thats why it took me so long to get back to you before but we are workin on it okay
Rogan_foxtrot,502,0,HT01,Amazing I Im glad that uh we dont have a war or anything goin on because during a major crisis you all would fuck up Just think uh a wire came off with <PN60_First_Name> uh you all pullin that bullshit on me again come on two wires dont break in a row in a crisis if it does you all are fuckin up you all are dealin with somebodys lives here [radio_interference] live with it
Rogan_foxtrot,503,1,PN61,Ha listen <HT01_First_Name> um you know I wanna talk to you and I think we can get somethings accomplished here but lets lets try to clean it up a little bit okay Your makin me a little nervous with your language okay I will I wont be talkin to you that way alright
Rogan_foxtrot,504,0,HT01,Im sorry if Im makin you a little nervous [static] makin me a little nervous with these fuckin gate cars around here you keep runnin um over here [static] over here I see one I see a fire truck I see another firetruck I see a white truck I see a blue truck I see a white truck I see a white truck and a white truck I see a white car and a white car two yellow cars another car behind it I see the white car I see three pink cars another pink car I look to my right and I see another safety car I see [cut_off] Im gettin [cut_off]
Rogan_foxtrot,505,0,PN61,Ha <HT01_First_Name>
Rogan_foxtrot,506,0,HT01,Come in
Rogan_foxtrot,507,0,PN61,Ka listen I I appreciate you talkin like that you you know you cleaned it up and I really do appreciate it I think we can talk alot better now Im havin a little bit of trouble with your radio can you check your wires and make sure there all connected right [pause]
Rogan_foxtrot,508,0,HT01,Is the connection any better
Rogan_foxtrot,509,0,PN61,Theres an awful lot of static comin in I can hear ya I can barely make out what your sayin but I can hear you well just try to work around that okay
Rogan_foxtrot,510,0,HT01,Okay let me tell you somethin Ive had it uh communications established on my end Im not gettin any static this static you can keep running this static with me if you want to I want this communications to long to for you all to tell me that wires are failen Wires are failen the the plane is gonna fall Okay I dont like that [radio_cut_out]
Rogan_foxtrot,511,0,PN61,<HT01_First_Name> I I can understand that you know you may think Im shooting you a line but Im not I am having a little bit of trouble hearing you but were gonna work around it okay I may have to ask you to repeat somethin but it just bare with me were gonna work around it were gonna get somethin done okay
Rogan_foxtrot,512,6,HT01,Okay so uh Im gonna know when situation is underway even if I want to upset [static] charges for hijacking the plane I really dont care [static] Im goin to do something drastic in about 19 minutes less then that 18 12 minutes okay
Rogan_foxtrot,513,0,PN61,Okay <HT01_First_Name> I you know were lets not worry about anything but gettin you off the plane right now gettin you and the Captain off and gettin everybody safe and sound okay <PN60_First_Name> s back here so hes gonna talk to ya again alright
Rogan_foxtrot,514,0,HT01,Im not really worried about gettin me and uh the pilot off the plane thats beyond my control thats up to you all you all decided our fate you all want him to walk off the plane first you all wanna put a bullet in my head I know exactly what you all want to do
Rogan_foxtrot,515,0,PN60,Ha <HT01_First_Name> <HT01_First_Name> <HT01_First_Name>
Rogan_foxtrot,516,0,HT01,Yes <PN60_First_Name>
Rogan_foxtrot,517,5,PN60,Good to hear your voice again my friend Listen uh how is everything now on the plane okay I understand that you want some cigarettes
Rogan_foxtrot,518,6,HT01,Oh Ive got enough I count my cigarettes Ive got enough to last me 17 minutes
Rogan_foxtrot,519,0,PN60,Okay very good [pause] How is Captain <CH30_Last_Name> doing now
Rogan_foxtrot,520,0,CH30,Yea were doin fine just uh waitin on you all
Rogan_foxtrot,521,3,PN60,Okay let me ask you this uh his mothers in route right now but but <ON82_First_Name> is here uh but uh would he accept it if uh if <ON82_First_Name> is the only one here at the time of the deadline or what I mean uh let me talk to him about that
Rogan_foxtrot,522,0,HT01,NO I fuckin told you all to begin with god damnit Im tired of it man you been bullshittin me you told me two fuckin hours ago my mama was in route
Rogan_foxtrot,523,0,PN60,First we had to locate her <HT01_First_Name> shes very much concerned about you
Rogan_foxtrot,524,0,HT01,I dont really give a fuck
Rogan_foxtrot,525,5,PN60,Alright my friend listen uh were gonna try in do everything possible to meet your demands then just settle down and talk to me a little bit
Rogan_foxtrot,526,6,HT01,Im cuttin off all communications youve got 16 minutes and 33 seconds Its up to you [pause]
Rogan_foxtrot,527,0,ON80,280 solo
Rogan_foxtrot,528,0,HT01,Alright <PN61_First_Name> where is <ON82_First_Name> at
Rogan_foxtrot,529,0,PN61,There tryin to uh work out she should be with you in just a few minutes okay
Rogan_foxtrot,530,6,HT01,Tryin to um uh yea there tryin to um uh and um uh and mama maybe um here in um uh 13 minutes and um uh this fuckin plane may blow up
Rogan_foxtrot,531,1,PN61,Nobodys gonna blow up <HT01_First_Name> were gonna let <ON82_First_Name> talk to ya in just a couple minutes and were gonna were still workin we want you to know that were still workin on this its taken us some time but were were gonna work on it and were gonna get it done cause we wanna get you and the Captain off that plane Okay
Rogan_foxtrot,532,0,HT01,I see why Ronald Reagan fired all the air traffic controls I mean uh its to its uh its uh its understandable same time its understandable why we ever went to war right now wed be in a world of shit with people like you all runnen the towers [pause]
Rogan_foxtrot,533,0,HT01,Come back <PN61_First_Name>
Rogan_foxtrot,534,0,PN61,Okay I hear you <HT01_First_Name> Im just thinkin you know that if anything can go wrong it will go wrong and you ought to see all the Chaos that youve caused out here but were workin on it and were gonna get everything fixed up so that so that you get safetly off and that you get the help that you want okay
Rogan_foxtrot,535,0,HT01,Affirmative All youve all had to do is re route a few planes I mean its no big deal I mean I you all got enough track air traffic controls you all you all suppose to be able to handle these murders across have a plan that nobody gives these murders across
Rogan_foxtrot,536,0,PN61,Thats true but we uh you know we we wouldnt have that problem if Atlanta wasnt the busiest airport in the world hang on just a second okay <HT01_First_Name>
Rogan_foxtrot,537,0,PN60,Ha <HT01_First_Name> this is <PN60_First_Name> Im bringing uh <ON82_First_Name> in here and talk to you for a minute okay
Rogan_foxtrot,538,0,HT01,Alright <PN60_First_Name> [pause] <PN60_First_Name>
Rogan_foxtrot,539,0,PN60,Yes <HT01_First_Name>
Rogan_foxtrot,540,0,HT01,Thought you said youd bring her here and talk to me
Rogan_foxtrot,541,0,HT01,Ha <ON82_First_Name>
Rogan_foxtrot,542,0,ON82,How ya doin buddy
Rogan_foxtrot,543,0,HT01,[laugh] Im doin pretty good 10 minutes and counten down
Rogan_foxtrot,544,0,ON82,Oh dont talk to me like that
Rogan_foxtrot,545,0,HT01,What else am I suppose to say <ON82_First_Name>
Rogan_foxtrot,546,0,ON82,<HT01_First_Name> please I wanna help you everythings gonna be okay I promise you that
Rogan_foxtrot,547,0,HT01,You promise me <ON82_First_Name> and Ill get off this plane I tried my best I I uh went in as far as to write a congressional letter to my United States Senate yesterday while I was in the drug rehab they refused to accept it
Rogan_foxtrot,548,0,ON82,<HT01_First_Name> you know I have contacts in politics I will get you any help you want anybody you wanna talk to no one everythings gonna be okay I wanna help you I wanna see you
Rogan_foxtrot,549,0,HT01,Help dont you think so
Rogan_foxtrot,550,1,ON82,Dont you trust me Dont you trust me
Rogan_foxtrot,551,0,HT01,Yes I trust you <ON82_First_Name> if I didnt trust you I wouldnt of called you to begin with
Rogan_foxtrot,552,0,ON82,Come on <HT01_First_Name> you trust me you know that I am not gonna tell you a lie you know Im right here with you Ill be with you the entire time
Rogan_foxtrot,553,0,HT01,Alright <ON82_First_Name> Im willin to get off this plane and Ill get off and Ill leave my bag on it Theres a white truck sittin sittin over there and Ill walk straight toward it the Captain and I will walk toward it together
Rogan_foxtrot,554,3,ON82,Come on off <HT01_First_Name> come on off
Rogan_foxtrot,555,0,HT01,An Im okay but I just I just uh I need help and Ive Ive begged for it an Im sorry that I have to go to such extremes to get it but thats just the way it is
Rogan_foxtrot,556,3,ON82,Come on off <HT01_First_Name> Ill help you Ill go with you every step of the way every step of the way anything you want me to do trust me Now please now please you can come right direct to me
Rogan_foxtrot,557,0,HT01,Come out to the truck
Rogan_foxtrot,558,3,ON82,Im I cant <HT01_First_Name> Youve got to let that thing out come off the plane and Ill be right there for you within a few seconds
Rogan_foxtrot,559,0,HT01,You promise
Rogan_foxtrot,560,3,ON82,You got my word on it You trust me now please do it now and you got me every step of the way all night long however long it takes
Rogan_foxtrot,561,0,HT01,Go wrong
Rogan_foxtrot,562,1,ON82,Nothin goes wrong you will be safe with me right in my hands
Rogan_foxtrot,563,0,HTO1,they just shoot me
Rogan_foxtrot,564,3,ON82,Trust me <HT01_First_Name> Trust me Im here to help you and then you call me to help ya Im here to help you [pause] Please <HT01_First_Name> now help me come on out here and help me get off the plane now come on baby please do it for me [pause] <HT01_First_Name> please [pause]
Rogan_foxtrot,565,0,CH30,Okay hes off the airplane now
