Rogan_charlie,4,0,HT1,No I dont wanna hear that
Rogan_charlie,5,0,PN1,OK
Rogan_charlie,6,0,HT1,dont give me that hear
Rogan_charlie,7,0,PNI,OK
Rogan_charlie,8,0,HT1,All I want is bring my wife and <News_Reporters_Name> you hear
Rogan_charlie,9,0,PN1,<News_Reporters_First_Name>
Rogan_charlie,10,0,HT1,<News_Reporters_Last_Name>
Rogan_charlie,11,0,PN1,<News_Reporters_Last_Name>
Rogan_charlie,12,0,HTI,Yah
Rogan_charlie,13,0,PNI,Whos <News_Reporters_Name>
Rogan_charlie,14,0,HT1,You know who <News_Reporters_Name> is the news reporter
Rogan_charlie,15,0,PN1,The news reporter
Rogan_charlie,16,0,HT1,Yah
Rogan_charlie,17,0,PN1,OK and your wife can you tell me where she is Do you know where she is right now Is she at work a telephone number I can reach her at
Rogan_charlie,18,0,HTI,You wanna know where my wife is
Rogan_charlie,19,0,PN1,Yes do you know where she is that I can can reach her at
Rogan_charlie,20,0,HT1,You know what If you dont leave me alone with this old fool stuff ya all up there messin with me Leave me alone hear Leave me alone Just get <News_Reporters_Name> and my wife My wife is at <address> Hear
Rogan_charlie,21,0,PNI,<address>
Rogan_charlie,22,0,HT1,Yah
Rogan_charlie,23,0,PNI,Does she have a phone number
Rogan_charlie,24,0,HT1,NO She dont have a phone but you know what
Rogan_charlie,25,0,PNI,Go ahead
Rogan_charlie,26,0,HT1,they already have her
Rogan_charlie,27,0,PNI,No sir I dont
Rogan_charlie,28,0,HT1,But they got her
Rogan_charlie,29,0,PN1,I dont know who has her I work on that though to get her to talk to you on the phone if I can OK
Rogan_charlie,30,0,HT1,Second district hear They got her
Rogan_charlie,31,0,PNI,Second district has her
Rogan_charlie,32,0,HT1,Yah
Rogan_charlie,33,0,PNI,How come they have her
Rogan_charlie,34,0,HT1,Cause she is the one who called Howd you know about all this
Rogan_charlie,35,0,PN1,Second district or seventh district
Rogan_charlie,36,0,HT1,Seventh the seventh
Rogan_charlie,37,0,PNI,Seventh district
Rogan_charlie,38,0,HT1,You know what If you wanna put anybody on this line you know what you get You hear me
Rogan_charlie,39,0,PNI,Yah Im listening
Rogan_charlie,40,0,HT1,Get Sgt <Last_Name> down in narcotics you hear Have him call me hear
Rogan_charlie,41,0,PNI,Sgt <Last_Name>
Rogan_charlie,42,0,HT1,Yah
Rogan_charlie,43,0,PN1,OK and hes in narcotics you say
Rogan_charlie,44,0,HT1,Yah Have him call me hear
Rogan_charlie,45,0,PN1,OK
Rogan_charlie,46,0,HT1,Alright
Rogan_charlie,47,0,PNl,Yep
Rogan_charlie,48,0,HT1,If anything you have him call me
Rogan_charlie,49,0,PN1,OK Ill give ya itll take me a little time ro reach him OK
Rogan_charlie,50,0,HT1,Alright but you know what
Rogan_charlie,51,0,PNl,OK go ahead
Rogan_charlie,52,0,HT1,You bet not come through this door
Rogan_charlie,53,0,PNI,No were not going to come through the door We we want you to come out through the door
Rogan_charlie,54,0,HT1,You better not come through the door and none you all better not come in hear You hear
Rogan_charlie,55,1,PNl,Yah We we dont want we dont want nobody getting hurt Thats what it is you know
Rogan_charlie,56,0,HT1,Im telling you
Rogan_charlie,57,1,PNI,I know you dont want to get hurt and we dont no kids hurt
Rogan_charlie,58,0,HT1,I dont want nobody hurt But you know what You get Sgt <Last_Name> on the phone too you hear
Rogan_charlie,59,0,PNI,OK Let me ask you a question OK
Rogan_charlie,60,0,HT1,What
Rogan_charlie,61,0,PNl,You have two kids in there
Rogan_charlie,62,0,HT1,Yah
Rogan_charlie,63,0,PN1,And somebody said you fired a shot are the kids alright
Rogan_charlie,64,0,HT1,You know what
Rogan_charlie,65,0,PNI,Go ahead Im listening
Rogan_charlie,66,3,HT1,They is alright The moment that you all try to come in through here is thats whats going to happen then somethings gonna happen then you hear
Rogan_charlie,67,1,PNI,We dont want were not gonna like I said were not gonna come busting down the door We want everybody to get out of there safe
Rogan_charlie,68,0,HT1,Alright But you all cant come in here
Rogan_charlie,69,0,PNI,No were not going to come in there Were were gonna
Rogan_charlie,70,0,HT1,All I want in here is my wife and <News_Reporters_Name> that reporter You hear
Rogan_charlie,71,0,PNl,OK I got it Your wife is at <address>
Rogan_charlie,72,0,HT1,And <News_Reporters_Name>
Rogan_charlie,73,0,PN1,And <News_Reporters_Name> is a newspaper reporter Do you know what channel he is on
Rogan_charlie,74,0,HTI,5
Rogan_charlie,75,0,PNl,5 OK Alright Ill get back to you on the phone OK
Rogan_charlie,76,0,HT1,Yah But you know what
Rogan_charlie,77,0,PN1,Go ahead
Rogan_charlie,78,0,HT1,If you call back dont call to try and trick me about nothing You hear I mean it Hear
Rogan_charlie,79,0,PNI,Im listening
Rogan_charlie,80,0,HT1,Whats your name again
Rogan_charlie,81,0,PN1,<PN1> <spells_last_name>
Rogan_charlie,82,0,HT1,<PN1>
Rogan_charlie,83,0,PNl,Yah Officer <PN1>
Rogan_charlie,84,0,HT1,Officer <PN1> And who are you with
Rogan_charlie,85,0,PN1,Im with Special Operations Division
Rogan_charlie,86,0,HT1,Special Operations
Rogan_charlie,87,0,PN1,Yes sir
Rogan_charlie,88,0,HTI,You kill people right
Rogan_charlie,89,0,PN1,No sir I just told you my job is to have everybody come out of this building safe without anybody getting hurt
Rogan_charlie,90,0,HTI,You know what Ive been trying my best to talk to the police here but you know what You all dont never cooperate with nobody
Rogan_charlie,91,1,PNI,Well Im here to cooperate with you Im going to try my best to get ahold of your wife and this <News_Reporters_Name> and Sgt <Last_Name> OK
Rogan_charlie,92,0,HT1,Alright
Rogan_charlie,93,0,PN1,Im gonna try my best Im gonna give Sgt <Last_Name> a call now and Im gonna try to get ahold of your wife Ill have to send a car there because she doesnt have any phone OK
Rogan_charlie,94,0,HT1,OK
Rogan_charlie,95,0,PNI,Then Ill talk to Mr <News_Reporters_Last_Name> on the phone
Rogan_charlie,96,0,HT1,Yah but you Mr <News_Reporters_Last_Name> is the only one Im gonna trust and my wife you hear
Rogan_charlie,97,3,PN1,OK Now let me ask you a question Now if Mr <News_Reporters_Name> asked you to let these kids out and asked you how these kids are will you answer his questions
Rogan_charlie,98,0,HT1,Mr <News_Reporters_Name> is going to come in here
Rogan_charlie,99,7,PN1,Ah I dont think ah my boss ok my higher up let him come in there I dont just for his safety also But we have ta we have ta well have to work that problem when we come to it OK
Rogan_charlie,100,0,HT1,You know what Youre going to sacrifice me and my two children
Rogan_charlie,101,0,PN1,No I dont think you want to do that
Rogan_charlie,102,0,HT1,I dont want [click_noise]
Rogan_charlie,103,0,PN1,Hello
Rogan_charlie,104,0,HT1,Its gonna happen
Rogan_charlie,105,0,PN1,Yah well I dont think you want to sacrifice your kids
Rogan_charlie,106,0,HT1,Me too Because you wanna know what Im tired of what you all cops and what you all been doing to me
Rogan_charlie,107,0,PNl,Well I
Rogan_charlie,108,0,HT1,what I told all them people you all you all make people up there me and my wife is having problems My wife dont even I dont want no more after all of this you dumb stuff you done did to me
Rogan_charlie,109,0,PN1,Well I see I dont know the situation [click] Hello
Rogan_charlie,110,0,HT1,Yah
Rogan_charlie,111,0,PN1,See I dont know the situation between you and your wife you know uh
Rogan_charlie,112,0,HT1,Make sure you get my wife and <News_Reporters_Name>
Rogan_charlie,113,0,PN1,OK Im gonna try my best
Rogan_charlie,114,0,HTl,Alright [hang_up]
Rogan_charlie,115,0,PN1,Hello Hello Subject hung up at 1231 hrs
Rogan_charlie,116,0,PNl,1233 calling the subject back
Rogan_charlie,117,0,HT1,Yes
Rogan_charlie,118,0,PN1,Mr <HT1> This is Officer <PN1> again
Rogan_charlie,119,0,HT1,Yes
Rogan_charlie,120,0,PN1,OK I need an apt for your wife You gave me <address> but you didnt give me an apartment number You told me she didnt have a phone I cant send a car to an apartment building then
Rogan_charlie,121,0,HT1,<number>
Rogan_charlie,122,0,PN1,Its apartment <number> OK OK I have some officers working on it to ah go to her house now OK Is she home or does she work do you know
Rogan_charlie,123,0,HT1,You better leave me alone mister
Rogan_charlie,124,2,PN1,You know Mr <HT1> I cant help you if you dont help us You know what I mean
Rogan_charlie,125,0,HT1,You know what If I hear any noises coming in this house Im telling you
Rogan_charlie,126,1,PNl,Look Im telling you Im telling you right now OK You gotta listen to me because youre talking to me right now Theres nobody going to come in and knock tahe door off the hinges OK Youre gonna have to trust me
Rogan_charlie,127,0,HT1,Mr <PN1> [crying] please please help Please I need to get my wife
Rogan_charlie,128,1,PN1,I I I had to call you back because I didnt have an apt number alright Im working on sending a car to get your wife Nobody will knock your door down Im telling you right now Youre gonna have to trust me Youre gonna have to give me a little bit like your telling me to trust you that you wont hurt those kids OK [pause] OK thres a car out there to get your wife if shes home Ill have them bring her here and bringher to the phone OK
Rogan_charlie,129,0,HT1,Yah yah [crying]
Rogan_charlie,130,0,PN1,And then I will thats whats gonna happen right now Your wife is <Wife_First_Name> can you tell me her last name
Rogan_charlie,131,0,HT1,<Wife_Last_Name>
Rogan_charlie,132,0,PN1,<Wife_Last_Name>
Rogan_charlie,133,0,HT1,Yah with a C
Rogan_charlie,134,0,PN1,Can you spell it for me
Rogan_charlie,135,0,HT1,<spells_Wife_Last_Name>
Rogan_charlie,136,0,PN1,<spells_Wife_Last_Name>
Rogan_charlie,137,0,HT1,Yah
Rogan_charlie,138,0,PNl,OK alright ah I might call you back in a few minutes but Im gonna send a car right now to get get there
Rogan_charlie,139,0,HT1,Alright
Rogan_charlie,140,3,PN1,Talk to me while were in the waiting process unless you wanna keep talking to me How about keep talking to me
Rogan_charlie,141,0,HT1,Oh man Oh man Oh man I dont know I dont know
Rogan_charlie,142,0,PNl,I know I know I know its rough I know
Rogan_charlie,143,0,HT1,I wanna know what that cop did this to me and my family man whys you all do that
Rogan_charlie,144,0,PNl,Yah I know you know you you wanna tell me the situation
Rogan_charlie,145,0,HT1,Yah they had me they had me set up some people right on a cocaine bust right
Rogan_charlie,146,0,PNl,OK
Rogan_charlie,147,0,HT1,And I did it right and then the dude found out I did it right
Rogan_charlie,148,0,PNl,Right OK
Rogan_charlie,149,0,HT1,I tried to tell Sgt <Last_Name> that they threatened me right
Rogan_charlie,150,0,PNl,Nor hmm
Rogan_charlie,151,0,HTI,But he was waiting to try and catch me
Rogan_charlie,152,0,PN1,The guy the guys that you turned in try they set you up
Rogan_charlie,153,0,HT1,Yah
Rogan_charlie,154,0,PNl,And <Sgts_Last_Name> wouldnt pay attention to ya
Rogan_charlie,155,0,HT1,No he wouldnt pay attention
Rogan_charlie,156,0,PNI,OK
Rogan_charlie,157,0,HT1,And I tried to tell him I tried to tell him And you know what Are you here
Rogan_charlie,158,0,PNl,Yah Im with ya Im listening to you You have to talk to me I you know youre telling me what happened and I you know and I dont want to interrupt you
Rogan_charlie,159,0,HT1,Right
Rogan_charlie,160,0,PNI,Let me know what happened so I can know
Rogan_charlie,161,0,HT1,Right I turned them in right
Rogan_charlie,162,0,PNI,Yah
Rogan_charlie,163,0,HT1,And they busted them for a quarter pound quarter pound of cocaine right
Rogan_charlie,164,0,PNI,Mm hmm
Rogan_charlie,165,0,HTl,So all so my wife got mad at me right and called me a snitch right
Rogan_charlie,166,0,PN1,Yah
Rogan_charlie,167,0,HT1,But I tried to tell her all I did was all I did was to save us
Rogan_charlie,168,0,PNI,Right
Rogan_charlie,169,0,HT1,But gave her a lousy 500 and when they came to threaten me right <Sgt_Last_Name> said well as long as they dont do nothing it aint no it aint no trouble
Rogan_charlie,170,0,PNl,Hmm
Rogan_charlie,171,0,HT1,But that aint so is it
Rogan_charlie,172,0,PNI,No that you know
Rogan_charlie,173,0,HT1,Sooner or later they were going to get me wasnt they
Rogan_charlie,174,0,PNl,I dont know if they would or not They might have tal just did a lot of talking
Rogan_charlie,175,0,HT1,Yah but
Rogan_charlie,176,1,PN1,He should have done a little bit more than probably that what he done
Rogan_charlie,177,0,HT1,Yah he should have done more
Rogan_charlie,178,1,PNI,Yah I think I I you each policeman has his own way of policing and I probably would have taken care of it much better than that than what he has if that is what you are saying
Rogan_charlie,179,0,HT1,Yah thats the truth but you know what
Rogan_charlie,180,0,PN1,OK Now let me ask you a question What what do you think we should do with ya What do you want us to do Can you [click] Are you still with me
Rogan_charlie,181,0,HT1,Yah somebodys trying to call
Rogan_charlie,182,1,PN1,Forget about them cause were talking right now
Rogan_charlie,183,0,HT1,Right
Rogan_charlie,184,3,PN1,Ah what do you want what do you need Tell me what you need so I can get everybody out of this What you need what your family need so we can try and work this out
Rogan_charlie,185,0,HT1,I need those guys messing me fora coke those guys aint messing me for coke Stole a shotgun right Are you listening Are you listening
Rogan_charlie,186,0,PN1,Yah
Rogan_charlie,187,0,HT1,They messing me right My wife had called on me right [click] My case right I tried to tell them that that I went out and got the shotgun right The shotgun was going to protect me and myfamily [click] Im not no criminal I tried to protect my family from what these threats when he was threatening us right
Rogan_charlie,188,0,PN1,Yah
Rogan_charlie,189,0,HT1,And he who who who was tols on right was my cousin Hes theone whos selling drugs You know what Im saying And by his selling the drugs he was they they they wouldnt help us right My cousin was trying to get me too
Rogan_charlie,190,0,PNl,Your cousin was trying to get you
Rogan_charlie,191,0,HT1,Yah and Sgt <Last_Name> wouldnt believe it He wouldnt believe my own cousin would try and have me set up to get killed because I had his people set up You know what I mean Are you following me
Rogan_charlie,192,0,PNI,Yah Im following you
Rogan_charlie,193,0,HT1,Huh
Rogan_charlie,194,0,PNl,Yah I got ya I got ya
Rogan_charlie,195,0,HT1,Huh I cant [to_the_kids] will you please get back baby Officer <PN1>
Rogan_charlie,196,0,PN1,Yah
Rogan_charlie,197,0,HT1,<PN1>
Rogan_charlie,198,0,PN1,Yah thats right Yah
Rogan_charlie,199,0,HT1,Uh I dont know what to do
Rogan_charlie,200,0,PN1,OK
Rogan_charlie,201,0,HT1,What can I do
Rogan_charlie,202,0,PNl,Well I tell ya the first situation we have to do is try and get for you to let those kids out
Rogan_charlie,203,0,HT1,Let you get the kids you gonna get me
Rogan_charlie,204,2,PN1,No you gotta you gotta trust me like Im trusting you OK
Rogan_charlie,205,0,HT1,I will I know
Rogan_charlie,206,0,PNl,Can you hear me
Rogan_charlie,207,0,HT1,But if I go to jail right
Rogan_charlie,208,0,PN1,What are you going to go to jail for Those are your own kids in there Do you have a gun
Rogan_charlie,209,0,HT1,Yah
Rogan_charlie,210,0,PN1,What kind of gun do you have Will you tell me that
Rogan_charlie,211,0,HT1,Yah its a 32
Rogan_charlie,212,0,PN1,32 Caliber
Rogan_charlie,213,0,HT1,Right
Rogan_charlie,214,0,PN1,Pistol
Rogan_charlie,215,0,HT1,Yah
Rogan_charlie,216,0,PN1,OK
Rogan_charlie,217,0,HT1,And Im going to go to jail for having that right
Rogan_charlie,218,0,PN1,If we dont
Rogan_charlie,219,0,HT1,Please Im in so much trouble Thats what I dont understand [whining] All I did was try to tell my wife I went to the FBI and try to tell them too
Rogan_charlie,220,0,PNI,Yah let me ask you a question
Rogan_charlie,221,0,HT1,What
Rogan_charlie,222,3,PN1,Will you let them kids out
Rogan_charlie,223,0,HT1,No I aint got no win
Rogan_charlie,224,0,PN1,I cant hear you
Rogan_charlie,225,0,HT1,I dont have no win do I
Rogan_charlie,226,1,PN1,Mr <HT1> you so have a win if you come out of there if you come out of there without any problems and nobody getting hurt Thats a win thats a plus for everybody right Are you with me [pause] Mr <HT1> Mr <HT1> [disconnect_1239_call_back]
Rogan_charlie,227,0,HT1,Yes
Rogan_charlie,228,0,PN1,Mr <HT1> this is Officer <PN1> What happened Did you hang up on me or did somebody cut us off
Rogan_charlie,229,0,HT1,The line got disconnected
Rogan_charlie,230,0,PN1,OK you listen to me
Rogan_charlie,231,0,HT1,Yah
Rogan_charlie,232,0,PNl,Listen you have a win
Rogan_charlie,233,0,HTl,How
Rogan_charlie,234,1,PN1,Everybody getting out of there without getting hurt is a win number one
Rogan_charlie,235,0,HT1,I know but then Im going to have to go to jail for a gun All they go Im already arrested for cocaine a sawed off shotgun
Rogan_charlie,236,0,PN1,OK ol you got you got what are you doing Are you doing time for that
Rogan_charlie,237,0,HT1,No but I only got it to protect my family
Rogan_charlie,238,0,PN1,I understand that
Rogan_charlie,239,0,HTl,Huh
Rogan_charlie,240,8,PNl,I understand what you are saying But you know ah not necessarily will you go to court OK
Rogan_charlie,241,0,HT1,Yah
Rogan_charlie,242,8,PN1,It doesnt necessarily mean you have to stay in jail
Rogan_charlie,243,0,HT1,Oh man [crying] Please get my wife
Rogan_charlie,244,0,PN1,Your wife They they somebody went to get your wife already OK
Rogan_charlie,245,0,HTl,Yah
Rogan_charlie,246,0,PN1,We sent a car for her
Rogan_charlie,247,0,HT1,What
Rogan_charlie,248,0,PN1,I sent a car for her OK now let me ask you a question
Rogan_charlie,249,0,HT1,What
Rogan_charlie,250,3,PNl,Talk to your wife when she comes over here How about letting those kids out for me
Rogan_charlie,251,0,HT1,I want my wife in here
Rogan_charlie,252,0,PN1,Ah you know
Rogan_charlie,253,0,HT1,You aint gonna let in though is ya
Rogan_charlie,254,7,PN1,I cant I cant make that determination I have to go to my officials to do that to be honest with ya OK My officials have to make that decision I cant make that decision I have to get permission from them
Rogan_charlie,255,0,HT1,My wife dont have to come in here All I want her to do is tell the truth on the T V
Rogan_charlie,256,0,PN1,OK tell the truth about what
Rogan_charlie,257,0,HT1,About how these cops had me do these things
Rogan_charlie,258,0,PN1,Yah but you know thats not a big plus for you now OK
Rogan_charlie,259,0,HT1,It would help me get outta this She knows whats going on youknow what I mean
Rogan_charlie,260,1,PN1,Yah OK You dont want everybody in the street to know your business Thats whats gonna happen if she tells them that Then you probably never be trusted to ever walk down the street
Rogan_charlie,261,0,HT1,Yah I know Oh my God Im a dead man
Rogan_charlie,262,0,PN1,No no youre not no sir
Rogan_charlie,263,0,HT1,[crying_hard]
Rogan_charlie,264,0,PNl,How about if you you know
Rogan_charlie,265,0,HT1,Im a dead man my wife and my son gonna be the only ones thats left
Rogan_charlie,266,0,PN1,No no no
Rogan_charlie,267,0,HT1,Im gonna be left by myself You know what I mean
Rogan_charlie,268,0,PNl,I dont I dont
Rogan_charlie,269,0,HT1,Officer <PN1>
Rogan_charlie,270,0,PN1,Yah Im listening
Rogan_charlie,271,0,HT1,I m gonna be left by myself right
Rogan_charlie,272,0,PN1,You tell me why why would you be left by yourself
Rogan_charlie,273,0,HT1,Because my wife [call_waiting_goes_off]
Rogan_charlie,274,0,PN1,Go ahead
Rogan_charlie,275,0,HT1,Shes gonna leave me
Rogan_charlie,276,0,PN1,Yah
Rogan_charlie,277,0,HT1,Shes gonna leave me for whats going on
Rogan_charlie,278,0,PN1,I she does she live with you now There at the house
Rogan_charlie,279,0,HT1,This is my cousins house
Rogan_charlie,280,0,PN1,Your cousins house
Rogan_charlie,281,0,HT1,Yah
Rogan_charlie,282,0,PN1,And you live at <address> Is <address> your address
Rogan_charlie,283,0,HT1,Yah but my wife put me out cause of what I did
Rogan_charlie,284,0,PN1,Because of you snitching on your cousin
Rogan_charlie,285,0,HT1,Yah but she dont wanna tell
Rogan_charlie,286,0,PNl,Is that right How long ago was that Is that a television you got on
Rogan_charlie,287,0,HT1,Yah
Rogan_charlie,288,0,PN1,Im having a hard time hearing you because of the television Will you turn it down a little
Rogan_charlie,289,0,HT1,Ah wait a minute
Rogan_charlie,290,0,PN1,OK [pause]
Rogan_charlie,291,0,HT1,Yah
Rogan_charlie,292,1,PN1,OK ah why did you you said your wife turned you in Dont you think if you tried to straighten yourself out your wife will take you back
Rogan_charlie,293,0,HTl,Yah she probably will But I want her here to talk to me though
Rogan_charlie,294,0,PN1,OK yah well have to wait till she gets on the phone OK
Rogan_charlie,295,0,HT1,Officer <PN1> who are you
Rogan_charlie,296,0,PN1,What who am I
Rogan_charlie,297,0,HTI,Yah
Rogan_charlie,298,0,PN1,Im ah Im from the police department OK
Rogan_charlie,299,0,HTI,Yah
Rogan_charlie,300,0,PNI,Im ah I work with Special Operations Division OK
Rogan_charlie,301,0,HTI,Yah
Rogan_charlie,302,0,PN1,And thats all I am Im just a police officer
Rogan_charlie,303,0,HT1,But these cops have threatened me though
Rogan_charlie,304,0,PNI,Who
Rogan_charlie,305,0,HT1,<Other_Policemans_Name>
Rogan_charlie,306,0,PNI,<Other_Policemans_Name>
Rogan_charlie,307,0,HTI,Yah He he he he he told my wife my wife told me that he came in the house and pulls out a gun right and told her to cooperate with him
Rogan_charlie,308,0,PNI,Whos <Other_Policemans_Name> a policeman you say
Rogan_charlie,309,0,HT1,Yah at the seventh district
Rogan_charlie,310,0,PNI,OK now did you see him pull a gun out
Rogan_charlie,311,0,HT1,No my wife said she seen it
Rogan_charlie,312,0,PN1,OK where were you though
Rogan_charlie,313,0,HTI,I was down at my cousins house
Rogan_charlie,314,0,PNI,Do do you think that your wife would tell you a story that he would do that
Rogan_charlie,315,0,HTI,Thats what Im hoping shed do
Rogan_charlie,316,0,PNI,Yah maybe shes just trying to scare ya What do you think
Rogan_charlie,317,0,HT1,Yah thats what Im thinking too
Rogan_charlie,318,0,PNl,Yah
Rogan_charlie,319,0,HT1,And now Im gonna be in hot water
Rogan_charlie,320,1,PNI,Well youre not really gonna be in hot water you know It its a good plus you know if you do come out It really is you know You dont need a whole lot of hassel a whole lot of junk going on OK
Rogan_charlie,321,0,HT1,But you know what
Rogan_charlie,322,0,PNl,Go ahead
Rogan_charlie,323,0,HT1,I think maybe I can go do that to myself and let you all get the children
Rogan_charlie,324,1,PNl,No I dont want that You dont want that What then you will be by yourself What about your kids think of your kids sitting there and if you do that
Rogan_charlie,325,0,HT1,[starts_crying_again] Yah but Im sacred to death You know what I mean
Rogan_charlie,326,0,PNl,Yah I understand youre scared I dont want you to you know I want you to relax just a little bit
Rogan_charlie,327,0,HT1,Thats why you guys gotta find my wife She can help me out
Rogan_charlie,328,1,PN1,Yah ah Ill Ill talk to your wife you know Ill do the best I can Just like Im doing to you I want you out of there without you getting hurt I want the kids out of there without the kids getting hurt
Rogan_charlie,329,0,HT1,Yah
Rogan_charlie,330,1,PN1,Understand what Im saying We gotta start from someplace
Rogan_charlie,331,0,HT1,Right
Rogan_charlie,332,0,PN1,OK
Rogan_charlie,333,0,HTl,Right
Rogan_charlie,334,1,PN1,So what do you think Come on you have why dont you make a decision Your you got the you your in my hands Im in your hands lets put it that way
Rogan_charlie,335,0,HT1,Right
Rogan_charlie,336,1,PN1,Were wrapped in together OK
Rogan_charlie,337,0,HT1,Right
Rogan_charlie,338,1,PN1,Were wrapped together so we can get out Get everybody to come out all together
Rogan_charlie,339,0,HT1,[starts_crying_again] If I go to that jailhouse you know what Those niggers in there those fuckers are going to try and get me
Rogan_charlie,340,0,PN1,No no you youre youre gonna have to go to court if you have a gun in there OK
Rogan_charlie,341,0,HT1,Yah
Rogan_charlie,342,0,PNl,OK thats ah that I know you have to do OK
Rogan_charlie,343,0,HT1,Yah
Rogan_charlie,344,8,PNl,Now the judge might see the situation going on and he might put you in salience for observation And Im not you know I dont think hed send you to the jail
Rogan_charlie,345,0,HT1,Yah I know
Rogan_charlie,346,0,PN1,You know what Im saying
Rogan_charlie,347,0,HTl,Yah
Rogan_charlie,348,3,PN1,OK what do you think Do you wanna take a walk out
Rogan_charlie,349,0,HT1,Not yet you didnt get my wife
Rogan_charlie,350,0,PN1,OK ah let me were still working on it OK
Rogan_charlie,351,0,HT1,But you know what
Rogan_charlie,352,0,PNl,Yah go ahead Im listening to you
Rogan_charlie,353,0,HT1,If my wife abandoned me then Im gonna be in trouble right
Rogan_charlie,354,0,PN1,No youre not going to be in trouble
Rogan_charlie,355,0,HT1,Yes I am going to You know why [pause] MY family dont want to mess with me no more cause I did that to them
Rogan_charlie,356,0,PN1,Thats your cousins
Rogan_charlie,357,0,HT1,Yah and he got all these kinds of drugs He deals it right
Rogan_charlie,358,0,PNl,Right
Rogan_charlie,359,0,HT1,And hes been taking care of paying the rent and all that stuff But I dont care about that stuff
Rogan_charlie,360,1,PN1,Uh uh you gonna youre gonna have to try and make a life for yourself You know start off new
Rogan_charlie,361,0,HT1,Yah
Rogan_charlie,362,1,PNl,But youre not gonna start off new from running from everybody
Rogan_charlie,363,0,HT1,Thats what Ive been
Rogan_charlie,364,1,PN1,Or holding your kids or anything OK
Rogan_charlie,365,0,HT1,[sobs]
Rogan_charlie,366,1,PNl,You know what Im saying You gotta you wanna start off new start off the right way
Rogan_charlie,367,0,HT1,But you know what
Rogan_charlie,368,0,PNl,Go ahead
Rogan_charlie,369,0,HT1,What I what I figured it is If I just go ahead and go away from here take myself out right
Rogan_charlie,370,0,PN1,Yah
Rogan_charlie,371,0,HT1,Just leave the children
Rogan_charlie,372,0,PN1,No you dont want to do that
Rogan_charlie,373,0,HT1,But why Because Im not going to be able to walk around
Rogan_charlie,374,0,PN1,Let me tell you something You know the places other than Washington right
Rogan_charlie,375,0,HT1,Yah
Rogan_charlie,376,1,PN1,You dont have to stay here You dont have to stay in this city Your ties are here maybe your ties are here but all your ties will end even your kids wont have any father then
Rogan_charlie,377,0,HT1,Yah I know
Rogan_charlie,378,1,PN1,Thats not good for the kids
Rogan_charlie,379,0,HT1,Yah but I aint trying to really hurt them Do you believe me
Rogan_charlie,380,1,PN1,Yah you dont want your kids to see that right
Rogan_charlie,381,0,HT1,They aint gonna see it if I do it
Rogan_charlie,382,0,PN1,Yah yah Theyre there Its ah its ah you know you youre looking at that and ah youre looking at your point youre looking for a way out
Rogan_charlie,383,0,HT1,Yah
Rogan_charlie,384,1,PN1,And thats not a way out for anybody OK
Rogan_charlie,385,0,HT1,My wifes got to understand what Im trying to do
Rogan_charlie,386,5,PNI,Yah I understand what you are trying to do but like I said you know theres other places than Washington Theres um you can theres places where you can start new You dont have to start right now you are at the bottom and we want you to get to the top
Rogan_charlie,387,0,HT1,Yah
Rogan_charlie,388,0,PN1,OK you and me
Rogan_charlie,389,0,HT1,My wife [call_waiting_goes_off] Mr <PN1>
Rogan_charlie,390,0,PN1,Yah Im with you Listen doing anything to yourself you are still at the bottom Youre not improving yourself yourself
Rogan_charlie,391,0,HT1,But its a way out for me
Rogan_charlie,392,0,PNI,No no no no [call_waiting_goes_off] Hello
Rogan_charlie,393,0,HT1,Yah
Rogan_charlie,394,0,PNI,Thats not a way out though
Rogan_charlie,395,0,HT1,But if I go out see if I go out right
Rogan_charlie,396,0,PN1,Go ahead Im listening
Rogan_charlie,397,0,HT1,If I go out then I dont have to worry about me no more [kids_are_screaming_cant_understand] because I am like washed up man you know
Rogan_charlie,398,0,PN1,Yah I understand how youre feeling But thats no good though Thats not the right way
Rogan_charlie,399,0,HT1,Youre right Oh boy They got me good
Rogan_charlie,400,5,PN1,No nobodys got you good now like I told you you know Im here to help you the best I can Alright Just a Im in the police department Im just a police officer Im just like you down Im on the bottom of the list OK Im an officer I have to answer to above me OK My job is to try and get everybody out of there alive and safe OK That includes you [pause] You understand what Im saying
Rogan_charlie,401,0,HT1,Yah
Rogan_charlie,402,0,PN1,OK thats what I wanted to do I want to get you out of there I want to get your kids out of there I want you to get together with your wife and talk to your wife too OK
Rogan_charlie,403,0,HT1,Yah
Rogan_charlie,404,0,PNI,And I want [call_waiting_goes_off] Are you still with me
Rogan_charlie,405,0,HT1,Yah
Rogan_charlie,406,0,PN1,OK Ill get you to talk with your wife and Ill get you to talk to your wife in front of the news media in front of <News_Reporters_Name>
Rogan_charlie,407,0,HT1,Yah
Rogan_charlie,408,0,PN1,OK But you gotta come out
Rogan_charlie,409,0,HT1,Well you get them right
Rogan_charlie,410,3,PN1,Yah Ill get them if youre gonna come out And Ill let you talk to the news media let you talk to the news media in front of your wife
Rogan_charlie,411,0,HT1,You know what
Rogan_charlie,412,0,PN1,What
Rogan_charlie,413,0,HT1,You sound like an A 1 cop
Rogan_charlie,414,1,PN1,You got you gotta trust me You gotta trust me Im not gonna Im not gonna tell you theres a if ah you know I dont have to do OK
Rogan_charlie,415,0,HT1,Ah huh
Rogan_charlie,416,3,PN1,Ill come Ill come up there and Ill walk out with Ill walk you out OK
Rogan_charlie,417,0,HT1,Yah
Rogan_charlie,418,3,PN1,And then well have your wife come up and then and the news media
Rogan_charlie,419,0,HT1,Yah
Rogan_charlie,420,3,PN1,Will you do that
Rogan_charlie,421,0,HT1,Yah you know what
Rogan_charlie,422,0,PN1,OK Im listening
Rogan_charlie,423,0,HT1,I got I I kind of trust you you know You know what I mean
Rogan_charlie,424,0,PN1,Thats what I want you to do I want you to trust me
Rogan_charlie,425,0,HT1,Cause what youve been saying is making sense right
Rogan_charlie,426,0,PN1,Yah
Rogan_charlie,427,0,HT1,When you say dont do that to yourself right
Rogan_charlie,428,0,PN1,OK
Rogan_charlie,429,0,HT1,That makes alot of sense
Rogan_charlie,430,0,PN1,OK I want you to think on that and Ill call you back OK
Rogan_charlie,431,0,HT1,Hold up hold up
Rogan_charlie,432,0,PN1,OK Im holding on
Rogan_charlie,433,0,HTl,Huh <PN1>
Rogan_charlie,434,0,PN1,Yah OK go ahead Im listening
Rogan_charlie,435,0,HT1,[crying] Oh man Im just digged up Im so scared man You know <PN1>
Rogan_charlie,436,0,PN1,Yah Im listening I hear ya
Rogan_charlie,437,0,HT1,I just wanna talk right
Rogan_charlie,438,0,PN1,OK
Rogan_charlie,439,0,HT1,Oh man wheres my wife
Rogan_charlie,440,0,PN1,OK I have to I have to check with the officials Im on somebodys apartment
Rogan_charlie,441,0,HTI,Youre at somebodys apartment
Rogan_charlie,442,0,PN1,Yah
Rogan_charlie,443,0,HTI,Oh man
Rogan_charlie,444,0,PN1,Im on the phone in somebodys apartment up the road from you
Rogan_charlie,445,1,HTI,Oh boy But please dont let nobody make no noise because Im gonna get scared
Rogan_charlie,446,0,PN1,OK [pause] Just can I give you a ring back Will you hold on a minute Let me give you a ring back
Rogan_charlie,447,0,HT1,Listen
Rogan_charlie,448,0,PNl,OK
Rogan_charlie,449,0,HTI,Dont let nobody make no noise you hear
Rogan_charlie,450,0,PN1,Alright just hold on a second OK
Rogan_charlie,451,0,HT1,Dont let nobody make noise
Rogan_charlie,452,0,PN1,I know we wont let nobody make any noise and Ill try and get your wife here to talk to ya OK
Rogan_charlie,453,3,HT1,Make noise Im gone You hear me Do you hear
Rogan_charlie,454,0,PN1,I understand if we make noise youre gone I dont want you to do that OK
Rogan_charlie,455,0,HTI,Wheres <News_Reporters_Name> at
Rogan_charlie,456,0,PN1,Hes on the way thats all I know OK
Rogan_charlie,457,0,HT1,Alright
Rogan_charlie,458,0,PNI,OK
Rogan_charlie,459,0,HT1,OK [hang_up]
Rogan_charlie,460,0,HT1,Yes
Rogan_charlie,461,0,PN1,Mr <HT1>
Rogan_charlie,462,0,HT1,Yes
Rogan_charlie,463,0,PN1,This is Officer <PN1> again
Rogan_charlie,464,0,HT1,Yah
Rogan_charlie,465,0,PN1,OK your wife is not home at that address
Rogan_charlie,466,0,HT1,Wheres she at
Rogan_charlie,467,0,PN1,I have no idea Seventh District detectives are trying to look for her OK We went to that house at <address> Theres no answer at the door OK Thats number one Sgt <Last_Name> is in trial and as soon as they can get ahold of him in court hell be on the way here too OK
Rogan_charlie,468,0,HT1,Listen MY wife right
Rogan_charlie,469,0,PN1,Yah do you have any idea where you might where she might be
Rogan_charlie,470,0,HT1,Yah at the number <num>
Rogan_charlie,471,0,PN1,Mhm hmm
Rogan_charlie,472,0,HT1,<num> uh <num>
Rogan_charlie,473,0,PNI,OK <num>
Rogan_charlie,474,0,HT1,Yah
Rogan_charlie,475,0,PNI,Who whos that Is that a work phone number
Rogan_charlie,476,0,HT1,No Thats a friend of ours
Rogan_charlie,477,0,PNI,Whats your friends name will you tell me that
Rogan_charlie,478,0,HT1,Her name is <Friends_Name>
Rogan_charlie,479,0,PN1,<Friends_Name> You think shes there
Rogan_charlie,480,0,HT1,You know what
Rogan_charlie,481,0,PNI,Go ahead
Rogan_charlie,482,0,HT1,Sgt <PN1>
Rogan_charlie,483,0,PNl,No no Officer <PN1> Go ahead
Rogan_charlie,484,0,HT1,Officer <PN1> right
Rogan_charlie,485,0,PN1,Yah
Rogan_charlie,486,0,HT1,I gotta get out of town you know that
Rogan_charlie,487,0,PN1,Yah
Rogan_charlie,488,0,HT1,You hear me
Rogan_charlie,489,0,PN1,Yah Im listening to everything youre saying
Rogan_charlie,490,0,HT1,How long how long is it to get out of this town [pause] Are you there
Rogan_charlie,491,0,PN1,Yah Im with ya
Rogan_charlie,492,0,HTl,How long would it be to get out of this town
Rogan_charlie,493,0,PN1,OK ah well have to work something out Thats all you know Ill have to work something out with everybody
Rogan_charlie,494,0,HT1,Oh man I dont know where my wife is She should be
Rogan_charlie,495,0,PN1,OK
Rogan_charlie,496,0,HT1,Shes always running shes always running You know what I mean
Rogan_charlie,497,0,PN1,Yah
Rogan_charlie,498,0,HT1,She always abandoned me and the children Thats why I got the children because she ran on us You know that
Rogan_charlie,499,0,PN1,Mhm hmm
Rogan_charlie,500,0,HT1,How do you think I got the children
Rogan_charlie,501,0,PN1,I you know theyre your kids I dont know What did she take off
Rogan_charlie,502,0,HT1,Yah she took off She took off running around with these otherpeople just shoving these drugs Shes scared of me
Rogan_charlie,503,0,PN1,Why is she afraid of you
Rogan_charlie,504,0,HT1,Because she kept on saying that the people who sell drugs we should be scared of them She thinks we should be with them
Rogan_charlie,505,0,PN1,Oh is that right
Rogan_charlie,506,0,HTl,Yah And I aint trying to push no drugs
Rogan_charlie,507,0,PN1,Uh uh What about your parents You have some place you out of town Your parents
Rogan_charlie,508,0,HT1,Yah [call_waiting_goes_off]
Rogan_charlie,509,0,PN1,Hello
Rogan_charlie,510,0,HT1,Yah
Rogan_charlie,511,0,PN1,Go ahead Im listening What did you say
Rogan_charlie,512,0,HT1,You an out of town number
Rogan_charlie,513,0,PN1,Well not out of town youre saying some place to go how about going down there
Rogan_charlie,514,0,HT1,Yah [call_waiting_goes_off]
Rogan_charlie,515,0,PN1,Are you still with me
Rogan_charlie,516,0,HT1,Wait a minute Thats somebody trying to call me that might be my wife Hold on a minute you hear
Rogan_charlie,517,0,PN1,OK [long_pause]
Rogan_charlie,518,0,HT1,Officer <PN1>
Rogan_charlie,519,0,PN1,Yah
Rogan_charlie,520,0,HT1,A friend of mine named <ON1> right
Rogan_charlie,521,0,PN1,Uh huh
Rogan_charlie,522,0,HT1,She wants to take the children right
Rogan_charlie,523,0,PN1,<ON1>
Rogan_charlie,524,0,HT1,Yah
Rogan_charlie,525,0,PN1,Where is she
Rogan_charlie,526,0,HT1,Shes around the corner Youre outside right
Rogan_charlie,527,0,PN1,Im Im down down near Stanton Rd talking to you
Rogan_charlie,528,0,HT1,Yah well she she she lives right corner right
Rogan_charlie,529,0,PN1,Mhm hmm
Rogan_charlie,530,0,HT1,Uh she wants the children right
Rogan_charlie,531,0,PNl,Mhm hmm
Rogan_charlie,532,0,HT1,She wants me to give myself up and give her the children right
Rogan_charlie,533,0,PN1,OK What do you think about that
Rogan_charlie,534,0,HT1,I dont know but I dont know why my wife dont want me to be around
Rogan_charlie,535,0,PN1,Well maybe she doesnt know whats going on
Rogan_charlie,536,0,HT1,She knows whats going on [pause] The cops in the Seventh District got her though
Rogan_charlie,537,0,PN1,Do they they cant have her down the seventh district because
Rogan_charlie,538,0,HT1,You know what Why dont you all break in that house
Rogan_charlie,539,0,PN1,In what house
Rogan_charlie,540,0,HT1,My house
Rogan_charlie,541,0,PN1,For what
Rogan_charlie,542,0,HTl,Because my wife is in there barricading herself in there
Rogan_charlie,543,0,PN1,See ah you know we cant just go ahead and knock somebodys door down
Rogan_charlie,544,0,HTl,But you gotta get my wife
Rogan_charlie,545,0,PNl,Yah well I Ill Ill the detectives are looking for her 7D detectives are looking for her OK
Rogan_charlie,546,0,HT1,Yah
Rogan_charlie,547,0,PN1,What what do you think of <ON1> s idea
Rogan_charlie,548,0,HT1,It sounds good right
Rogan_charlie,549,3,PN1,Yah I think it does Why dont you just come on out
Rogan_charlie,550,0,HT1,Id rather go ahead
Rogan_charlie,551,0,PN1,Listen Just let me ask you a question Do you hear do you hear any noise in the house Ah is everything fine enough
Rogan_charlie,552,0,HT1,Yah I hear somebody banging on the roof and stuff
Rogan_charlie,553,0,PN1,The kids upstairs OK
Rogan_charlie,554,0,HT1,Huh
Rogan_charlie,555,0,PNl,The kids upstairs are they in the hallway And they are going to take the kids out of the building from upstairs
Rogan_charlie,556,0,HT1,Yah but you gotta keep them on the roof and stuff
Rogan_charlie,557,1,PN1,Theyre all around you Im not gonna lie to you
Rogan_charlie,558,0,HT1,OH MAN
Rogan_charlie,559,0,PN1,OK
Rogan_charlie,560,0,HT1,Yah
Rogan_charlie,561,1,PNl,What Im saying I ah you know uh like I said nobodys going to knock your door down trying to be as quiet as possible but you know were looking out for the safety of everybody in the building and were gonna take the take those kids out thats upstairs banging around up there Were gonna take them out of there
Rogan_charlie,562,0,HT1,Well call that number and try get in touch with my wife
Rogan_charlie,563,0,PNl,OK <num> that one
Rogan_charlie,564,0,HT1,Yah
Rogan_charlie,565,0,PNl,OK OK you gonna hold Ill Ill call you back OK
Rogan_charlie,566,0,HT1,Alright
Rogan_charlie,567,0,PNl,Ill see if I can get her on the phone
Rogan_charlie,568,0,HT1,Alright
Rogan_charlie,569,0,PNl,OK right [hang_up]
Rogan_charlie,570,0,HT1,Yes
Rogan_charlie,571,0,PNl,Hey Mr <HT1> this is Officer <PN1> again
Rogan_charlie,572,0,HT1,Yes
Rogan_charlie,573,0,PNl,I called that number <num> OK
Rogan_charlie,574,0,HT1,Yes
Rogan_charlie,575,0,PNl,Theres no answer there
Rogan_charlie,576,0,HT1,No answer
Rogan_charlie,577,0,PNl,No
Rogan_charlie,578,0,HT1,[heavy_sigh]
Rogan_charlie,579,0,PNl,OK do you have <ON1> s phone number <ON1> s phone number
Rogan_charlie,580,0,HT1,Shes comin around to try to see you
Rogan_charlie,581,0,PN1,Shes comin around to try and see me
Rogan_charlie,582,0,HT1,Yah all you have to do is ask who <ON1> is
Rogan_charlie,583,0,PN1,OK
Rogan_charlie,584,0,HT1,Hey Officer <PN1>
Rogan_charlie,585,0,PN1,Yah Im listening
Rogan_charlie,586,0,HT1,Do you want me to stand in front of the balcony
Rogan_charlie,587,0,PN1,Do you want to come out on the balcony
Rogan_charlie,588,0,HT1,Yah
Rogan_charlie,589,0,PN1,OK uh
Rogan_charlie,590,0,HT1,That way you can get <ON1> right
Rogan_charlie,591,0,PNl,OK Ill Ill look Ill come out from where I am and see if I can see you from the balcony
Rogan_charlie,592,0,HT1,Alright
Rogan_charlie,593,0,PN1,Where are you in reference to uh <road_name> and <other_road_name> are you at the top of the hill
Rogan_charlie,594,0,HT1,Man I dont know nottin about these streets or nothin
Rogan_charlie,595,1,PN1,OK you come out on the balcony till you to to uh but I want you to hold up uh I dont want you to go out on the balcony until I tell you its OK OK Because I dont want you getting hurt out there OK Im gonna let those guys thats out on the street know that youre going out on the balcony OK You understand what Im saying
Rogan_charlie,596,0,HT1,Yah
Rogan_charlie,597,1,PN1,Now I dont want you to move yet Ill Ill let you know OK When to go out on the balcony so nobody shoots at you or anything I want to be safe OK
Rogan_charlie,598,0,HT1,Right
Rogan_charlie,599,0,PN1,Then Ill come out and try to meet <ON1>
Rogan_charlie,600,0,HT1,Right
Rogan_charlie,601,0,PN1,OK
Rogan_charlie,602,0,HT1,Right
Rogan_charlie,603,0,PN1,So I want you to stay where until I let you know to go out Just hold on the phone Dont make no moves Stay where you are OK
Rogan_charlie,604,0,HT1,OK [pause]
Rogan_charlie,605,0,PN1,Mr <HT1>
Rogan_charlie,606,0,HTI,Yah
Rogan_charlie,607,5,PNI,What about that gun What are we gonna do about that brother
Rogan_charlie,608,0,HT1,Oh man I dont know what
Rogan_charlie,609,1,PNI,OK I want you to leave it inside OK I if you want if you wanna throw it down off the balcony fine OK But if you want to leave it in the house thats fine I would appreciate it you know you gotta trust me try to throw that thing off the balcony But I dont want you to do anything yet I want you to sit where you are until its safe OK Til I know that nobody will take these guys are all ready that know you are coming out OK Is this now let me ask you a question
Rogan_charlie,610,0,HTI,What
Rogan_charlie,611,0,PN1,Your balcony does it face the street or does it face the parking lot
Rogan_charlie,612,0,HT1,It faces the street
Rogan_charlie,613,0,PNI,It faces <other_road_name>
Rogan_charlie,614,0,HT1,Yah
Rogan_charlie,615,0,PN1,OK it faces <other_road_name>
Rogan_charlie,616,0,HT1,I tell you what why dont you all get my wife
Rogan_charlie,617,0,PN1,OK um I tried to theyre working on it now Thats why I asked for <ON1> s phone number to see if she knew where she she could be reached [pause]
Rogan_charlie,618,0,HT1,Alright well look
Rogan_charlie,619,0,PN1,OK hold on a second
Rogan_charlie,620,0,HT1,You can call me back hear
Rogan_charlie,621,0,PN1,Huh
Rogan_charlie,622,0,HTl,Call me back
Rogan_charlie,623,0,PNI,OK alright Theyre gonna let me know [to_someone_else] Find out if the streets are OK that he can walk out on that balcony [back_to_Mr_<HT1>] I dont wanna hang up on you now because I want you to make sure that [call_waiting_goes_off] Hello Hello
Rogan_charlie,624,0,HT1,Hold on [long_pause]
Rogan_charlie,625,0,PN1,Mr <HT1> are you with me again
Rogan_charlie,626,0,HTl,Yah
Rogan_charlie,627,0,PNI,Ok <ON1> just come up to a policeman OK Theyre gonna bring her down here to me OK
Rogan_charlie,628,0,HT1,Right
Rogan_charlie,629,0,PNI,OK and then Ill let you talk to her
Rogan_charlie,630,0,HT1,But I want my wife
Rogan_charlie,631,0,PN1,Yah I know you want your wife and Im gonna try and see if we can get a phone number from <ON1> to find out where your wife is
Rogan_charlie,632,0,HT1,Yah
Rogan_charlie,633,0,PN1,You understand what Im saying
Rogan_charlie,634,0,HT1,Yah
Rogan_charlie,635,0,PNI,OK I want you to stay inside I dont want you to go outside OK
Rogan_charlie,636,0,HT1,Alright
Rogan_charlie,637,0,PN1,I dont want you to go on the balcony or anything I want you to stay inside until you hear from me
Rogan_charlie,638,0,HTl,Alright
Rogan_charlie,639,0,PNl,OK
Rogan_charlie,640,0,HT1,Alright
Rogan_charlie,641,0,PNl,Alright [both_hang_up]
Rogan_charlie,642,0,HT1,Yes
Rogan_charlie,643,0,PN1,Mr <HT1> this is Officer <PN1> again
Rogan_charlie,644,0,HT1,Yah
Rogan_charlie,645,0,PNI,Im gonna let you talk to <ON1> OK Shes here right now Shes sitting right here with me alright
Rogan_charlie,646,0,HT1,Yah
Rogan_charlie,647,0,PN1,Alright Yah hold on
Rogan_charlie,648,0,ON1,<HT1>
Rogan_charlie,649,0,HT1,Yah
Rogan_charlie,650,0,ON1,Im here with the officers OK
Rogan_charlie,651,0,HT1,Yah
Rogan_charlie,652,0,ON1,OK were gonna do what they we should do right
Rogan_charlie,653,0,HT1,But <ON1>
Rogan_charlie,654,3,ON1,Its no but anything <HT1> Its no but anything Its not worth it Im with you all the way Its nothing they gonna do Aint nobody gonna shoot you Throw the gun off the balcony
Rogan_charlie,655,0,HT1,[starts_to_cry]
Rogan_charlie,656,1,ON1,What you crying for <HT1> Im with you Theres nobody with you you can depend on <ON1> now why you wanna hurt me
Rogan_charlie,657,0,HT1,Im not gonna hurt you but I <Wife_First_Name> gotta substantiate my my my story You have to find find <Wife_First_Name>
Rogan_charlie,658,1,ON1,OK theyre getting <Wife_First_Name> <Wife_First_Name> will be at the precinct when you get there and also with me Right now shes too terrified because you have the kids
Rogan_charlie,659,0,HT1,I want her here Why wont they bring her
Rogan_charlie,660,4,ON1,<HT1> shes upset shes terrified <HT1> Didnt we talk it over Now your changing your mind
Rogan_charlie,661,0,HTl,Did she tell you the truth about what them cops did to me
Rogan_charlie,662,0,ONl,I dont know baby
Rogan_charlie,663,0,HT1,Officer <PN1> there
Rogan_charlie,664,0,ON1,I dont know
Rogan_charlie,665,0,HT1,Officer <PN1>
Rogan_charlie,666,0,ON1,<HT1>
Rogan_charlie,667,0,HT1,Call Officer <PN1>
Rogan_charlie,668,0,ON1,Huh
Rogan_charlie,669,0,HT1,Officer <PN1>
Rogan_charlie,670,0,ON1,<HT1>
Rogan_charlie,671,0,HT1,What
Rogan_charlie,672,1,ON1,This is <ON1> <HT1> You want your children to grow up and see things like this these things happen You got people police all over the place for nothing <HT1>
Rogan_charlie,673,0,HT1,What you mean for nothing
Rogan_charlie,674,0,ON1,<HT1>
Rogan_charlie,675,0,HT1,Everybodys sticking with me right All I did was try and get out of this dumb stuff and I keep trying to tell them but nobody believe me
Rogan_charlie,676,1,ON1,I believe you <HT1> Thats why I am here to help you I believe you I believe you If anything anything that you need Im with you I told you that before I left the house You see I went down to the police Im here to talk to you Im right in front of the president Officer <PN1> its almost 300 you said it would be over lets work with it Get it over with
Rogan_charlie,677,0,HT1,<ON1>
Rogan_charlie,678,0,ON1,I be I be in a police car right behind the police thats gonna escort you to the precinct
Rogan_charlie,679,0,HT1,<ON1> you know what Officer Lindsay right
Rogan_charlie,680,0,ON1,Uh uh
Rogan_charlie,681,0,HT1,<Wife_First_Name> said he pulled a gun out right
Rogan_charlie,682,0,ON1,Mhm hmm
Rogan_charlie,683,0,HT1,And he told me to work woth him right
Rogan_charlie,684,0,ON1,Mhm hmm
Rogan_charlie,685,0,HT1,For me to telling on some people right
Rogan_charlie,686,0,ONl,Mhm hmm
Rogan_charlie,687,0,HT1,But I tried to tell <Wife_First_Name> she should have told me about that guy right
Rogan_charlie,688,0,ON1,Wait a minute wait a minute You tell the police that when we get there Hes gonna meet us at <other_road_name> Hes gonna take me to <other_road_name> Place Then Officer <PN1> is gonna go to <other_road_name> Place
Rogan_charlie,689,0,HT1,Why cant talk to <Wife_First_Name>
Rogan_charlie,690,0,ON1,I uh shes coming man
Rogan_charlie,691,3,HT1,Bring <Wife_First_Name> and Ill come out
Rogan_charlie,692,1,ON1,Is it gonna be like Are you gonna take it the hard way Im trying to take it the easy way
Rogan_charlie,693,0,HT1,Thats the hard way to bring <Wife_First_Name>
Rogan_charlie,694,0,ON1,Yes
Rogan_charlie,695,0,HT1,Why
Rogan_charlie,696,0,ONI,Because shes nowhere to be found We cannot find her
Rogan_charlie,697,0,HT1,You just said they had her
Rogan_charlie,698,0,ON1,We cannot find her <HT1> Whatll you do for <ON1> <ON1> is with you <HT1> <Wife_First_Name> s not here Im here Whats you gonna do baby We talked about it last week
Rogan_charlie,699,0,HT1,You said she would testify right
Rogan_charlie,700,0,ON1,We talked about it last week
Rogan_charlie,701,0,HT1,Why you telling me that story for <ON1>
Rogan_charlie,702,0,ON1,We talked about it last week
Rogan_charlie,703,0,HT1,Im just saying if she hadnt told me a story
Rogan_charlie,704,0,ON1,She probably is upset <HT1> because the fact the kids is there man
Rogan_charlie,705,0,HT1,All Im trying to tell you is why did she why you all she tell so many different stories
Rogan_charlie,706,1,ON1,Its not a story <HT1> What Im saying is she is nowhere to be found right now Now she probably knows this thing is going on and shes probably know you know too upset to come or frightened like you are
Rogan_charlie,707,0,HT1,They know where she at why dont they go get her
Rogan_charlie,708,0,ON1,Look
Rogan_charlie,709,0,HT1,What
Rogan_charlie,710,0,ONl,Are you coming
Rogan_charlie,711,0,HT1,Bring <Wife_First_Name>
Rogan_charlie,712,0,ON1,Oh oh its bring <Wife_First_Name> now right
Rogan_charlie,713,0,HT1,Yah
Rogan_charlie,714,0,ON1,I came over on my door
Rogan_charlie,715,0,HTI,
Rogan_charlie,716,0,ON1,Had the police bring me down here to Officer <PN1> as you asked me to
Rogan_charlie,717,0,HTl,<ON1>
Rogan_charlie,718,3,ON1,Now Officer <PN1> getting ready to bring me to you to do as you as we planned to do to drop the gun off the balcony let the kids out the door and you come on out And Im coming to the precinct with you Wherever <Wife_First_Name> your Momma and <Male_Name> and everyone else is at
Rogan_charlie,719,0,HTl,[sobbing_out_loud]
Rogan_charlie,720,1,ON1,Im going with you I got money Im going with you Now whatcha gonna do
Rogan_charlie,721,0,HT1,<ON1> Where am I gonna stay when I get out
Rogan_charlie,722,0,ON1,With me with me
Rogan_charlie,723,0,HT1,<ON1> somebodys got to help me <ON1>
Rogan_charlie,724,5,ON1,Im helping you <HT1> Im helping you I love you I love you <ON1> loves you <HT1>
Rogan_charlie,725,0,HT1,<ON1> I tried to tell you I wasnt like that
Rogan_charlie,726,1,ON1,I know youre not like this <HT1> What are you gonna do We [rented] the programs before 300 before the kids come out We dont want the kids get hurt you know be frightened and stuff Stand around showing a big thing for nothing and its not even worth it Lets go on with that program <HT1> Now Im with you Officer <PN1> is going to bring me to you Will you please do that for me
Rogan_charlie,727,0,HT1,I do it I do it [crying]
Rogan_charlie,728,3,ON1,Please do it for me
Rogan_charlie,729,0,HT1,I dont wanna go in jail They gonna get me <ON1> They gonna get me
Rogan_charlie,730,1,ON1,I got money I got money to pay your way out of there
Rogan_charlie,731,0,HTl,They gonna put me in there forever
Rogan_charlie,732,0,ON1,I get you back baby
Rogan_charlie,733,0,HT1,<ON1>
Rogan_charlie,734,3,ON1,<HT1> please come on <HT1> Its not worth it <HT1>
Rogan_charlie,735,0,HT1,Theyre gonna get me in there <ON1> And Im telling you the truth <ON1> Im theyre gonna get me <ON1>
Rogan_charlie,736,0,ON1,OK listen to this Listen to this
Rogan_charlie,737,0,HT1,Yah
Rogan_charlie,738,1,ON1,How would you feel if you lost your son and you had guests coming home and they cant get you this [lady] house You know they just lost a son down the street two apartments down from How do you think she feels Shes gonna be terrified Im upset Im so upset I cant even cry
Rogan_charlie,739,0,HT1,But I dont und I didnt mean to
Rogan_charlie,740,3,ON1,I know it <HT1> So you ready Im on my way you ready
Rogan_charlie,741,0,HT1,Why she keep messin with everybody
Rogan_charlie,742,3,ON1,Are you ready with me
Rogan_charlie,743,0,HT1,I just do the wrong things all of the time
Rogan_charlie,744,3,ON1,Are you ready
Rogan_charlie,745,0,HT1,Tell them they better stop messing with these things
Rogan_charlie,746,3,ON1,OK are you ready to go along with our program
Rogan_charlie,747,0,HT1,<ON1>
Rogan_charlie,748,0,ON1,Sgt <PN1> s coming
Rogan_charlie,749,3,HT1,Bring <Wife_First_Name> you hear Can you do that for me
Rogan_charlie,750,0,ON1,I cant find her <HT1>
Rogan_charlie,751,0,HT1,Where put Officer <PN1> on
Rogan_charlie,752,0,ON1,Yes
Rogan_charlie,753,0,HT1,Put Officer <PN1> on
Rogan_charlie,754,0,ON1,OK wait a minute [pause] He wanna talk to you OK [pause]
Rogan_charlie,755,0,PN1,Hello <HT1>
Rogan_charlie,756,0,HT1,Yah
Rogan_charlie,757,0,PN1,This is <PN1>
Rogan_charlie,758,0,HT1,Wheres my wife
Rogan_charlie,759,0,PN1,I told you uh I Im only calling the numbers youre giving me OK Why the number you gave me <num> which is <Friends_Name> s
Rogan_charlie,760,0,HT1,Shes the one who called the cops and made everybody come here
Rogan_charlie,761,0,PN1,I dont know who called the cops
Rogan_charlie,762,0,HT1,Im telling you its the chief deputy ah ah ah
Rogan_charlie,763,0,PNl,Yah
Rogan_charlie,764,0,HT1,He said my wife called
Rogan_charlie,765,0,PN1,That he he called Did he tell you that
Rogan_charlie,766,0,HT1,Yah
Rogan_charlie,767,0,PNl,W ell I dont know you know
Rogan_charlie,768,0,HT1,Then how come you cant find my wife
Rogan_charlie,769,3,PN1,I have no idea Im being you know Im being straight with you I dont know I sent I sent a car to your house on <address> there was nobody there I called <Friends_Name> s house theres nobody at that number <ON1> called and talked to you says says she wants to get you out with the kids right Shes sitting here shes sitting here with me right next to me OK She said you you want to come out and make everything go down nice and easy and try and get you a new start right <Sgts_Last_Name> is supposed to be on the way from court hes gonna meet us at 7D OK When they find when they find your wife Ill them bring her to 7D But I right now I dont know where your wife is [pause]
Rogan_charlie,770,0,HT1,She should have ger right
Rogan_charlie,771,0,PN1,Excuse me
Rogan_charlie,772,0,HT1,Should have I wanna know why they cant find her
Rogan_charlie,773,0,PN1,I have no idea you know Theyre looking thats all I can tell ya I dont know where she is You told me yourself that she runs around all the time You know she might not be home now but shell come back Shes gonna shes gonna come back there And Ill just theyll just have a guy out in front of the house waiting for her to come back if she comes back there
Rogan_charlie,774,0,HT1,Yah
Rogan_charlie,775,0,PNl,OK
Rogan_charlie,776,0,HT1,Uh huh
Rogan_charlie,777,3,PN1,So what do you think What are we gonna do Lets get on with the the program like <ON1> says OK
Rogan_charlie,778,0,HT1,Well I want to know where my wifes at
Rogan_charlie,779,1,PNI,Yah but I dont you know you know like <ON1> says theres alot of kids gonna be coming out of that school
Rogan_charlie,780,0,HT1,We cant wait for my wife
Rogan_charlie,781,1,PN1,Yah we can just sit and wait and wait and wait I dont know when shell be home though [pause] You know the longer you wait the longer its gonna you know take to get you down to court You wanna go to court today right
Rogan_charlie,782,0,HT1,Huh
Rogan_charlie,783,0,PNI,Youre gonna have to go to 7th District today OK
Rogan_charlie,784,0,HT1,Yah
Rogan_charlie,785,1,PNI,Thats your best shot today The longer you we can sit and wait if you wanna sit and wait and wait and wait and wait
Rogan_charlie,786,0,HT1,Yah I wanna wait for my wife
Rogan_charlie,787,0,PNl,Yah but ah ah ah I dont know how long its gonna be
Rogan_charlie,788,0,HT1,I dont either
Rogan_charlie,789,0,PNI,Now you say youre at your cousins house right
Rogan_charlie,790,0,HT1,Yah
Rogan_charlie,791,0,PN1,Where is he do you know
Rogan_charlie,792,0,HT1,I dont know where my cousins at He dont have anything to do with nothing
Rogan_charlie,793,0,PN1,Yah I know
Rogan_charlie,794,0,HT1,I pushed him out of the house I told him to get out
Rogan_charlie,795,0,PNl,You pushed him out of his house
Rogan_charlie,796,0,HT1,No I I just told him to go ahead because I didnt want him to get involved
Rogan_charlie,797,0,PNI,Yah OK Maybe he called
Rogan_charlie,798,0,HT1,Huh
Rogan_charlie,799,0,PN1,Maybe he called <name>
Rogan_charlie,800,0,HT1,Who called <name>
Rogan_charlie,801,0,PN1,Your cousin
Rogan_charlie,802,0,HT1,Did he
Rogan_charlie,803,0,PN1,Maybe Im not saying you know maybe he did
Rogan_charlie,804,0,HT1,No My wife did
Rogan_charlie,805,0,PNl,Yah I dont know who called OK They just called us on the phone and we just came thats all
Rogan_charlie,806,0,HTI,Where is she
Rogan_charlie,807,0,PNl,I have no idea where she is
Rogan_charlie,808,0,HTI,What would happen to my children if I came out now
Rogan_charlie,809,0,PNl,Whats gonna happen to your children if you come out right now
Rogan_charlie,810,0,HT1,Yah
Rogan_charlie,811,0,PN1,Ill give them to <ON1>
Rogan_charlie,812,0,HTI,Oh man
Rogan_charlie,813,0,PN1,And shell take care of them
Rogan_charlie,814,0,HT1,Oh boy [pause]
Rogan_charlie,815,0,PN1,Well you trust <ON1>
Rogan_charlie,816,0,HTI,Yah I trust <ON1>
Rogan_charlie,817,0,PN1,Thats what Im saying you know you dont want you said [call_waiting_goes_off] Hello
Rogan_charlie,818,0,HTI,Yah
Rogan_charlie,819,0,PN1,You said you didnt want your wife to get ahold of your kids right right now
Rogan_charlie,820,0,HTI,Where is she
Rogan_charlie,821,1,PN1,Well <ON1> will take care of your kids until you and your wife make a decision on what you wannna do
Rogan_charlie,822,0,HT1,But Officer <PN1>
Rogan_charlie,823,0,PN1,Yah
Rogan_charlie,824,0,HTI,If you were in the same situation what can I do man
Rogan_charlie,825,1,PNl,Well I you know youre asking me for advice Im gonna ask you to come out Im trying to get yourself all straight Right now youre in a situation you cant start getting yourself straight until you come out [pause] Like I said there other places than Washington to live You can always go some place else You dont have to stay in a city worrying about your back all the time
Rogan_charlie,826,0,HT1,Yah but they got me screwed up now dont they
Rogan_charlie,827,0,PNl,Thats what Im saying yah
Rogan_charlie,828,0,HT1,Like Im a The thing is I just tried to tell em Oh man [call_waiting_goes_off] Thats my line
Rogan_charlie,829,0,PN1,Uh it might be yah
Rogan_charlie,830,0,HT1,Hold on a minute
Rogan_charlie,831,0,PNl,OK [pause]
Rogan_charlie,832,0,HT1,Yes
Rogan_charlie,833,0,PNl,Yah who was that
Rogan_charlie,834,0,HT1,Somebody calling for my cousin
Rogan_charlie,835,0,PNl,Oh OK Somebodys calling for your cousin
Rogan_charlie,836,0,HT1,Yah [to_the_kids] Come over here Come over here baby Come here baby Dont you want me
Rogan_charlie,837,0,1_CHILD,No
Rogan_charlie,838,0,HT1,Huh
Rogan_charlie,839,0,1_CHILD,No
Rogan_charlie,840,0,HT1,Dont you love me [child_asks_something]
Rogan_charlie,841,0,HT1,Dont you say that you hear
Rogan_charlie,842,0,PN1,OK
Rogan_charlie,843,0,HT1,Huh
Rogan_charlie,844,0,PN1,What are we gonna do Come on are we gonna go on with yours and <ON1> s program
Rogan_charlie,845,0,HT1,I want my wife
Rogan_charlie,846,0,PNl,Yah I understand that Well you know I could get you down to 7D and if shes down there she can meet you down there [pause] If shes down there already
Rogan_charlie,847,0,HT1,I think she aint gonna tell the truth though
Rogan_charlie,848,0,PNl,Well you know thats why we gotta we gotta get together with her and you and work everything out But right now the situation we are in we cant work anything out You understand what Im saying [pause]
Rogan_charlie,849,0,HT1,Well how come my wife aint coming
Rogan_charlie,850,0,PN1,I I I right now I cant tell you where your wife is I dont know
Rogan_charlie,851,0,HT1,[to_the_kids] Gotta go to the bathroom Then go Huh Oh boy
Rogan_charlie,852,3,PNl,Ok I tell you what why dont you go to the balcony throw the gun off pick the kids up walk out of the house with the kids and well take you and <ON1> and the kids down to the 7th District Hows that
Rogan_charlie,853,0,HT1,Yah
Rogan_charlie,854,0,PN1,Hows that
Rogan_charlie,855,0,HT1,Oh man oh man
Rogan_charlie,856,3,PN1,Ill Ill get in the car with <ON1> and Ill stop at <road> and <other_road> yell up to you you walk out on the balcony throw the gun off turn around go back in the house pick up the kids and come down the stairs
Rogan_charlie,857,0,HT1,Whew
Rogan_charlie,858,1,PN1,Thats your best shot right now OK Thats thats gonna be a step in the right direction Alright
Rogan_charlie,859,0,HT1,Im in trouble with this gun too right
Rogan_charlie,860,0,PN1,Nope But forget about that right now OK forget about that right now First of all we want to get you straightened out Understand what Im saying
Rogan_charlie,861,0,HT1,Yah
Rogan_charlie,862,0,PN1,OK [pause]
Rogan_charlie,863,0,HT1,Oh man oh man
Rogan_charlie,864,0,PNl,OK What do you say Mr <HT1> Should we bring <ON1> up there [long_pause]
Rogan_charlie,865,0,HT1,Oh man
Rogan_charlie,866,0,PN1,Come on man take the right step
Rogan_charlie,867,0,HT1,Can we wait a while and see if my wife comes there
Rogan_charlie,868,1,PNl,Yah but if shes down in the 7th District shes not gonna come up here Like like <ON1> said shes afraid right now
Rogan_charlie,869,0,HT1,She aint gonna tell the truth
Rogan_charlie,870,3,PN1,Well if we can get <ON1> <ON1> s gonna be there if your wife is down there probably <News_Reporters_Name> might be down there by the time we get there OK You can tell him your story at 7D too Hows that
Rogan_charlie,871,0,HT1,Oh man
Rogan_charlie,872,1,PNl,You know weve been rapping a while and I I hope you can trust me like you know Im Im not giving you any um bad scoop Im telling you whats going on right
Rogan_charlie,873,0,HT1,Yah
Rogan_charlie,874,4,PN1,Well like you said before you think I was Ive been pretty straight with you OK
Rogan_charlie,875,0,HT1,Yah youve been straight with me
Rogan_charlie,876,0,PN1,OK [pause] OK Sgt <Last_Name> is still responding over here OK And we can have him meet us at 7D also [pause] OK Mr <HT1>
Rogan_charlie,877,0,HT1,Yah
Rogan_charlie,878,0,PNI,OK I just heard over the radio they still havent found your wife OK
Rogan_charlie,879,0,HTl,Yah
Rogan_charlie,880,0,PN1,They still they gotta a guy right out in front of the house waiting for her to come home amd they dont know theyre gonna where else to look [pause]
Rogan_charlie,881,0,HT1,Well I I definitely want to look for her
Rogan_charlie,882,0,PN1,Ok Hold on a second
Rogan_charlie,883,0,HT1,OK
Rogan_charlie,884,0,ONl,<HT1>
Rogan_charlie,885,0,HT1,Huh
Rogan_charlie,886,0,ON1,Um who we gone to get this straightened out
Rogan_charlie,887,0,HT1,<ON1>
Rogan_charlie,888,1,ON1,OK we cant do nothing with you in the house man Lets get it while its daybreak where everybody all the business offices are open Whoever you gotta contact They gonna get it straightened out and get yourself discharge As long as you stay in there you wait any longer you wont be able to get contact with nobody What more do you need You cant find your wife <HT1> Im with you You asked me to do this I did it for you All those come to my house put took my son to my mothers house and come to help you Im with you So lets come on its not even worth it baby We cant find <Wife_First_Name> Lets demolish her for right now You asked my to do it I did it Now you gonna do what we talked about And lets go down to the 7th District to get it straightened out Im gonna be in the squad car with the police Im going all the way with you Im not gonna let you go It cant be no worse than you probably think it is And its probably not what you think it is
Rogan_charlie,889,0,HT1,
Rogan_charlie,890,0,ON1,Im doing this for you
Rogan_charlie,891,0,HT1,Why
Rogan_charlie,892,5,ON1,Because I care for you <HT1>
Rogan_charlie,893,0,HTl,Yah Im not a bad person
Rogan_charlie,894,0,ON1,I know it I know I be joking with ya when when we talked about this last week
Rogan_charlie,895,0,HT1,Yah
Rogan_charlie,896,5,ON1,I was just joking with you You know you know I only try to get into family things But if I can help somebody Ive been in trouble before Ive been in jail before I know how you feel but as long as you put it on hold you cant get nothing accomplished Nothing Ive been to jail for nine months in jail And you cant do nothing standing still
Rogan_charlie,897,0,HT1,Oh man oh man I gotta go to jail
Rogan_charlie,898,1,ON1,Im going with you And if you need money to get you out Im gonna pay for it I got 200 in my pocket right now
Rogan_charlie,899,0,HT1,Thats about what I got
Rogan_charlie,900,3,ON1,Thats 400 We should spin the wheel As long as you dont harm the children no gun shots will be shot everything is fine Come on out get it over with So lets boogie
Rogan_charlie,901,0,HT1,<ON1> <ON1> I just dont want to
Rogan_charlie,902,1,ON1,No we gonna no <HT1> we gonna take you to so we can get this thing straightened out man Come on man Whys you going through all this Your mother dont have to come all the way from Philly and for nothing Im with you I got the money You asked me to come down here I want you and the two kids along with me and Officer <PN1> Im going to the precinct with you Im going with you And nobody said they was going with you but me And Ive done everything youve asked me to do And Im going with you Right now
Rogan_charlie,903,0,HT1,Yah
Rogan_charlie,904,3,ONl,We aint gonna take no more minutes Ill be up there in exactly five minutes No no more than ten minutes We gonna do it right now and get it over with Come on
Rogan_charlie,905,0,HT1,Yah
Rogan_charlie,906,0,ON1,OK
Rogan_charlie,907,0,HT1,Yah
Rogan_charlie,908,3,ON1,Youll throw the gun off the balcony
Rogan_charlie,909,0,HT1,Yah
Rogan_charlie,910,0,ON1,OK Im with you Alright
Rogan_charlie,911,0,HT1,Yah
Rogan_charlie,912,0,ON1,Put your kids coats on right now while were talking
Rogan_charlie,913,0,HT1,Oh man Im scared of these cops now
Rogan_charlie,914,0,ON1,Put your coat on put the kids coat on while Im talking to ya Go ahead
Rogan_charlie,915,0,HT1,Oh man
Rogan_charlie,916,0,ON1,Get there coats and put them on And Im coming up there with Officer <PN1> [pause] So come on put their coats on
Rogan_charlie,917,0,HT1,Yah
Rogan_charlie,918,0,ON1,Go ahead <HT1>
Rogan_charlie,919,0,HT1,Oh no I dont wanna go to that place
Rogan_charlie,920,0,ON1,Im going with ya
Rogan_charlie,921,0,HT1,Oh baby I dont wanna go to that place
Rogan_charlie,922,1,ON1,Im going with ya Im going with ya If a woman can do it a man can do it too I did it You can do it My mother stuck with me and Im sticking with you You asked me and Im doing it Im asking you now what you gonna do for me Money I got it 200 cash money I got it
Rogan_charlie,923,0,HT1,But
Rogan_charlie,924,0,ON1,What
Rogan_charlie,925,0,HT1,<Wife_First_Name> aint gonna find me
Rogan_charlie,926,0,ON1,When they find <Wife_First_Name> theyre gonna bring her to the precinct Theres no ands ifs about it theyre gonna bring her to the precinct
Rogan_charlie,927,0,HT1,Hey <ON1> you know what
Rogan_charlie,928,0,ON1,What <HT1>
Rogan_charlie,929,0,HT1,Somebody you know
Rogan_charlie,930,0,ONl,<HT1> <HT1> can I ask you one question I want you to be honest to <ON1> Can I ask you one question
Rogan_charlie,931,0,HT1,Yah
Rogan_charlie,932,0,ON1,How you feel about this whole thing I mean just tell me how you feel about it Is it worth what youre doing
Rogan_charlie,933,0,HT1,Um
Rogan_charlie,934,1,ON1,Is it worth it to take the kids Is it worth it to your mother
Rogan_charlie,935,0,HT1,NO Im just scared
Rogan_charlie,936,0,ON1,Well hey let it go Lock <names> house up put the kids coat on
Rogan_charlie,937,0,HT1,Im just scared
Rogan_charlie,938,3,ON1,Im coming Scared of what They aint gonna do nothing to you more than you let them do to you Theyre not doing nothing for you They not going to to do anything to you Just come on out Im going with you Now come on We we wasted time Now we everybodys gonna talk to you Now you what you asked for you got it Now what more do you want
Rogan_charlie,939,0,HT1,Yah
Rogan_charlie,940,1,ON1,What more do you want Were in somebody elses house holding up there phone Come on <HT1> lets get with it man [pause] Lets get with it What you gonna do
Rogan_charlie,941,0,HTl,Theyre gonna give me a lot of time
Rogan_charlie,942,6,ON1,Theyre not gonna give you nothing Theyre not gonna give you nothing They gonna take you down there and see you know whats the problem and see what you know where they can help you or something like that You havent killed nobody You havent robbed anybody
Rogan_charlie,943,0,HT1,No
Rogan_charlie,944,6,ON1,You havent stole anything
Rogan_charlie,945,0,HT1,No
Rogan_charlie,946,3,ONI,You got the kids and yourself locked in with a gun And all you have to do is throw out the gun and lets go to the precinct And get yourself some help
Rogan_charlie,947,0,HT1,Yah
Rogan_charlie,948,5,ON1,<HT1> you got everybody out here helping you
Rogan_charlie,949,0,HT1,Yah
Rogan_charlie,950,0,ON1,What more help do you need
Rogan_charlie,951,0,HT1,Yah
Rogan_charlie,952,0,ON1,Put the kids coats on and come on
Rogan_charlie,953,0,HT1,Huh
Rogan_charlie,954,0,ON1,Put the kids coats on Ill be up there in 15 minutes
Rogan_charlie,955,0,HT1,Yah
Rogan_charlie,956,0,ON1,Are you gonna do that for <ON1>
Rogan_charlie,957,0,HT1,Yah <ON1>
Rogan_charlie,958,1,ON1,Because if you dont do it for me <HT1> in fifteen minutes Im not gonna say Im gonna give up on you but Im gonna be upset
Rogan_charlie,959,0,HT1,Yah
Rogan_charlie,960,1,ONl,Im gonna be Im gonna be hurt Im gonna be totally hurt
Rogan_charlie,961,0,HT1,Yah
Rogan_charlie,962,1,ON1,Im not gonna give up on you Im gonna stand up to the grave Im gonna be a woman can you be a man
Rogan_charlie,963,0,HT1,Im a man
Rogan_charlie,964,0,ON1,OK lets go with it Officer <PN1> is gonna talk to you tell you the procedures and Ill be right by his side
Rogan_charlie,965,0,HT1,Yah
Rogan_charlie,966,0,ON1,OK
Rogan_charlie,967,0,HT1,Uh huh
Rogan_charlie,968,0,ON1,Alright put the kids coat on heres Officer <PN1>
Rogan_charlie,969,0,HT1,Yah
Rogan_charlie,970,0,PN1,OK <HT1>
Rogan_charlie,971,0,HT1,Yah
Rogan_charlie,972,0,PN1,OK Im gonna take <ON1> and put her in the scout car with me OK
Rogan_charlie,973,0,HTl,Uh huh
Rogan_charlie,974,0,PN1,Im gonna come up <other_road_name> and <other_road_name> Place Im gonna get out Im gonna take <ON1> on the side of where shes behind the and Im gonna yell out to you OK
Rogan_charlie,975,0,HT1,Alright
Rogan_charlie,976,0,PN1,When I yell out to you then I want you to come out on the balcony and throw the gun off OK
Rogan_charlie,977,0,HT1,Uh huh
Rogan_charlie,978,0,PN1,Then I want you to go back inside the house
Rogan_charlie,979,0,HT1,Uh huh
Rogan_charlie,980,0,PNl,And come out with the kids
Rogan_charlie,981,0,HT1,Uh huh
Rogan_charlie,982,0,PN1,OK
Rogan_charlie,983,0,HT1,How long will it take about
Rogan_charlie,984,0,PN1,Itll take me about by the time you get those kids coats on well be up there OK
Rogan_charlie,985,0,HT1,Alright hold on here
Rogan_charlie,986,0,PNl,OK you get the kids coats on were on the way up there now
Rogan_charlie,987,0,HT1,Alright
Rogan_charlie,988,0,PNl,OK
Rogan_charlie,989,0,HT1,Hold up Hold up
Rogan_charlie,990,0,PN1,Go ahead Im listening to ya
Rogan_charlie,991,0,HT1,<ON1> ready Im telling ya this is hard man
Rogan_charlie,992,0,PN1,OK I know Listen to me Im gonna Im on the way up there right now OK
Rogan_charlie,993,0,HT1,Officer <PN1>
Rogan_charlie,994,0,PN1,Yah me and <ON1> OK
Rogan_charlie,995,0,HT1,Officer <PN1>
Rogan_charlie,996,0,PN1,Yah
Rogan_charlie,997,0,HT1,Im a good guy though
Rogan_charlie,998,5,PN1,I know youre a good guy man I want to see you out there
Rogan_charlie,999,0,HT1,[crying_cant_understand]
Rogan_charlie,1000,0,PN1,Im gonna be with <ON1> Im telling you right now Ill be right next to her
Rogan_charlie,1001,0,HT1,Officer <PN1> can you just try and tell my wife tell her that [starts_crying_again_and_cant_understand_him]
Rogan_charlie,1002,0,PN1,I will Listen <HT1> [call_waiting_goes_off] Im on the way up there right now
Rogan_charlie,1003,0,HT1,OK
Rogan_charlie,1004,0,PNl,OK
Rogan_charlie,1005,0,HT1,Let me get myself together you hear
Rogan_charlie,1006,0,PN1,OK
Rogan_charlie,1007,0,HT1,Give me fifteen minutes
Rogan_charlie,1008,0,PN1,By the time I get up there youll yell out for you OK You should be together enough by then
Rogan_charlie,1009,0,HT1,What time do you have
Rogan_charlie,1010,0,PN1,Huh
Rogan_charlie,1011,0,HT1,What time do you have
Rogan_charlie,1012,0,PNl,Right now
Rogan_charlie,1013,0,HT1,Yah
Rogan_charlie,1014,0,PN1,Its one ten minutes to two Ill be up there by two oclock
Rogan_charlie,1015,0,HT1,OK
Rogan_charlie,1016,0,PNl,OK
Rogan_charlie,1017,0,HT1,Alright
Rogan_charlie,1018,0,PNl,Alright
Rogan_charlie,1020,0,HT1,Yes
Rogan_charlie,1021,0,PN2,Mr <HT1>
Rogan_charlie,1022,0,HT1,Yes
Rogan_charlie,1023,0,PN2,This is <PN2> Im one of <PN1> s friends
Rogan_charlie,1024,0,HT1,Yes
Rogan_charlie,1025,0,PN2,Im an officer too Hes right out front If you look out your window hes to the left of your balcony with <ON1> Theyre waiting for you
Rogan_charlie,1026,0,HT1,Alright
Rogan_charlie,1027,0,PN2,OK
Rogan_charlie,1028,0,HT1,Im almost ready
Rogan_charlie,1029,0,PN2,You already got the kids coats on
Rogan_charlie,1030,0,HT1,No Im almost ready though
Rogan_charlie,1031,0,PN2,Well come on lets
Rogan_charlie,1032,0,HT1,Im almost ready here
Rogan_charlie,1033,0,PN2,OK
Rogan_charlie,1034,0,HT1,OK
Rogan_charlie,1035,0,PN2,OK
Rogan_charlie,1036,0,HT1,Im gonna hang up OK
Rogan_charlie,1037,0,PN2,OK
Rogan_charlie,1039,0,HT1,Yes
Rogan_charlie,1040,0,PN2,Mr <HT1>
Rogan_charlie,1041,0,HT1,Yes
Rogan_charlie,1042,0,PN2,Ah <PN1> says go out to the balcony and throw the gun out right now OK
Rogan_charlie,1043,0,HT1,Can you wait till I get my things together
Rogan_charlie,1044,3,PN2,Why dont you just go ahead and throw the gun out the balcony and come back and get the kids ready OK But just theres no
Rogan_charlie,1045,0,HT1,Huh
Rogan_charlie,1046,0,PN2,Theres nobody gonna hurt you They have no problems <PN1> and <ON1> is waiting out there OK
Rogan_charlie,1047,0,HT1,Yah
Rogan_charlie,1048,1,PN2,She wants to see you OK
Rogan_charlie,1049,0,HTl,Alright
Rogan_charlie,1050,3,PN2,Why dont you go to the balcony and throw the gun out Get rid of that thing [pause] Ill hold on [long_pause] Mr <HT1>
Rogan_charlie,1051,0,HT1,Yah
Rogan_charlie,1052,1,PN2,When you get to the 7th District you can sit down with <ON1> and your wife is on the way all of the 7D is looking for her right now OK So theyre gonna find her within a few minutes because theres too many men out here look to keep her lost for long <PN1> will sit down with you too at 7D OK
Rogan_charlie,1053,0,HT1,Yah
Rogan_charlie,1054,0,PN2,Everything is alright
Rogan_charlie,1055,0,HT1,Yah
Rogan_charlie,1056,0,PN2,Theyre your kids right
Rogan_charlie,1057,0,HT1,Yah
Rogan_charlie,1058,0,PN2,Theres no problem about that
Rogan_charlie,1059,0,HT1,Yah
Rogan_charlie,1060,3,PN2,But you have to get rid of that revolver Just if if you look right out theyre right out to the left by the balcony Just walk out toss the gun out OK Everybodys just right there waitingfor you <PN1> and <ON1> is waiting
Rogan_charlie,1061,0,HT1,Alright I got all my papers and stuff
Rogan_charlie,1062,0,PN2,Got all your papers ready for in court
Rogan_charlie,1063,0,HT1,Yah
Rogan_charlie,1064,5,PN2,OK She she really likes you
Rogan_charlie,1065,0,HT1,Yah
Rogan_charlie,1066,0,PN2,She really does
Rogan_charlie,1067,0,HT1,But mister I didnt do nothing [sobs]
Rogan_charlie,1068,0,PN2,We hey hey Mr <HT1> Theyre your kids you havent done nothing
Rogan_charlie,1069,0,HTl,I just want to get out of this town before they tricked us or made me tell on somebody
Rogan_charlie,1070,0,PN2,OK The courts can help you there too OK
Rogan_charlie,1071,0,HT1,Yah
Rogan_charlie,1072,0,PN2,The marshalls can help you with that you know
Rogan_charlie,1073,0,HT1,The marshalls aint gonna help I need the Federal people
Rogan_charlie,1074,3,PN2,Thats who I mean U S Marshalls They can help you with a new identity if thats what you need Ok What we need to do right now is get rid of that revolver off the balcony OK
Rogan_charlie,1075,0,HT1,Yah I will
Rogan_charlie,1076,3,PN2,Walk out there right now and throw it out OK
Rogan_charlie,1077,0,HT1,Alright I am but I just getting my Bible and all that stuff
Rogan_charlie,1078,0,PN2,Ok were gonna help ya get your Bible together and your papers
Rogan_charlie,1079,0,HT1,Yah
Rogan_charlie,1080,4,PN2,And just go ahead and open the door now and throw the gun because Bibles and guns dont go together
Rogan_charlie,1081,0,HT1,Huh No no
Rogan_charlie,1082,3,PN2,No so get rid of the revolver toss it out Help <ON1> [call_waiting_goes_off]
Rogan_charlie,1083,0,HTI,Huh
Rogan_charlie,1084,1,PN2,Help <ON1> out because shes waiting outside for you Go ahead and do it
Rogan_charlie,1085,0,HT1,All you gotta do is hold on
Rogan_charlie,1086,0,PN2,OK Im holding on
Rogan_charlie,1087,0,HT1,Oh I gotta put my things on
Rogan_charlie,1088,0,PN2,Take ah Can you go to the window <PN1> s gonna try and yell up to ya on the bullhorn OK
Rogan_charlie,1089,0,HT1,Uh huh
Rogan_charlie,1090,0,PN2,He wants to talk to you over a bullhorn OK
Rogan_charlie,1091,0,HT1,Uh huh
Rogan_charlie,1092,0,PN2,He wants to talk to you over a bullhorn himself OK
Rogan_charlie,1093,0,HT1,Uh huh
Rogan_charlie,1094,3,PN2,But go out there get rid of that gun
Rogan_charlie,1095,0,HT1,Jiminey huh
Rogan_charlie,1096,3,PN2,Go out there and toss that revolver its really easy to do OK
Rogan_charlie,1097,0,HT1,Yah
Rogan_charlie,1098,5,PN2,Were all worried about you and the kids OK
Rogan_charlie,1099,0,HT1,Yah
Rogan_charlie,1100,5,PN2,And <ON1> s really worried OK
Rogan_charlie,1101,0,HT1,Yah
Rogan_charlie,1102,5,PN2,Shes worried about you
Rogan_charlie,1103,0,HT1,Yah
Rogan_charlie,1104,3,PN2,So go ahead
Rogan_charlie,1105,0,HT1,I am I am
Rogan_charlie,1106,0,PN2,OK
Rogan_charlie,1107,0,HTI,I am
Rogan_charlie,1108,3,PN2,OK go ahead and do it then
Rogan_charlie,1109,0,HT1,OK
Rogan_charlie,1110,3,PN2,OK go ahead
Rogan_charlie,1111,0,HTI,Alright [long_pause]
Rogan_charlie,1112,0,PN2,OK you there
Rogan_charlie,1113,0,HT1,Yah
Rogan_charlie,1114,3,PN2,OK Go ahead
Rogan_charlie,1115,0,HT1,Alright then my wife just called and hung up
Rogan_charlie,1116,0,PN2,That was your wife that just called and hung up
Rogan_charlie,1117,0,HTI,Yah
Rogan_charlie,1118,0,PN2,She didnt say where she calles from did she
Rogan_charlie,1119,0,HT1,No
Rogan_charlie,1120,3,PN2,OK go ahead and toss the gun out OK We can sit down and talk with you and <ON1> and Officer <PN1> will be right there Well find your wife and talk with her You can talk with her and get this all resolved in a hurry OK Were not in a hurry but we need to get this done OK
Rogan_charlie,1121,0,HTI,Right
Rogan_charlie,1122,5,PN2,Because everybody is worried about you
Rogan_charlie,1123,0,HT1,Yah
Rogan_charlie,1124,0,PN2,OK
Rogan_charlie,1125,0,HT1,Yah
Rogan_charlie,1126,3,PN2,You so go ahead and toss the gun out OK
Rogan_charlie,1127,0,HT1,Alright wait a minute [pause] Alright wait a minute
Rogan_charlie,1128,0,PN2,OK do you you can walk to the balcony and see <ON1> and Officer <PN1> down there
Rogan_charlie,1129,0,HT1,Yah
Rogan_charlie,1130,0,PN2,Can you see them
Rogan_charlie,1131,0,HTI,Wait a minute [long_pause]
Rogan_charlie,1132,0,PN2,Mr <HT1> Mr <HT1> [long_pause] Mr <HT1> [long_pause] Mr <HT1> are you there [pause]
Rogan_charlie,1134,0,HT1,Yes
Rogan_charlie,1135,0,PN2,Mr <HT1>
Rogan_charlie,1136,0,HTI,Yes
Rogan_charlie,1137,0,PN2,They want you to come back out to the balcony and talk to them again
Rogan_charlie,1138,0,HT1,Who is this
Rogan_charlie,1139,0,PN2,This is <Name> <PN1> s friend
Rogan_charlie,1140,0,HT1,Listen I dont have proof of nothing right
Rogan_charlie,1141,0,PN2,Sir
Rogan_charlie,1142,0,HTI,I dont have proof about nothing right about what I have been talking about right
Rogan_charlie,1143,0,PN2,What do you mean proof Arent they arent they standing outside to talk to you
Rogan_charlie,1144,0,HT1,Yah but I want to get something in the newspapers
Rogan_charlie,1145,0,PN2,Why dont you go right outside and talk to <PN1> and <ON1> OK and tell him OK
Rogan_charlie,1146,0,HT1,Why cant I get this to the newspaper station
Rogan_charlie,1147,0,PN2,Give what to the newspaper sir
Rogan_charlie,1148,0,HT1,I got something for them
Rogan_charlie,1149,7,PN2,OK Ill get in touch with my superiors
Rogan_charlie,1150,0,HT1,Yah [to_kids] come here
Rogan_charlie,1151,0,PN2,And then tell them that you want to talk to the newspapers
Rogan_charlie,1152,0,HT1,Yah why dont you do that
Rogan_charlie,1153,0,PN2,OR why dont you go can you talk to <ON1> and <PN1> again outside the balcony
Rogan_charlie,1154,0,HT1,No
Rogan_charlie,1155,0,PN2,You dont want to talk to them again
Rogan_charlie,1156,0,HT1,No because I think they are all gonna get me now
Rogan_charlie,1157,0,PN2,Why would we wanna do that
Rogan_charlie,1158,0,HT1,Because I didnt do what you said
Rogan_charlie,1159,0,PN2,Whats that Throw the gun out
Rogan_charlie,1160,0,HT1,Yah
Rogan_charlie,1161,1,PN2,Were not trying to get anybody Were trying to get everybody out safely OK
Rogan_charlie,1162,0,HT1,Yah
Rogan_charlie,1163,1,PN2,We dont wanna hurt anybody
Rogan_charlie,1164,0,HT1,Yah
Rogan_charlie,1165,1,PN2,Thats not thats not our job OK
Rogan_charlie,1166,0,HT1,Yah
Rogan_charlie,1167,3,PN2,But we would like for you to get rid of your revolver
Rogan_charlie,1168,0,HT1,Why dont you get my wife to talk to the newspaper people
Rogan_charlie,1169,0,PN2,We cant contact your wife
Rogan_charlie,1170,0,HT1,Why
Rogan_charlie,1171,0,PN2,Why
Rogan_charlie,1172,0,HT1,Yah
Rogan_charlie,1173,0,PN2,Were trying to find her We dont know where shes at Yes sir
Rogan_charlie,1174,0,HT1,Yah I dont believe that though
Rogan_charlie,1175,0,PN2,Why would why would I lie to you
Rogan_charlie,1176,0,HT1,I aint saying you lying
Rogan_charlie,1177,0,PN2,OK we we cant find her
Rogan_charlie,1178,0,HT1,Somebody know where shes at
Rogan_charlie,1179,0,PN2,Who Can you tell us so we can try and contact them so we know where she is at
Rogan_charlie,1180,0,HT1,I want her I want my wife to know what she did I want my wife to know that she can come out and let them know what happened
Rogan_charlie,1181,3,PN2,Why dont we all get together at the 7th District so we can have your wife there
Rogan_charlie,1182,0,HT1,Why dont you get her now
Rogan_charlie,1183,0,PN2,We are having a hard time finding her Were out there looking for her right now OK All those detectives from the 7th District have dropped all of their cases to try to find your wife
Rogan_charlie,1184,0,HT1,Find my wife then
Rogan_charlie,1185,0,PN2,Soon as they find her gonna bring her to the 7th District
Rogan_charlie,1186,0,HT1,No bring her over here
Rogan_charlie,1187,0,PN2,I dont know if we can do that
Rogan_charlie,1188,0,HT1,Why
Rogan_charlie,1189,7,PN2,I have to check to my superiors
Rogan_charlie,1190,0,HT1,They dont want to bring her do you
Rogan_charlie,1191,7,PN2,I dont know I have to check with my boss OK
Rogan_charlie,1192,0,HT1,You dont want to bring her do ya
Rogan_charlie,1193,7,PN2,I cant bring anybody Im sitting in this ladys house this apartment talking to you on the phone I have to call my superiors my boss
Rogan_charlie,1194,0,HT1,Let him know I want my wife you hear They said they were gonna bring her bring her OK
Rogan_charlie,1195,7,PN2,Ill let my boss know
Rogan_charlie,1196,0,HT1,OK
Rogan_charlie,1197,0,PN2,Are you gonna go talk to <ON1> back on the balcony
Rogan_charlie,1198,0,HT1,No
Rogan_charlie,1199,5,PN2,Why not She really likes you
Rogan_charlie,1200,0,HT1,You all shot me down out there
Rogan_charlie,1201,0,PN2,We didnt shoot you did we shoot you Huh
Rogan_charlie,1202,0,HT1,No
Rogan_charlie,1203,0,PN2,Well we didnt Were not gonna shoot you We dont wanna hurt you
Rogan_charlie,1204,0,HT1,Why dont you get my wife dont care nothing about her children
Rogan_charlie,1205,1,PN2,Were trying our best to get your wife OK Were trying the best Why would we want to shoot you with the children in there Were more concerned with you and the children right now OK Were looking for your wife theres several number of detectives looking for your wife
Rogan_charlie,1206,0,HT1,You all got a description of her right
Rogan_charlie,1207,0,PN2,Uh yah but you can give it to me to make sure we got it right
Rogan_charlie,1208,0,HT1,52
Rogan_charlie,1209,0,PN2,52
Rogan_charlie,1210,0,HT1,About 135 140 pounds
Rogan_charlie,1211,0,PN2,OK
Rogan_charlie,1212,0,HT1,She has eyes Her mother was Japanese Oriental looking
Rogan_charlie,1213,0,PN2,Oriental looking OK
Rogan_charlie,1214,0,HT1,With a light complexion
Rogan_charlie,1215,0,PN2,OK
Rogan_charlie,1216,0,HT1,<Daughters_Name> <Daughters_Name>
Rogan_charlie,1217,0,PN2,What are you saying Mr <HT1> what are you saying
Rogan_charlie,1218,0,HTl,Im calling my daughter
Rogan_charlie,1219,0,PN2,Hey Mr <HT1>
Rogan_charlie,1220,0,HT1,What
Rogan_charlie,1221,0,PN2,Are the kids alright
Rogan_charlie,1222,0,HT1,Yah cant you hear them
Rogan_charlie,1223,0,PN2,I can hear one crying
Rogan_charlie,1224,0,HT1,Talk <CHILD_NAME>
Rogan_charlie,1225,0,1_CHILD,Hi
Rogan_charlie,1226,0,PN2,Hi are you OK
Rogan_charlie,1227,0,1_CHILD,Yes
Rogan_charlie,1228,0,PN2,Good OK Mr <HT1>
Rogan_charlie,1229,0,HT1,Yah
Rogan_charlie,1230,5,PN2,I believe you are a good father
Rogan_charlie,1231,0,HT1,I am
Rogan_charlie,1232,0,PN2,I believe that
Rogan_charlie,1233,0,HT1,I want you all to get my Get away from the door
Rogan_charlie,1234,0,PN2,Sir
Rogan_charlie,1235,0,HT1,Away from that Tell them to stop it
Rogan_charlie,1236,0,PN2,Stop what sir
Rogan_charlie,1237,0,HT1,I hear them
Rogan_charlie,1238,0,PN2,You hear the police
Rogan_charlie,1239,0,HT1,Yah
Rogan_charlie,1240,0,PN2,OK stand by OK
Rogan_charlie,1241,0,HT1,Tell them to get away
Rogan_charlie,1242,0,PN2,OK hold on
Rogan_charlie,1243,0,HT1,They cant get in fast enough
Rogan_charlie,1244,0,PN2,Hold on Mr <HT1> Nobody is bothering you Hold on
Rogan_charlie,1245,0,HT1,Tell them to get away
Rogan_charlie,1246,0,PN2,OK Just hold on Ill tell them
Rogan_charlie,1247,0,HT1,Please tell them to get my wife
Rogan_charlie,1248,0,PN2,Alright can you hold on a minute
Rogan_charlie,1249,0,HT1,Make you all ma hurt you all
Rogan_charlie,1250,0,PN2,Are you gonna hold on
Rogan_charlie,1251,0,HT1,Yah
Rogan_charlie,1252,0,PN2,OK just one minute
Rogan_charlie,1253,0,HT1,Get my wife
Rogan_charlie,1254,0,PN2,OK [pause] Mr <HT1>
Rogan_charlie,1255,0,HT1,Yah
Rogan_charlie,1256,7,PN2,I notified my boss sir [long_pause] [can_hear_yelling_in_background_Mr_<HT1>_keeps_yelling_GET_MY_WIFE]
