SD_Police,4,0,DISPATCHER,911 emergency
SD_Police,5,0,GRANT,Yeah I suppose you are in front of my house right now
SD_Police,6,0,DISPATCHER,Whats your name sir
SD_Police,7,0,GRANT,Grant
SD_Police,8,0,DISPATCHER,Grant
SD_Police,9,0,GRANT,Yes
SD_Police,10,0,DISPATCHER,Okay Grant Whats the problem there today Whats going on Grant
SD_Police,11,0,GRANT,I dont know I dont really want to talk about anything told me to call you I dont want to hurt anybody else I just
SD_Police,12,0,DISPATCHER,Talk to me Grant
SD_Police,13,0,GRANT,I dont know
SD_Police,14,0,DISPATCHER,Grant my name is Heather Okay
SD_Police,15,0,GRANT,Okay
SD_Police,16,0,DISPATCHER,And Im here to help you okay Nobodys going to hurt you Were just here to help you
SD_Police,17,0,GRANT,
SD_Police,18,0,DISPATCHER,Okay Grant Theres a lot of people outside that care about you and dont want to hurt you Okay
SD_Police,19,0,GRANT,Whos outside
SD_Police,20,0,DISPATCHER,Grant
SD_Police,21,0,GRANT,Whos outside
SD_Police,22,1,DISPATCHER,The police officers are outside But I want Grant I promise you nobody is there to hurt you but can you listen to me for a second
SD_Police,23,0,GRANT,Listening
SD_Police,24,3,DISPATCHER,Okay Can you go to the front door with nothing no guns put your hands up in the air and follow the officers commands
SD_Police,25,0,GRANT,No
SD_Police,26,0,DISPATCHER,Why not
SD_Police,27,0,GRANT,Because
SD_Police,28,0,DISPATCHER,Why
SD_Police,29,0,GRANT,Because I dont need to
SD_Police,30,0,DISPATCHER,Okay where is the gun right now
SD_Police,31,0,GRANT,Its in my hand against my chest
SD_Police,32,1,DISPATCHER,Okay We dont want to hurt you and I dont want you to hurt yourself Okay Grant
SD_Police,33,0,GRANT,Yeah
SD_Police,34,1,DISPATCHER,We want to help you
SD_Police,35,0,GRANT,How are you going to help me
SD_Police,36,1,DISPATCHER,We are going to get you some help
SD_Police,37,0,GRANT,How is that
SD_Police,38,3,DISPATCHER,We have a lot of people that are willing to help you Can you tell us what you need and we will help you Will you please go to the front door without the gun
SD_Police,39,0,GRANT,No
SD_Police,40,0,DISPATCHER,Is there anything that you want Grant
SD_Police,41,0,GRANT,Yeah I want my girlfriend back
SD_Police,42,0,DISPATCHER,Whats the girlfriends name
SD_Police,43,0,GRANT,
SD_Police,44,0,DISPATCHER,Im not sure I just came on duty so Im not sure Did you guys have an argument or something
SD_Police,45,0,GRANT,Yeah a while ago
SD_Police,46,0,DISPATCHER,A while ago How old are you Grant
SD_Police,47,0,GRANT,21 next week
SD_Police,48,5,DISPATCHER,21 thats a good age Thats a great age Is there anybody else inside the house Grant
SD_Police,49,0,GRANT,No Im the only one here I just had my dog he is a Rottweiler He is running around in the backyard He is quite freaking out on whats going on the girl
SD_Police,50,0,DISPATCHER,Okay
SD_Police,51,0,GRANT,I mean he looks at me but hes not
SD_Police,52,0,DISPATCHER,He is not moving
SD_Police,53,0,GRANT,No
SD_Police,54,3,DISPATCHER,Okay Grant but then I keep telling you okay Im here as long as you need to talk just talk to me Tell me whats on your mind And just keep talking and Ill stay here on the phone with you as long as you need me Okay
SD_Police,55,0,GRANT,All right
SD_Police,56,0,DISPATCHER,Grant
SD_Police,57,0,GRANT,Yeah
SD_Police,58,5,DISPATCHER,You just take your time Okay Just listen to me just talk to me tell me how I can help you and I can relay everything out to my officers Everybody outside cares about you Grant are you still there
SD_Police,59,0,GRANT,Yeah
SD_Police,60,3,DISPATCHER,Okay You just take your time okay Why dont you do me a favor okay Nothing is going to happen to you but I want you to do this I want you to take the gun away from your chest and put it down
SD_Police,61,0,GRANT,No I am not going to do that
SD_Police,62,1,DISPATCHER,Im just asking you to do that I dont want anything to happen to you Im just asking you to just to put the gun down Grant
SD_Police,63,0,GRANT,Yeah
SD_Police,64,3,DISPATCHER,Can you put the gun down away from your chest
SD_Police,65,0,GRANT,No
SD_Police,66,0,DISPATCHER,Grant
SD_Police,67,0,GRANT,Yeah
SD_Police,68,3,DISPATCHER,Like I said Im here for you and Im willing to help you Im ignoring everybody else around me everything thats going on You have my undivided attention okay You have me as long as you need me I care about you I care about what happens to you And Im being very sincere in that All Im asking is for a little cooperation back from you Just put the gun down I dont want anything to happen to you
SD_Police,69,0,GRANT,No its too late Heather
SD_Police,70,0,DISPATCHER,Its not too late
SD_Police,71,0,GRANT,Really
SD_Police,72,0,DISPATCHER,No its not
SD_Police,73,0,GRANT,Who called you Was it XXXXX
SD_Police,74,0,DISPATCHER,I dont know Like I said I just came on duty I dont know
SD_Police,75,0,GRANT,Okay Well let me give me you her phone number maybe you can call her and ask her
SD_Police,76,5,DISPATCHER,Okay but Id rather talk to you I dont care about XXXXX I care about you
SD_Police,77,0,GRANT,Okay
SD_Police,78,5,DISPATCHER,Okay I only really care about you Like I said Im ignoring everything else You have my undivided attention Are you willing to keep talking to me
SD_Police,79,0,GRANT,
SD_Police,80,3,DISPATCHER,Yeah Id like that I do have somebody who is a bit more trained than me who is willing to talk to you who can help you out with the problems that youre having Would you be willing to speak to him
SD_Police,81,0,GRANT,Im sorry
SD_Police,82,3,DISPATCHER,Would you
SD_Police,83,0,GRANT,Yeah
SD_Police,84,0,DISPATCHER,Okay if I ask you
SD_Police,85,0,GRANT,Why are they running up with helmets on
SD_Police,86,0,DISPATCHER,Theyre not running up with helmets Are they
SD_Police,87,1,GRANT,Yeah I just saw them I mean you got to let them know that I still have this pistol to my chest And if anybody comes in Ill shoot Thats going to be it for sure
SD_Police,88,0,DISPATCHER,Okay
SD_Police,89,0,GRANT,I know this is kind of just a precautionary step
SD_Police,90,5,DISPATCHER,I know They just you know what we are concerned about you but we also have to protect ourselves
SD_Police,91,0,GRANT,I know I understand I understand
SD_Police,92,0,DISPATCHER,Okay Can you tell me where youre at in the house
SD_Police,93,0,GRANT,Im downstairs
SD_Police,94,0,DISPATCHER,Youre downstairs Are you in the living room dining room
SD_Police,95,0,GRANT,Yeah
SD_Police,96,0,DISPATCHER,Which one
SD_Police,97,0,GRANT,They are both the same
SD_Police,98,0,DISPATCHER,Oh theyre Okay all right Im right here okay
SD_Police,99,0,GRANT,Who is the other person out
SD_Police,100,0,DISPATCHER,The negotiator
SD_Police,101,0,GRANT,Yeah
SD_Police,102,3,DISPATCHER,Hes out there Hes outside Are you willing to talk to him
SD_Police,103,0,GRANT,Yeah If hes really out there Ill talk to him
SD_Police,104,0,DISPATCHER,Okay What else until I can get you connected with him I want you to just keep talking to me Do you have any family thats nearby
SD_Police,105,0,GRANT,No I dont
SD_Police,106,0,DISPATCHER,No
SD_Police,107,0,GRANT,No
SD_Police,108,0,DISPATCHER,Who lives there in the house with you
SD_Police,109,0,GRANT,I dont think you guys are communicating very well
SD_Police,110,0,DISPATCHER,Okay well it takes time to what is he saying through the loudspeaker
SD_Police,111,0,GRANT,I dont know something about Grant the Arkansas Police Department
SD_Police,112,0,DISPATCHER,Yeah they just want you to know that they are out there okay
SD_Police,113,0,GRANT,I think the whole neighborhood knows
SD_Police,114,0,DISPATCHER,Yeah pretty much pretty much pretty much But you know thats okay because its you and me right now okay Its just you and me Is your dog aggressive
SD_Police,115,0,GRANT,He can be if he wants to
SD_Police,116,0,DISPATCHER,The dog can be aggressive if he wants to Okay
SD_Police,117,0,GRANT,I think you know
SD_Police,118,0,DISPATCHER,Okay Grant
SD_Police,119,0,GRANT,Yes
SD_Police,120,0,DISPATCHER,Im here talk to me You just keep spilling youre feelings to me just to talk to me just tell me what you need
SD_Police,121,0,GRANT,I dont know what I need
SD_Police,122,1,DISPATCHER,If you have to cry you cry Okay If it makes you feel better I want you to cry because sometimes crying helps you know makes you think better Nobody is going to come in okay but I want you to talk to me so we can help you This has been this has to end Because I dont want you to hurt yourself But I need you to put down that gun If you put it down nobody is going to come in Were going to talk to you okay Can you put it down for me away from you because I dont want anything to happen to you
SD_Police,123,0,GRANT,No you know I wont
SD_Police,124,1,DISPATCHER,We are going to work up to that okay for you trust me and you know that my word is good Okay
SD_Police,125,0,GRANT,All right
SD_Police,126,0,DISPATCHER,All right
SD_Police,127,0,GRANT,Im going to walk from downstairs and Im going to walk upstairs to use the bathroom
SD_Police,128,0,DISPATCHER,Is there a bathroom downstairs
SD_Police,129,0,GRANT,Yeah but I cant reach it right now
SD_Police,130,0,DISPATCHER,Okay
SD_Police,131,0,GRANT,So Im going to
SD_Police,132,0,DISPATCHER,Hold on for okay can you just hold this for just a second while I let my officers know that you are going to walk upstairs
SD_Police,133,0,GRANT,Im going to walk from downstairs and you can see me cross the window and you can see me walk upstairs
SD_Police,134,0,DISPATCHER,Okay youre going to walk upstairs but youre going to pass the window
SD_Police,135,0,GRANT,Im going to pass the window on my way upstairs to use the bathroom
SD_Police,136,0,DISPATCHER,Which window is that
SD_Police,137,0,GRANT,Thats the window in front of the door and I can see that they have got guns pointed at the house
SD_Police,138,0,DISPATCHER,In front of the front door
SD_Police,139,0,GRANT,Yes
SD_Police,140,0,DISPATCHER,Okay
SD_Police,141,0,GRANT,he is behind my truck
SD_Police,142,0,DISPATCHER,Okay hold on for a second okay
SD_Police,143,0,GRANT,Okay
SD_Police,144,0,DISPATCHER,Okay so youre going to walk upstairs to use the bathroom
SD_Police,145,0,GRANT,Yes
SD_Police,146,0,DISPATCHER,Okay okay hold on one second Let me tell my partner that you need to use the bathroom upstairs okay
SD_Police,147,0,GRANT,All right
SD_Police,148,0,DISPATCHER,Okay hold on for a second let my partner tell you okay Are you with me Grant still Okay I want you to keep talking to me but I need to tell you something okay
SD_Police,149,0,GRANT,Whats that
SD_Police,150,0,DISPATCHER,I need to get off the phone and I need you Im going to put you on the phone with Scott He is another dispatcher and hes going to talk to you some more okay
SD_Police,151,0,GRANT,All right
SD_Police,152,0,DISPATCHER,Okay all right Here is Scott okay
SD_Police,153,0,GRANT,All right
SD_Police,154,0,POLICE_NEGOTIATOR,Hey Grant how are you doing
SD_Police,155,0,GRANT,Im pretty good how about yourself
SD_Police,156,0,POLICE_NEGOTIATOR,Not too bad My name is Scott what my partner told you Shes got to get on the phone because shes having some other calls Im going to talk to you for a while okay
SD_Police,157,0,GRANT,Thats fine
SD_Police,158,0,POLICE_NEGOTIATOR,Whats going on whats the problem today
SD_Police,159,0,GRANT,Everything
SD_Police,160,0,POLICE_NEGOTIATOR,Everything
SD_Police,161,0,GRANT,Yeah
SD_Police,162,0,POLICE_NEGOTIATOR,Well what kind of problem Talk to me Tell me about it
SD_Police,163,0,GRANT,Just life and girlfriend and just everything
SD_Police,164,0,POLICE_NEGOTIATOR,Okay Is that worth shooting yourself or killing yourself
SD_Police,165,0,GRANT,It is right now
SD_Police,166,0,POLICE_NEGOTIATOR,Why
SD_Police,167,0,GRANT,You know Id talked to the therapist the counselors you know everybody I dont know its going to help me
SD_Police,168,0,POLICE_NEGOTIATOR,Well is your family here besides your girlfriend
SD_Police,169,0,GRANT,Yes Ive got a family and they are here right now
SD_Police,170,0,POLICE_NEGOTIATOR,Yeah I understand that but I mean are they in the area
SD_Police,171,0,GRANT,I live with my parents and my brother
SD_Police,172,0,POLICE_NEGOTIATOR,Okay in this house right now
SD_Police,173,0,GRANT,Yeah
SD_Police,174,0,POLICE_NEGOTIATOR,Okay
SD_Police,175,0,GRANT,They are not here right now Theyre
SD_Police,176,0,POLICE_NEGOTIATOR,I know Okay How old are you Grant
SD_Police,177,0,GRANT,
SD_Police,178,1,POLICE_NEGOTIATOR,Okay So what good is just killing yourself going to do
SD_Police,179,0,GRANT,I dont know What good is staying alive going to do
SD_Police,180,1,POLICE_NEGOTIATOR,Well if you stay alive you have a family You have
SD_Police,181,0,GRANT,I am sorry I will tell you whats going to happen as soon as I get out of here they are going to put me in jail
SD_Police,182,0,POLICE_NEGOTIATOR,Not necessarily
SD_Police,183,0,GRANT,Theyre not sitting there Let me tell you why okay because I got arrested over this girl okay
SD_Police,184,0,POLICE_NEGOTIATOR,Okay
SD_Police,185,0,GRANT,I have a stay away order from her and I guarantee she is the one that called you guys cops to come over here So already like that Im going to get some time for that And for all those just tying up all those times Im going to get time for it For holding you up right now on the phone or not answering any other calls Im going to get time for it
SD_Police,186,0,POLICE_NEGOTIATOR,No no listen Grant
SD_Police,187,0,GRANT,You dont have to [Explicit_Language] me
SD_Police,188,0,POLICE_NEGOTIATOR,Grant Im not going to [Explicit_Language] you If you got a problem and you need to talk to some counseling thats what we are going to make happen Okay
SD_Police,189,0,GRANT,Ive already talked to and they dont help
SD_Police,190,6,POLICE_NEGOTIATOR,Okay well hold on Well get you some doctors that will help Here is the deal Have you done anything wrong yet No Have you broken any laws No
SD_Police,191,0,GRANT,Yes
SD_Police,192,0,POLICE_NEGOTIATOR,Now what laws have you broken
SD_Police,193,0,GRANT,Well for one Ive been talking to XXXXX when I am not supposed to And two when the cops walks out to the window I am sitting with a gun in my hand
SD_Police,194,1,POLICE_NEGOTIATOR,Okay It is not illegal to have a gun in your hands Grant The thing is is I want you to be okay If you kill yourself its going to upset your family Its going to upset your friends Its the day after Christmas man And you know what theyre going to think about Every Christmas is going to go Grant killed himself over the holidays All right Dont ruin it for yourself and your friends Okay It aint worth it man Hey you know what chicks are dime a dozen Okay You can find another one If you called her on the phone and it happens thats fine But I want you to be okay I want you to be safe and I dont want you to get hurt Okay Can you do that for me Grant
SD_Police,195,0,GRANT,Not really
SD_Police,196,3,POLICE_NEGOTIATOR,I want you to come outside leave the gun in the house Okay And look at
SD_Police,197,0,GRANT,I cant come outside you know
SD_Police,198,1,POLICE_NEGOTIATOR,Well why not The cops arent going to hurt you believe me You leave the gun in the house
SD_Police,199,0,GRANT,Theyve got guns pointed at the house isnt it
SD_Police,200,3,POLICE_NEGOTIATOR,Well because you have a gun But if you put the gun down I will tell them that youve put the gun down Okay Then you come out the front door and Ill tell you the truth the officers are going to probably make you get down on your knees and theyre probably going to handcuff you
SD_Police,201,0,GRANT,
SD_Police,202,1,POLICE_NEGOTIATOR,No no listen to me We will get you some help We will take you to the hospital Well take you to some place that you can talk to somebody a doctor a professional not just a counselor Okay Thats what you need buddy And youll become fine believe me Okay you are running through hardship with your girlfriend and with some other things and you know everybody else is having a tough time But its an easy way out and were not going to do that okay Im here to help you Grant I dont want to see you hurt yourself and hurt your family Okay
SD_Police,203,0,GRANT,I know
SD_Police,204,0,POLICE_NEGOTIATOR,Okay
SD_Police,205,0,GRANT,Im not going to hurt anybody else there is nobody else here
SD_Police,206,0,POLICE_NEGOTIATOR,I know but
SD_Police,207,0,GRANT,I told you already I have my dog who is running around in the backyard He looks mean and he might be mean up against the fence but I mean he is a pretty nice dog
SD_Police,208,1,POLICE_NEGOTIATOR,Okay Well I dont want your dog to get hurt and I dont want you to get hurt So why dont you put the gun down and come outside Okay we will get you some help I guarantee you you have my word Okay I dont want anything bad to happen to you Okay Can you do that for me
SD_Police,209,0,GRANT,I guess but not right now
SD_Police,210,0,POLICE_NEGOTIATOR,Why not
SD_Police,211,0,GRANT,I dont want to go outside and I dont want to go back to Vista
SD_Police,212,0,POLICE_NEGOTIATOR,Okay did you hear what I said Grant Youre not going to go to Vista We may take you to the hospital so you can talk to
SD_Police,213,0,GRANT,Yeah but where do I go from there
SD_Police,214,1,POLICE_NEGOTIATOR,I dont know I cant say but its better than the alternative Isnt it
SD_Police,215,0,GRANT,Since you said you dont know they are not going to take me to a hospital and then they are going to me Vista and then I am going to be in Vista for a little while I dont want to go there for a little while I dont want to go there at all So Im not going to go there at all
SD_Police,216,0,POLICE_NEGOTIATOR,So killing yourself is going to make everything go away
SD_Police,217,0,GRANT,I think itll make everything go away for me yes
SD_Police,218,0,POLICE_NEGOTIATOR,How do you know How do you know
SD_Police,219,0,GRANT,How do I know because I wont have to do this anything anymore
SD_Police,220,6,POLICE_NEGOTIATOR,Well what happens if youre killing yourself and nothing helps Youre 21 years old Grant You have a whole life ahead of yourself Okay Problems can be corrected We all make mistakes Grant So right now you havent violated any laws Whats happened in the past I cant say But you need some help
SD_Police,221,0,GRANT,If I havent violated any laws then can you tell me why the police are like blocking off the street and why they have guns pointed at the house
SD_Police,222,1,POLICE_NEGOTIATOR,Because we want to make sure that youre okay that youre not getting hurt
SD_Police,223,0,GRANT,You are going to point guns and block off the street to make sure I am okay but I havent broken any laws
SD_Police,224,0,POLICE_NEGOTIATOR,Thats right Okay You know what the deal is Grant okay We dont know if there was somebody in the house with you we still dont know Okay
SD_Police,225,0,GRANT,Well let me give you can I give you some background really quick
SD_Police,226,0,POLICE_NEGOTIATOR,Sure
SD_Police,227,0,GRANT,I went through the Palomar Police Academy a couple of years ago Okay
SD_Police,228,0,POLICE_NEGOTIATOR,Okay
SD_Police,229,0,GRANT,I have dealt with officers I was an explorer on police department I know a little bit Im not a cop Im not I dont know the whole deal but I know a little bit And I know enough to know that when theres cops out in front of the house and theyve got the guns pointed on me and Im talking to a negotiator and I have a gun in my hand I know that theres going to be problems Theres going to be problems after this I may go to jail and its not going to be good
SD_Police,230,1,POLICE_NEGOTIATOR,Grant I cant guarantee you wont go to jail but lets talk about your life getting some care Okay Youve got some problem We can get you to the people that will take care of those problems okay If you shoot yourself like I said what thats going to cause [A] Its going to upset your family Its going to upset your friends All right And its going upset other people If you come outside leave the gun in the house then we can may get you some help Well get you some professional not a counselor but some decent doctors
SD_Police,231,0,GRANT,Yeah Ive been to the doctors Ive been to the counselor Ive been to the therapist Ive been to the best names of whoever there is out there and nothing helped
SD_Police,232,0,POLICE_NEGOTIATOR,Nothing helped
SD_Police,233,0,GRANT,Nothing helped at all
SD_Police,234,0,POLICE_NEGOTIATOR,So you think by killing yourself
SD_Police,235,0,GRANT,I am talking to you just like I am talking to them and nothing helped
SD_Police,236,0,POLICE_NEGOTIATOR,Okay You need to buy us some program a little bit Grant You work anywhere What do you do
SD_Police,237,0,GRANT,I work at the Harley Davidson shop
SD_Police,238,0,POLICE_NEGOTIATOR,You ride motorcycle obviously
SD_Police,239,0,GRANT,No I dont
SD_Police,240,0,POLICE_NEGOTIATOR,You dont like but you work there You dont have a bike
SD_Police,241,0,GRANT,No I dont
SD_Police,242,0,POLICE_NEGOTIATOR,How long have you lived in Oceanside
SD_Police,243,0,GRANT,I moved to Oceanside when I was four from England and I worked here until I was ten I moved from Oceanside to St Louis until I was 13 and then I moved back here
SD_Police,244,0,POLICE_NEGOTIATOR,Okay
SD_Police,245,0,GRANT,My dad is a retired Marine
SD_Police,246,0,POLICE_NEGOTIATOR,You dad is a retired Marine
SD_Police,247,0,GRANT,Yes
SD_Police,248,0,POLICE_NEGOTIATOR,Okay What high school did you go to
SD_Police,249,0,GRANT,I went to El Camino High School and from there I went to The School of Business and Technology and from there I dropped out and got my
SD_Police,250,0,POLICE_NEGOTIATOR,Okay How long did you go to El Camino
SD_Police,251,0,GRANT,Ninth 10th and the first week of 11th
SD_Police,252,0,POLICE_NEGOTIATOR,Okay All right Did you like going to High School there
SD_Police,253,0,GRANT,No Not really
SD_Police,254,0,POLICE_NEGOTIATOR,Okay Well I could understand that Did you play any sport
SD_Police,255,0,GRANT,No I didnt
SD_Police,256,0,POLICE_NEGOTIATOR,Okay Do you surf or do anything like that
SD_Police,257,0,GRANT,No I dont
SD_Police,258,0,POLICE_NEGOTIATOR,What do you like to do in your spare time
SD_Police,259,0,GRANT,Nothing
SD_Police,260,0,POLICE_NEGOTIATOR,Nothing You dont play video games or anything
SD_Police,261,0,GRANT,Nope The only thing I used to do in my spare time was going out with my girlfriend
SD_Police,262,0,POLICE_NEGOTIATOR,Okay And obviously you guys had some problems
SD_Police,263,0,GRANT,Yeah
SD_Police,264,0,POLICE_NEGOTIATOR,Okay
SD_Police,265,0,GRANT,We broke up about a couple of months ago okay We broke up I went to her work I went to go talk to her one night As I was talking to her she was text messaging someone else I snatched her phone out of her hand I read the text message She was text messaging one of her co workers to come outside When he came outside I chased him to the parking lot and then I maced him and that was the night I got arrested in And I got arrested for a robbery I chemical substance and the guy said that I tried to hit him with a car so they got me and then they got me for resisting arrest
SD_Police,266,0,POLICE_NEGOTIATOR,Okay Did you fight with the cops when they tried to arrest you
SD_Police,267,0,GRANT,Well kind of As soon as they pulled out they were yelling at me to get out of the car and before I even got the door open they yanked me out of the car and threw me on the ground So I didnt even really have time to resist or really time to do anything But everything got dropped except for I got a misdemeanor with a chemical substance and I am on probation right now and I think it will make for three years
SD_Police,268,0,POLICE_NEGOTIATOR,Okay
SD_Police,269,0,GRANT,And also when I was in my girlfriend got a temporary restraining order on me And they brought that to me while I was in The first night I got out she called me and shes waiting at my house to talk to me So I talked to her We had been talking for a few days and she said she wanted to work things out And then the next day she didnt want to work things out and then the day after that she did and now she doesnt and back and forth and
SD_Police,270,0,POLICE_NEGOTIATOR,Are you there
SD_Police,271,0,GRANT,Yeah Im here
SD_Police,272,0,POLICE_NEGOTIATOR,Are you there
SD_Police,273,0,GRANT,Yeah
SD_Police,274,0,POLICE_NEGOTIATOR,Okay How long you have been going out with her
SD_Police,275,0,GRANT,This would have been the fifth Christmas thats four years
SD_Police,276,0,POLICE_NEGOTIATOR,You have been together for a long time then
SD_Police,277,0,GRANT,Yeah I have known her since seventh grade at high school
SD_Police,278,0,POLICE_NEGOTIATOR,I can understand that Okay So it sounds like the game of feeling is the problem
SD_Police,279,0,GRANT,Yeah
SD_Police,280,0,POLICE_NEGOTIATOR,Okay Did you guys ever live together or just boyfriend girlfriend kind of thing
SD_Police,281,0,GRANT,Weve lived together a couple of times
SD_Police,282,1,POLICE_NEGOTIATOR,Okay Well I think she still cares about you you know And well maybe not as boyfriend girlfriend but she cares about you that you dont hurt yourself
SD_Police,283,0,GRANT,She called you guys
SD_Police,284,1,POLICE_NEGOTIATOR,Well I dont know who called But if shes concerned about you then she wants to get together she still is concerned about you as a person okay It doesnt make a bloody difference who called right now The main thing is Grant that we get you taken care of Okay What kind of gun do you have
SD_Police,285,0,GRANT,Its a 22 Ruger
SD_Police,286,0,POLICE_NEGOTIATOR,Okay Is it a revolver or a semi automatic
SD_Police,287,0,GRANT,Its a 22 caliber long rifle automatic pistol but I think its a semi automatic
SD_Police,288,0,POLICE_NEGOTIATOR,Okay I mean does it have like a old west
SD_Police,289,0,GRANT,No no Its
SD_Police,290,0,POLICE_NEGOTIATOR,Whose gun is it
SD_Police,291,0,GRANT,Whats that
SD_Police,292,0,POLICE_NEGOTIATOR,Who does the gun belong to
SD_Police,293,0,GRANT,I dont know I
SD_Police,294,0,POLICE_NEGOTIATOR,Okay Did you buy it or get it from a friend
SD_Police,295,0,GRANT,Yeah I bought it from someone else
SD_Police,296,0,POLICE_NEGOTIATOR,Okay How long did you have it
SD_Police,297,0,GRANT,Just today
SD_Police,298,0,POLICE_NEGOTIATOR,Okay Did you buy the gun just to kill yourself
SD_Police,299,0,GRANT,Yeah kind of
SD_Police,300,3,POLICE_NEGOTIATOR,Okay Well probably not a good idea could you come out and let us take care of you You need to come buddy all right Where are your parents at right now
SD_Police,301,0,GRANT,I can barely hear you
SD_Police,302,0,POLICE_NEGOTIATOR,Im sorry How is that Is that better
SD_Police,303,0,GRANT,Yes
SD_Police,304,0,POLICE_NEGOTIATOR,I got one of those mikes kind of where you can talk wearing one Where are your parents at right now
SD_Police,305,0,GRANT,I think they went to go take a field trip in
SD_Police,306,0,POLICE_NEGOTIATOR,Okay When are they supposed to come back
SD_Police,307,0,GRANT,Not till the weekend
SD_Police,308,0,POLICE_NEGOTIATOR,Okay Is your brother with them
SD_Police,309,0,GRANT,Yeah
SD_Police,310,0,POLICE_NEGOTIATOR,Okay How old is your brother
SD_Police,311,0,GRANT,I dont want to talk about him
SD_Police,312,1,POLICE_NEGOTIATOR,Well I just want to have some information How old is your brother Just give me his age
SD_Police,313,0,GRANT,He is still 11
SD_Police,314,0,POLICE_NEGOTIATOR,Okay
SD_Police,315,0,GRANT,So many cops out here
SD_Police,316,0,POLICE_NEGOTIATOR,I dont know
SD_Police,317,0,GRANT,They are just watching
SD_Police,318,0,POLICE_NEGOTIATOR,No there is no point in that What I want to know is what can I do to get you to come outside the house
SD_Police,319,0,GRANT,You can call XXXXX and tell her whats going on
SD_Police,320,0,POLICE_NEGOTIATOR,I can call XXXXX whats XXXXXs phone number
SD_Police,321,0,GRANT,XXXXXXXX
SD_Police,322,0,POLICE_NEGOTIATOR,Okay Now this is your girlfriend
SD_Police,323,0,GRANT,Yeah
SD_Police,324,0,POLICE_NEGOTIATOR,Whats XXXXXs last name
SD_Police,325,0,GRANT,Souva
SD_Police,326,0,POLICE_NEGOTIATOR,Im sorry
SD_Police,327,0,GRANT,Souva
SD_Police,328,0,POLICE_NEGOTIATOR,How do you spell that
SD_Police,329,0,GRANT,SOUVA
SD_Police,330,0,POLICE_NEGOTIATOR,Okay And how old is she
SD_Police,331,0,GRANT,She is the same age
SD_Police,332,0,POLICE_NEGOTIATOR,She is going to be 21 shortly
SD_Police,333,0,GRANT,She will be 21 on January 22nd
SD_Police,334,0,POLICE_NEGOTIATOR,Okay
SD_Police,335,0,GRANT,She was in Vista with her parents
SD_Police,336,0,POLICE_NEGOTIATOR,Okay Did she work anywhere
SD_Police,337,0,GRANT,Yeah She worked at
SD_Police,338,0,POLICE_NEGOTIATOR,Okay Is that where you got into trouble out over in
SD_Police,339,0,GRANT,Yeah
SD_Police,340,0,POLICE_NEGOTIATOR,Okay When is your birthday
SD_Police,341,0,GRANT,January 5th of 1987
SD_Police,342,0,POLICE_NEGOTIATOR,Okay So your 21st birthday is coming up
SD_Police,343,0,GRANT,Yeah
SD_Police,344,0,POLICE_NEGOTIATOR,Okay Did you make any plans or anything on your birthday
SD_Police,345,0,GRANT,The only plans I had was to spend with my girlfriend but
SD_Police,346,1,POLICE_NEGOTIATOR,Okay I can understand Well like I said Grant unfortunately or fortunately theres lot more women out there lot more girls And evidently whatever happens one way or another killing yourself isnt going to its not going to make things better Its just going to make things worse You understand what Im saying You got to think of your friends man Christmas time you should think about your family and friends Okay You still have friends in the area that went to El Camino High School
SD_Police,347,0,GRANT,Yeah I got quite good friends
SD_Police,348,0,POLICE_NEGOTIATOR,Okay Do you like some of them
SD_Police,349,0,GRANT,Yeah I love my friends
SD_Police,350,5,POLICE_NEGOTIATOR,Okay I like my friends too I graduated a long time ago from Oceanside High Im a Pirate But when I was in school I coach football and wrestling with but if you dont want to meet your friends back because you know its fun to do its fun to get together with your friends and party a little bit Youre going to be 21 you could drink some beer You probably had some beers right now but you need to think of the good times that you had The good times outweigh the bad times a million to one
SD_Police,351,0,GRANT,No
SD_Police,352,0,POLICE_NEGOTIATOR,Oh yeah Oh yeah
SD_Police,353,0,GRANT,I got way too many bad times to outweigh the good times
SD_Police,354,3,POLICE_NEGOTIATOR,No no Grant youre 20 years old You got your whole life ahead of you Okay We all stumble a little bit and you fall down but you know what You got to get yourself back up All right And the best thing you could do is put that gun down come outside and the officers will tell you how to come outside and as I just alluded to theyre going to handcuff you theyre going to make sure you dont have any weapons on you And then well take you to the hospital Tri City or some place and that you see a doctor you can calm down a little bit if you need to talk and sit down and cry or have a cigarette or whatever well see that you do that Theres nothing wrong with that Okay
SD_Police,355,0,GRANT,You called XXXXX what did she say
SD_Police,356,0,POLICE_NEGOTIATOR,No I havent called her right I got a note to my to one of my partners here to call up and obviously shes going to talk to you Okay Like you said XXXXX probably knows whats going on You know what I mean
SD_Police,357,0,GRANT,Yes Will she be in contact with us
SD_Police,358,0,POLICE_NEGOTIATOR,I have no idea Grant have you had anything to drink today or taken any dope or anything
SD_Police,359,0,GRANT,No
SD_Police,360,3,POLICE_NEGOTIATOR,Okay So what do you say I think you want to come outside
SD_Police,361,0,GRANT,No no
SD_Police,362,2,POLICE_NEGOTIATOR,Okay You think youre going to want to come outside later
SD_Police,363,0,GRANT,I dont know
SD_Police,364,2,POLICE_NEGOTIATOR,Okay Can I get you at least to put the gun down
SD_Police,365,0,GRANT,No
SD_Police,366,2,POLICE_NEGOTIATOR,How about if I get you to take the magazine or the clip out of the gun
SD_Police,367,0,GRANT,the gun out of my hand Ill take them back from there
SD_Police,368,0,POLICE_NEGOTIATOR,Well Im just baby sense here Grant baby sense You know that Trying to help you out You understand where Im coming from
SD_Police,369,0,GRANT,No I probably understand where youre coming from
SD_Police,370,0,POLICE_NEGOTIATOR,Okay And you understand
SD_Police,371,0,GRANT,Yeah I know that
SD_Police,372,1,POLICE_NEGOTIATOR,Okay and you need to understand because we dont want to hurt you We dont want you to hurt yourself we dont want you to hurt your friends we dont want to you to damage your parents house How long have you lived there in that house
SD_Police,373,0,GRANT,Maybe a year and a half
SD_Police,374,0,POLICE_NEGOTIATOR,Okay
SD_Police,375,0,GRANT,
SD_Police,376,0,POLICE_NEGOTIATOR,Maybe a little better neighborhood
SD_Police,377,0,GRANT,No its a do you like the other neighborhood better
SD_Police,378,0,POLICE_NEGOTIATOR,Oh no were used to it
SD_Police,379,0,GRANT,
SD_Police,380,0,POLICE_NEGOTIATOR,Oh yeah Okay
SD_Police,381,0,GRANT,
SD_Police,382,0,POLICE_NEGOTIATOR,What kind of car do you have
SD_Police,383,0,GRANT,The Blue F 150
SD_Police,384,0,POLICE_NEGOTIATOR,Is it a four by or just a regular two by
SD_Police,385,0,GRANT,Its a regular truck
SD_Police,386,0,POLICE_NEGOTIATOR,Okay What do you do over the Harley Shop Which one do you work at the
SD_Police,387,0,GRANT,Yeah
SD_Police,388,0,POLICE_NEGOTIATOR,What do you do there
SD_Police,389,0,GRANT,I work in parts department detailing department
SD_Police,390,0,POLICE_NEGOTIATOR,Okay like a salesman
SD_Police,391,0,GRANT,No just kind of the golfer
SD_Police,392,0,POLICE_NEGOTIATOR,Yes do you like it
SD_Police,393,0,GRANT,Yes its pretty good
SD_Police,394,0,POLICE_NEGOTIATOR,Okay how long have you been there
SD_Police,395,0,GRANT,Since five months
SD_Police,396,0,POLICE_NEGOTIATOR,Okay where did you work before that
SD_Police,397,0,GRANT,Before that I worked for worked for my friends construction company in Oklahoma And before that I worked for an automotive finance company in Oceanside Before that I worked at before that I worked at a new shop in and before that I worked at Legovan
SD_Police,398,0,POLICE_NEGOTIATOR,Oh what did you do at Legovan
SD_Police,399,0,GRANT,I was a ride operator
SD_Police,400,0,POLICE_NEGOTIATOR,Oh cool What ride
SD_Police,401,0,GRANT,In the in the boats little kid rides
SD_Police,402,0,POLICE_NEGOTIATOR,Yes I always wanted to get a job at Disneyland operate the jumbo But there is a Legovan where my son when he was younger he wanted to first go How long you worked there
SD_Police,403,0,GRANT,Just this summer
SD_Police,404,0,POLICE_NEGOTIATOR,Yes
SD_Police,405,0,GRANT,Three months four months
SD_Police,406,0,POLICE_NEGOTIATOR,Was it cool Do you like it
SD_Police,407,0,GRANT,Yeah it was all right
SD_Police,408,0,POLICE_NEGOTIATOR,Good Okay So you like the job over at the with the Harley Davidson Shop
SD_Police,409,0,GRANT,Yeah its okay
SD_Police,410,1,POLICE_NEGOTIATOR,Okay Well Grant you got to think about those kinds of things Look youve got a good job you got a nice truck and you got people that care about you You know what Im saying Itd be nice if you could come outside and well get you taken care of Okay I guarantee you that Do you smoke a cigarette or anything
SD_Police,411,0,GRANT,Again I will be back in Vista by the night too
SD_Police,412,1,POLICE_NEGOTIATOR,No no no you wont be Were going to take you to the hospital and well get you checked out with that kind of a deal But I cant say that you sometimes you may have been at Vista but its not like youre going to be in there forever If you kill yourself thats forever done
SD_Police,413,0,GRANT,I dont think about anything
SD_Police,414,8,POLICE_NEGOTIATOR,Well you never know You never know whats going to happen after you die Where youre going to end up whats going to happen to your soul Okay We all have bad days but the good days are going to come All right
SD_Police,415,0,GRANT,That was what she wanted
SD_Police,416,0,POLICE_NEGOTIATOR,Okay Did you have a good Christmas here today
SD_Police,417,0,GRANT,Whats that
SD_Police,418,0,POLICE_NEGOTIATOR,How was your Christmas here today Was it good
SD_Police,419,0,GRANT,Yeah it was pretty good
SD_Police,420,1,POLICE_NEGOTIATOR,You dont want to leave your parents with that memory You had a good Christmas and the next day Grant killed himself Its not worth it Mac its not worth it Grant I want you to put the gun down come outside and talk to the officers Okay
SD_Police,421,0,GRANT,How do you know I still have the gun Where are they Youre looking at me
SD_Police,422,0,POLICE_NEGOTIATOR,No Im assuming you still got the gun in your hands Do you
SD_Police,423,0,GRANT,Yeah I do
SD_Police,424,3,POLICE_NEGOTIATOR,Okay all right I want you to put the gun down and come outside
SD_Police,425,0,GRANT,Did you call XXXXX yet what did she say
SD_Police,426,0,POLICE_NEGOTIATOR,No I havent talked to her Im busy talking with you I dont know one of my partners is trying to get hold of her I dont know My concern I want to get you out of the house okay then well get you some medical help get you through right away and you may have to go to Vista Not tonight not tomorrow but at sometime just to take care of those other things What you need to do is tell your probation officer hey XXXXX came over to tried to talk with me and all that kind of stuff
SD_Police,427,0,GRANT,Yeah I dont have a probation officer or anything like that
SD_Police,428,0,POLICE_NEGOTIATOR,Okay Did they give you a number to contact or anything or do you have any other contacts with police
SD_Police,429,0,GRANT,Nothing like that
SD_Police,430,0,POLICE_NEGOTIATOR,Okay How about did you have a public defender
SD_Police,431,0,GRANT,Yeah
SD_Police,432,8,POLICE_NEGOTIATOR,Okay If youve got his phone number you can kind of call him too To be honest with you I have worked at domestic violence a couple of years back when I was a detective and the women the chicks they always want to get a restraining order come to my office and boom they want to say well I want him arrested he violated the order Youre going to have to talk she called me she came over to see me You think there is any chance that you still might get back together
SD_Police,433,0,GRANT,I dont know Thats what I was hoping for Like I said when I got out she came to me and she said she was sorry and she wanted to work it out and this and that Then weve been kind of working it out and then
SD_Police,434,0,POLICE_NEGOTIATOR,Okay
SD_Police,435,0,GRANT,Then she kind of she didnt want to anymore
SD_Police,436,0,POLICE_NEGOTIATOR,Okay
SD_Police,437,0,GRANT,Then now shes kind of been like cold turkey nothing
SD_Police,438,1,POLICE_NEGOTIATOR,Well heres the deal If she is the one that did call us and definitely she cares enough about you to call us to check on your welfare to make sure you dont hurt yourself Is it not fair
SD_Police,439,0,GRANT,That really makes sense
SD_Police,440,6,POLICE_NEGOTIATOR,Okay So Grant the sooner you come out the sooner we can get you help and then everything will be cool Did you go for work today
SD_Police,441,0,GRANT,Yes I worked today
SD_Police,442,0,POLICE_NEGOTIATOR,Okay what time did you get off
SD_Police,443,0,GRANT,Im dont know 11 or 1130
SD_Police,444,0,POLICE_NEGOTIATOR,Okay did you get off or did you just leave the office
SD_Police,445,0,GRANT,I just left
SD_Police,446,3,POLICE_NEGOTIATOR,Okay So why dont you put the gun down and come outside well get you some help Because you get a lot of people they care about you
SD_Police,447,0,GRANT,Youre saying a lot of people Who is the lot of people that care about me
SD_Police,448,5,POLICE_NEGOTIATOR,Well obviously your parents care about you probably your little brother You said you had a lot of friends since you were in the high school those whom you would like to be with Whether its one or 100 thats a lot of friends Okay
SD_Police,449,0,GRANT,Okay but I dont see any one of them standing outside
SD_Police,450,1,POLICE_NEGOTIATOR,Well because they probably dont know about it You know how police stuff goes will not let anybody get close to the house You know what I mean
SD_Police,451,0,GRANT,Yes
SD_Police,452,5,POLICE_NEGOTIATOR,Okay Maybe theyre not there but I guarantee that they are going to want to they care about you They want to see the true thing
SD_Police,453,0,GRANT,Is there an ambulance or fire truck outside or anything
SD_Police,454,0,POLICE_NEGOTIATOR,I have no idea There could be I dont know what is going on
SD_Police,455,0,GRANT,I see cops pointing with their guns because
SD_Police,456,0,POLICE_NEGOTIATOR,Well no
SD_Police,457,0,GRANT,Somebody is going to kill themselves if theyre going to have guns pointed at me
SD_Police,458,0,POLICE_NEGOTIATOR,Grant can I tell you something put the [Explicit_Language] okay
SD_Police,459,0,GRANT,No there is no [Explicit_Language] I just
SD_Police,460,0,POLICE_NEGOTIATOR,Yes there is Yes there is
SD_Police,461,0,GRANT,No I appreciate but you just had [Explicit_Language] telling me how it is
SD_Police,462,0,POLICE_NEGOTIATOR,Im telling you exactly how it is
SD_Police,463,0,GRANT,They are going to take me out of here They are going to take me right to Vista
SD_Police,464,0,POLICE_NEGOTIATOR,No What did I say
SD_Police,465,0,GRANT,
SD_Police,466,1,POLICE_NEGOTIATOR,Grant will you shut up for a second and listen to what Im saying Did I tell you were going to take you to Vista No We are probably going to take you to Tri City Hospital or County Middle Health to get things worked out Im not going to [Explicit_Language] you on that Thats the truth And you know what is the truth You havent done anything wrong today Okay
SD_Police,467,0,GRANT,
SD_Police,468,8,POLICE_NEGOTIATOR,I want to help you because believe me if we wanted to turn this training youve seen Vista we can roll the doors off of that house be in there in two seconds
SD_Police,469,0,GRANT,Yeah I know But you guys like to play the waiting game just so that you have a couple of hours so it gets dark let me negotiate with you for the whole day and then you guys will bust in
SD_Police,470,0,POLICE_NEGOTIATOR,Why Why do we need to bust in
SD_Police,471,0,GRANT,I dont know
SD_Police,472,0,POLICE_NEGOTIATOR,We dont need to bust in
SD_Police,473,0,GRANT,Well you guys bust in half the time
SD_Police,474,1,POLICE_NEGOTIATOR,Because there is somebody being held hostage somebody is injured Were serving a We are here to check on your welfare your safety We want to get you out of the house without a weapon so nobody gets hurt We want no one to get hurt Thats our goal We like you to come outside
SD_Police,475,0,GRANT,No
SD_Police,476,0,POLICE_NEGOTIATOR,Why not
SD_Police,477,0,GRANT,Because I dont think its going to do any good
SD_Police,478,1,POLICE_NEGOTIATOR,So killing yourself is going to do some good
SD_Police,479,0,GRANT,Well obviously I dont have to think about anything else
SD_Police,480,1,POLICE_NEGOTIATOR,You dont but thats the easy way out What about your mother and father your brother your friends Dont let them down Whats that
SD_Police,481,0,GRANT,What about them
SD_Police,482,1,POLICE_NEGOTIATOR,Well how upset are they going to be
SD_Police,483,0,GRANT,I dont want to upset my friends
SD_Police,484,1,POLICE_NEGOTIATOR,And youre going to let all those people down like that
SD_Police,485,0,GRANT,It wouldnt be the first time I let any of them down
SD_Police,486,0,POLICE_NEGOTIATOR,Well have they been there to support you when you had problems
SD_Police,487,0,GRANT,Sometimes
SD_Police,488,5,POLICE_NEGOTIATOR,Yeah funny thing about parents You may fall down you may have some problems but they are there just to support you sometimes they show love sometimes its a kick on the butt okay but you have friends they all make the same mistakes Believe me nobody is perfect Did you have anything to eat today Grant
SD_Police,489,0,GRANT,No nothing
SD_Police,490,0,POLICE_NEGOTIATOR,Okay are you hungry
SD_Police,491,0,GRANT,No
SD_Police,492,0,POLICE_NEGOTIATOR,Okay Did your folks leave you food in the house
SD_Police,493,0,GRANT,Yeah theres plenty of food and water and everything else
SD_Police,494,0,POLICE_NEGOTIATOR,Okay thats good Obviously your mom and dad care about you Do they care about you
SD_Police,495,0,GRANT,Yeah of course they do
SD_Police,496,1,POLICE_NEGOTIATOR,Okay And whatever happens when you come out Im sure theyre going to still love you But you need to be there so they can love you Like I said like you got a pretty good job you got a nice car you got some people you got a family that cares about you okay How about your little brother whats he going to think if he doesnt have a big brother to help him with his life
SD_Police,497,0,GRANT,I havent really thought of that
SD_Police,498,1,POLICE_NEGOTIATOR,Yeah there is no relationship like a brother and brother you know that You may want to kick his arse sometimes but you know what hes your little brother I bet you take care of him And you know what he probably he looks up a lot to you You need to help your little brother and turn him into a real man And Im not going to do anything silly he is probably the most important person you should take care of just like yourself he is your little brother and your mom and dad And if things dont work out between you and XXXXX hey like I said theres lots of women out there and you can find somebody I know its hard but it sounds like youve got your sweetheart since high school And believe me my heart was broken by my sweetheart at high school too Okay Whats your brothers name
SD_Police,499,0,GRANT,XXXXX
SD_Police,500,0,POLICE_NEGOTIATOR,What is it
SD_Police,501,0,GRANT,XXXXX
SD_Police,502,0,POLICE_NEGOTIATOR,XXXXX
SD_Police,503,0,GRANT,Yeah
SD_Police,504,0,POLICE_NEGOTIATOR,What school does XXXXX go to
SD_Police,505,0,GRANT,Close about
SD_Police,506,0,POLICE_NEGOTIATOR,Does he surf at all
SD_Police,507,0,GRANT,No
SD_Police,508,0,POLICE_NEGOTIATOR,Okay came to win it all the time place he needs to go
SD_Police,509,0,GRANT,Yeah sometimes
SD_Police,510,1,POLICE_NEGOTIATOR,Okay If youre not there to do that who is going to be there to help him
SD_Police,511,0,GRANT,My parents
SD_Police,512,1,POLICE_NEGOTIATOR,Well sometimes your parents are busy doing other things Sometimes its good that a brother takes his younger brother out
SD_Police,513,0,GRANT,What did XXXXX say did you call her yet
SD_Police,514,0,POLICE_NEGOTIATOR,No I didnt call her I dont know what she said She probably is concerned about you Okay
SD_Police,515,0,GRANT,All right
SD_Police,516,0,POLICE_NEGOTIATOR,Like I said I am on the phone with you the whole time on a comfortable chair
SD_Police,517,0,GRANT,Yeah Im comfortable
SD_Police,518,0,POLICE_NEGOTIATOR,All right What do you have a couch or a recliner
SD_Police,519,0,GRANT,A couch
SD_Police,520,0,POLICE_NEGOTIATOR,Okay
SD_Police,521,0,GRANT,Every building in the house is locked except for the front door The front door is the only door thats open
SD_Police,522,0,POLICE_NEGOTIATOR,Okay Is unlocked you mean
SD_Police,523,0,GRANT,Yeah I left it unlocked front door is unlocked
SD_Police,524,0,POLICE_NEGOTIATOR,Why did you lock all the doors
SD_Police,525,0,GRANT,Whats that
SD_Police,526,0,POLICE_NEGOTIATOR,Why did you lock all the doors but leave the front door open
SD_Police,527,0,GRANT,I didnt lock any of the doors I got home from work and my parents have locked the house
SD_Police,528,0,POLICE_NEGOTIATOR,I see
SD_Police,529,0,GRANT,So I just the front door is the only door I unlocked If anything happens there is we have to go through out the side and deal with the dog you can just come in the front and be in here
SD_Police,530,0,POLICE_NEGOTIATOR,Whats your dogs name
SD_Police,531,0,GRANT,My dogs name is Rodman
SD_Police,532,0,POLICE_NEGOTIATOR,One more time
SD_Police,533,0,GRANT,Like Denis Rodman
SD_Police,534,0,POLICE_NEGOTIATOR,Oh Rodman Yes I got you You named him after him
SD_Police,535,0,GRANT,Yeah
SD_Police,536,0,POLICE_NEGOTIATOR,It is your dog
SD_Police,537,0,GRANT,Yeah He is my first
SD_Police,538,1,POLICE_NEGOTIATOR,Okay Whos going to take care of the dog if you are not there
SD_Police,539,0,GRANT,My dad
SD_Police,540,0,POLICE_NEGOTIATOR,Well Is your dad hes retired from Marine you said
SD_Police,541,0,GRANT,Yeah
SD_Police,542,0,POLICE_NEGOTIATOR,So hes retired is he working anywhere
SD_Police,543,0,GRANT,Yes he works
SD_Police,544,0,POLICE_NEGOTIATOR,Where does he work at
SD_Police,545,0,GRANT,Some oil
SD_Police,546,0,POLICE_NEGOTIATOR,Okay How about your mom does she work
SD_Police,547,0,GRANT,Yes she works for
SD_Police,548,0,POLICE_NEGOTIATOR,Sounds like a financial thing
SD_Police,549,0,GRANT,Yeah
SD_Police,550,0,POLICE_NEGOTIATOR,Okay Are you watching TV or anything or just talking to me
SD_Police,551,0,GRANT,No Im just talking to you
SD_Police,552,0,POLICE_NEGOTIATOR,So youre sitting on the couch or lying down on the couch
SD_Police,553,0,GRANT,Right now Im sitting down in the couch
SD_Police,554,3,POLICE_NEGOTIATOR,Okay All right Well why dont you put the gun down and come outside
SD_Police,555,0,GRANT,I am not going to do that right now
SD_Police,556,2,POLICE_NEGOTIATOR,You think youre going to be able to do it sometimes here in the evening
SD_Police,557,0,GRANT,Whats that
SD_Police,558,2,POLICE_NEGOTIATOR,You think youre willing to come out sometimes during the evening
SD_Police,559,0,GRANT,I dont know I dont really see it happening right now
SD_Police,560,0,POLICE_NEGOTIATOR,Okay why not
SD_Police,561,0,GRANT,Like I told you before I dont think theres anybody who is going to help me and I dont want to go back to Vista
SD_Police,562,1,POLICE_NEGOTIATOR,So thats worth killing yourself over
SD_Police,563,0,GRANT,Yes it is I was only in there for five days but it wouldnt be worth a day to go back
SD_Police,564,1,POLICE_NEGOTIATOR,What are your mom and dad going to say when they find out you killed yourself
SD_Police,565,0,GRANT,I dont know They probably might be pretty upset about it
SD_Police,566,1,POLICE_NEGOTIATOR,Yes I would imagine and then who is your little brother going to have to look up to
SD_Police,567,0,GRANT,He could look up to my dad
SD_Police,568,1,POLICE_NEGOTIATOR,Well dont you think it would be better if he looked up to you as an older brother
SD_Police,569,0,GRANT,Yeah as long as I was around but I dont think I may be around
SD_Police,570,0,POLICE_NEGOTIATOR,Why not
SD_Police,571,0,GRANT,I dont think I want to be around here any longer
SD_Police,572,0,POLICE_NEGOTIATOR,Okay So you got the gun to your chest What is that going to solve
SD_Police,573,0,GRANT,
SD_Police,574,5,POLICE_NEGOTIATOR,Well May be maybe not You know whats going to happen to you when you die Thats the thing Grant we dont know We dont know we just yeah you are right People who have died we dont know whats going to happen Is there heaven is there hell But you come out today well make things better get you some help and if you have other problems with XXXXX take care of that stuff and then move on You sound like you are a pretty intelligent guy You know youve got a good job you can move out of the job you got a nice car youve got people to care about you Okay Youre very articulate I can tell that by talking to you Youre not going to solve any problems youre just going to create a ton of problems for everybody else Okay
SD_Police,575,0,GRANT,Okay
SD_Police,576,1,POLICE_NEGOTIATOR,You need to take care of the little problems you have which are little They seem big and the big picture little Nobody has been hurt and nobody is going to get hurt A lot of people depend on you Okay Not financially but a lot of people depend on you mentally physically and emotionally
SD_Police,577,0,GRANT,Yes
SD_Police,578,0,POLICE_NEGOTIATOR,Okay Do you get along with your parents pretty good
SD_Police,579,0,GRANT,I do get along with them
SD_Police,580,0,POLICE_NEGOTIATOR,Okay Did they get you anything at all for Christmas
SD_Police,581,0,GRANT,Yes not much
SD_Police,582,0,POLICE_NEGOTIATOR,Okay So they got you some things
SD_Police,583,0,GRANT,Yes
SD_Police,584,0,POLICE_NEGOTIATOR,Okay You know when you get older you dont get the cool things like the trucks and all that kind of stuff Did your brother get any cool things
SD_Police,585,0,GRANT,
SD_Police,586,1,POLICE_NEGOTIATOR,Your brother is going to need help Hes going to need help growing up Okay Your mom and dad are going to need help too You know your dad did 20 years in the Core and now he is still working hes going to retire soon and he is going to need your help and I can assure youve got a lot to live for and if you kill yourself youre just going to upset a lot of other people and thats not going to do any good Grant why dont you to put that gun down and come outside
SD_Police,587,0,GRANT,I dont know I was thinking that Ive gone too far now
SD_Police,588,6,POLICE_NEGOTIATOR,No have you hurt anybody No Is anybody dead No right now you have not broken any laws Okay But we wanted to just get you some help You got an emotional breakdown it happens Okay You know that People have problems And you know that I want to help you take care of that problem
SD_Police,589,0,GRANT,So what do I do now just sitting and waiting for you to come in or what
SD_Police,590,1,POLICE_NEGOTIATOR,Definitely They are not going to come in thats why we are asking you to come out Dont you believe if we were going to come in we would have come in a long time ago
SD_Police,591,0,GRANT,Not necessarily
SD_Police,592,0,POLICE_NEGOTIATOR,Well I think so
SD_Police,593,0,GRANT,So what are they going to do if they hear a shot
SD_Police,594,0,POLICE_NEGOTIATOR,Well theyll probably wait And I will try to talk to you on the phone I dont want to hear any shot you dont need to do anything like that Grant why do you want to hurt yourself
SD_Police,595,0,GRANT,Just I dont want to deal with any more of these problems
SD_Police,596,5,POLICE_NEGOTIATOR,Okay they are not you have the big problems right now But if could take care of them it will be over before you know it and you can move on with your life life is much more important Okay You work you take care of yourself all right You sound like youre a smart guy very articulate Okay Also you got a pretty decent job
SD_Police,597,0,GRANT,
SD_Police,598,0,POLICE_NEGOTIATOR,Well I dont know
SD_Police,599,0,GRANT,And why should I stick with anything that I do
SD_Police,600,0,POLICE_NEGOTIATOR,I dont now
SD_Police,601,0,GRANT,You dont know and no one else can help me with that Im just having problems in everything that I do
SD_Police,602,0,POLICE_NEGOTIATOR,Okay Have you been diagnosed with ADD or anything like that
SD_Police,603,0,GRANT,No I havent
SD_Police,604,0,POLICE_NEGOTIATOR,Okay Well maybe what needs to happen is is you need to give it another doctor and maybe theres some sort of drug or something they can help you do this keep you a little more balanced Do you have an anger problem
SD_Police,605,0,GRANT,Yes
SD_Police,606,1,POLICE_NEGOTIATOR,Okay all right Hey everybody has a little bit of an anger problem and how to control it Okay The problem is that you are getting angry and pissed off with everybody Okay And if you get upset and hurt yourself or shut yourself we dont want that to happen Okay We could help you Well make sure you get some good help Okay We have an officer who is trained in the mental health thing hes got a nurse that rides with him Hes working right now And I guarantee well make sure that you get in to see a good doctor tonight All right Well get the help you need that you get the counseling and you could help alleviate with these problems Okay We all have problems believe me We all got problems The good thing is you havent hurt yourself you havent hurt XXXXX you havent hurt anybody else and I dont want to see you hurting anybody like killing yourself or hurting yourself There are still many people out there they care about you okay and appreciate everything that you do And if it was XXXXX that called she called because she cares about you Okay Not to get you in trouble she cares about you
SD_Police,607,0,GRANT,Well why dont phone and find out soon
SD_Police,608,0,POLICE_NEGOTIATOR,Were trying to get hold of her right now okay
SD_Police,609,0,GRANT,Okay Youve been trying to get hold of her for like the past thirty minutes
SD_Police,610,1,POLICE_NEGOTIATOR,Well I am not Im on the phone with you Okay If she is not going to pick up the phone theres not a lot we can do with that Okay Youve never hurt XXXXX before have you
SD_Police,611,0,GRANT,No Never
SD_Police,612,0,POLICE_NEGOTIATOR,Okay Do you like to go the mountains too
SD_Police,613,0,GRANT,Whats that
SD_Police,614,0,POLICE_NEGOTIATOR,Do you normally go skiing with your parents
SD_Police,615,0,GRANT,No never
SD_Police,616,0,POLICE_NEGOTIATOR,Never okay The reason you didnt go because youre working
SD_Police,617,0,GRANT,Yes I didnt really feel like going I just havent had any motivation to do anything lately
SD_Police,618,8,POLICE_NEGOTIATOR,Okay Well believe me this is a hard time to drive around the holidays its really hard time Lot of people get motivated in different ways excuse me everybody dreams of having it one way and unfortunately sometimes it turns out the other way But you got to make the best of what you got Okay You guys never talked about getting married or anything like that
SD_Police,619,0,GRANT,No
SD_Police,620,0,POLICE_NEGOTIATOR,Okay You dont have any kids together How did you get the job at the Harley Davidson Shop
SD_Police,621,0,GRANT,Whats that
SD_Police,622,0,POLICE_NEGOTIATOR,How did you get the job at Harley Shop
SD_Police,623,0,GRANT,I just saw it on and I applied for it
SD_Police,624,5,POLICE_NEGOTIATOR,Oh good Okay all right Well you know what a lot of the times it takes a couple of jobs before you find out which youd like to do I had lots of jobs before I found out what I like to do Understand that A you havent broken any laws today you understand that
SD_Police,625,0,GRANT,Yes I have
SD_Police,626,0,POLICE_NEGOTIATOR,What laws have you broken
SD_Police,627,0,GRANT,The stay away order from XXXXX her whether she with me or not first Im still under violation because I contacted her
SD_Police,628,1,POLICE_NEGOTIATOR,Okay What if she contacted you first we can take care of that Thats a minor thing The thing is you havent hurt anybody nobody got killed and that kind of things And I dont want anymore of that kind of stuff to go on I dont want you to hurt yourself I dont want you to hurt anybody else its not worth it Okay And your birthday is in a couple of days youre going to be 21 Its legal to go out and get a drink You dont have to find someone to buy the beer for you or go to somebodys house You can go out with your friends youll have a good time Think about that
SD_Police,629,0,GRANT,There is nothing I could do I havent already done
SD_Police,630,0,POLICE_NEGOTIATOR,I know that But I think you can legally
SD_Police,631,0,GRANT,Yeah
SD_Police,632,0,POLICE_NEGOTIATOR,And you can have you gone to the casinos or Vegas before
SD_Police,633,0,GRANT,Yeah Ive gone to Vegas Ive gone to casinos Ive gone to bars Ive done everything
SD_Police,634,0,POLICE_NEGOTIATOR,Okay Nothing you can do
SD_Police,635,0,GRANT,Yes
SD_Police,636,1,POLICE_NEGOTIATOR,What Im telling you Grant is theres a lot more to live for rather than killing yourself and dying Okay Remember your parents your kid brother and your friends they care about you and obviously XXXXX cares about you too I just got to know theyre trying to get hold of her I think shes talking to somebody on her phone or something like that They are trying to get a couple of breakthroughs
SD_Police,637,0,GRANT,Yes
SD_Police,638,1,POLICE_NEGOTIATOR,All I want you do is I want you to think about think about all the good things They guarantee the good things are going to outweigh those bad things million to one
SD_Police,639,0,GRANT,No they dont
SD_Police,640,3,POLICE_NEGOTIATOR,If you think about it they do Okay Grant I think you want to come out I think you want to get the help And were there were going to help you Okay
SD_Police,641,0,GRANT,No
SD_Police,642,0,POLICE_NEGOTIATOR,Why not
SD_Police,643,1,GRANT,Its because I think as soon as I go outside I will have guns hold on me Even if I dont walk out there if I go out with my hands clearly in the air naked I think that there is a dozen guns pointing at me the dozen would scream at me to get down on the ground theres dozen with their dogs barking And then even when they trust me I still think theyre going to take me to Vista
SD_Police,644,1,POLICE_NEGOTIATOR,Okay Ill tell you whats going to happen Everything going to Vista You know that You know how the rules are We have to make sure that youre not armed Okay But we will not take you to Vista well take you to get some help like I told you I have been telling you that and telling you that were going to take you to Tri City Hospital to get you the help that you need Okay thats what its all about
SD_Police,645,0,GRANT,And then where from there
SD_Police,646,1,POLICE_NEGOTIATOR,I dont know I cant say Yes you may end up in Vista but again you may not Okay The thing is there are no major new charges against you The violation of the restraining order all you need to do is show the page XXXXX contacted me weve been contacting and everything like that Were not going to worry about that What were worried about is your health and your safety Were worried about getting you out of the house safe get you the care you need So when your parents come back from skiing they know that youre okay You understand where Im coming from Grant
SD_Police,647,0,GRANT,Im understanding where youre coming from
SD_Police,648,1,POLICE_NEGOTIATOR,Okay But youre right I mean you go outside there is going to be a couple of cops pointing guns at you they are going to try to get you down on your hands and knees and as long as you comply theyll come up and handcuff you All right And yes you may ride on the back of the police car or they may put you in an ambulance and well get you to one of the medical facilities Thats it Not to worry about that Okay You want to ruin your parents many vacations you dont want to ruin your friends holidays I dont want to ruin your holidays Okay
SD_Police,649,0,GRANT,My holidays have already been ruined
SD_Police,650,0,POLICE_NEGOTIATOR,Why
SD_Police,651,0,GRANT,And nobody elses vacation is going to get ruined because theyre not going to find out about it for a couple of days anyway
SD_Police,652,0,POLICE_NEGOTIATOR,Who Who is not going to find out about it
SD_Police,653,0,GRANT,My parents arent going to find out about it until they come back
SD_Police,654,0,POLICE_NEGOTIATOR,You think
SD_Police,655,0,GRANT,How are they going to find out about it
SD_Police,656,0,POLICE_NEGOTIATOR,We will contact them We will find a way to contact them believe me
SD_Police,657,0,GRANT,I dont think you guys have any contact number
SD_Police,658,5,POLICE_NEGOTIATOR,Well Youd be surprised what we can do Okay We will make every effort to contact them I dont want to have to do that Sometime friend you got a man up looking you in the face they take care of that Okay You kill yourself Its the you dont know whats going to happen Is there a heaven is there a hell You may end up in hell Nothing good
SD_Police,659,0,GRANT,What XXXXX says is she out there
SD_Police,660,0,POLICE_NEGOTIATOR,No I havent talked to her yet And Im not going to talk to her They havent contacted her yet If they get hold of her and they find out something Ill let you know
SD_Police,661,0,GRANT,Were
SD_Police,662,0,POLICE_NEGOTIATOR,Yeah
SD_Police,663,0,GRANT,Yeah Whats that new there has been a despatch van over there
SD_Police,664,0,POLICE_NEGOTIATOR,No Our fire department dispatch out of
SD_Police,665,0,GRANT,You guys pretty busy tonight
SD_Police,666,0,POLICE_NEGOTIATOR,We were I dont know whats going on now Im just locked in talking with you
SD_Police,667,0,GRANT,How many cops are with you out there
SD_Police,668,1,POLICE_NEGOTIATOR,A lot I have no idea how many are there No way of telling Ill tell you theres a lot Okay Theyre trying to protect you and your neighbors and the neighborhood A lot of people want to get home Theyve been at work you come out of the house we want those people to come home
SD_Police,669,0,GRANT,Is this number one priority
SD_Police,670,0,POLICE_NEGOTIATOR,It probably is I dont know what the other calls are but Im you are the number one priority And my number one priority is getting you to come out of the house Grant what can I do to make you come out of the house
SD_Police,671,0,GRANT,Give me time to think
SD_Police,672,0,POLICE_NEGOTIATOR,Well You know I cant do that
SD_Police,673,0,GRANT,come out of the house
SD_Police,674,3,POLICE_NEGOTIATOR,Yeah You can You can man up come out of the house well take you to the hospital get you the care you need Okay Grant
SD_Police,675,0,GRANT,No
SD_Police,676,0,POLICE_NEGOTIATOR,Why not
SD_Police,677,0,GRANT,I dont want to
SD_Police,678,1,POLICE_NEGOTIATOR,Youre just going to be a coward and kill yourself
SD_Police,679,0,GRANT,Yes
SD_Police,680,0,POLICE_NEGOTIATOR,Thats not going to do any good
SD_Police,681,0,GRANT,We will find out
SD_Police,682,1,POLICE_NEGOTIATOR,No you need to come outside of the house Think about your parents Think about your little brother Think about friends They need you your parents need you Okay And if things dont work out between you and XXXXX theres somebody else out there probably
SD_Police,683,0,GRANT,My front door us unlocked
SD_Police,684,0,POLICE_NEGOTIATOR,Yeah I know your front door is unlocked
SD_Police,685,0,GRANT,Okay So if you need not come in you dont bust any windows doing something like that
SD_Police,686,1,POLICE_NEGOTIATOR,We are not going to come in Weve been waiting for you to come out
SD_Police,687,0,GRANT,Front door is unlocked
SD_Police,688,3,POLICE_NEGOTIATOR,Okay you are going to come out Okay Were not coming in You need to come out But you got to come out Well take you to the hospital Well get you going Get you on the road to get you better Okay Like a long road that youre on Right now youre on one of the big dips We need to get you out of that dip and we need to get you down the road to recovery No we are not going anywhere Grant not till you walk out the door Can you do that for me
SD_Police,689,0,GRANT,No
SD_Police,690,0,POLICE_NEGOTIATOR,Why not What is preventing you from coming outside right now
SD_Police,691,0,GRANT,Lot of things
SD_Police,692,0,POLICE_NEGOTIATOR,Like what Tell me
SD_Police,693,0,GRANT,I just dont want to continue the way that I was and thats what is going to happen
SD_Police,694,0,POLICE_NEGOTIATOR,No its not
SD_Police,695,0,GRANT,Yes it is
SD_Police,696,3,POLICE_NEGOTIATOR,If you come outside and get help and get back on the right track get your head screwed on right you could turn this whole thing around Okay You know you can If you want to and I think you want to All right You have got a family to care about you You have a little brother that cares about you that needs you And youve got your friends Will you do that for me Grant
SD_Police,697,0,GRANT,No
SD_Police,698,0,POLICE_NEGOTIATOR,Why not
SD_Police,699,0,GRANT,I dont think that anybody can make me better
SD_Police,700,8,POLICE_NEGOTIATOR,I think they will Grant you are not the only one its happened to You are not the only 20 year old thats had his heart broken by a girl Okay You can fight through this Youve got to pick yourself by the bootstraps and move on Do you play any sports growing up
SD_Police,701,0,GRANT,No
SD_Police,702,0,POLICE_NEGOTIATOR,Nothing baseball no soccer no nothing
SD_Police,703,0,GRANT,Nothing
SD_Police,704,0,POLICE_NEGOTIATOR,Okay I find that hard to believe
SD_Police,705,0,GRANT,
SD_Police,706,1,POLICE_NEGOTIATOR,Well when life gets tough you have to man up sometimes and pull your neck and take care of your problems
SD_Police,707,0,GRANT,Yeah I dont think Im man enough to do it
SD_Police,708,5,POLICE_NEGOTIATOR,I think you are I really do
SD_Police,709,0,GRANT,If I was man enough to tackle my problems I would never had any problems with XXXXX at all I would never have any problems with anything But I got a lot of problems
SD_Police,710,8,POLICE_NEGOTIATOR,Hey Grant you aint the lone ranger we all got problems Okay Weve got problems with relationships weve got problems with friends we get problems financially But killing yourself isnt the easy way out of it Okay Its going to piss off your parents its going to upset them greatly the prime of his life Theyll think better of you and youll be here for them if you come outside well get you some medical help Okay And let the other people in the neighborhood come back to their house Were not going to come through that front door We are going to wait till you come out the front door because you are going to come out the front door and we are going to get you that help okay
SD_Police,711,0,GRANT,Im not coming out of here so soon
SD_Police,712,3,POLICE_NEGOTIATOR,Why not Why not why not come out and well take care of you they will take care of you right now Can you answer me that
SD_Police,713,0,GRANT,I dont know
SD_Police,714,1,POLICE_NEGOTIATOR,Okay You dont have any good reasons I think you should come outside Well get you the medical and clinical help that you need You got so much to live for man so much to live for You havent even started living Youre only 20 years old tear it up Everybody makes mistakes You maybe keep on moving forward Will you do that for me
SD_Police,715,0,GRANT,No
SD_Police,716,0,POLICE_NEGOTIATOR,Why not Why not
SD_Police,717,0,GRANT,I dont know if you are ready
SD_Police,718,2,POLICE_NEGOTIATOR,Im ready You think youll be ready Sometime you like to come out
SD_Police,719,0,GRANT,And bring it for you
SD_Police,720,7,POLICE_NEGOTIATOR,I dont know hold on Were still trying to get a hold of her okay I just talked to my boss and he said they are trying to get hold of her Okay I would like you talk to Kristal anyway
SD_Police,721,0,GRANT,No I dont want to talk to her
SD_Police,722,1,POLICE_NEGOTIATOR,Okay But obviously shes not hurt or anything no So like I said if you want us to run the call let her I ride a motorcycle and they got tickets and then told me to come here and talk to you If she did call that is sure she cares about but she doesnt want you see you hurt yourself Okay That is why were here Were here to protect to your safety Guarantee your safety and the safety of everybody else in the neighborhood and your family Okay Yesterday was Christmas You hurt yourself you dont want or kill yourself you dont want your parents to think of Christmas every time you go Oh yeah thats right Brian killed himself the day after Christmas You dont want that You wanted us to turn a day the day after Christmas that was good that was a big starting getting help to himself He picks himself by the and went out and started getting help for himself to make himself a better person Brian what is your last name
SD_Police,723,0,GRANT,Sattaur
SD_Police,724,0,POLICE_NEGOTIATOR,Sattaur
SD_Police,725,0,GRANT,aur
SD_Police,726,0,POLICE_NEGOTIATOR,aur
SD_Police,727,0,POLICE_NEGOTIATOR,How do you pronounce that
SD_Police,728,0,GRANT,Sattaur
SD_Police,729,0,POLICE_NEGOTIATOR,Sattaur
SD_Police,730,0,GRANT,Yes
SD_Police,731,0,POLICE_NEGOTIATOR,Okay And I like to leave the glass room and out
SD_Police,732,0,GRANT,Yes
SD_Police,733,0,POLICE_NEGOTIATOR,Did they just turn it off
SD_Police,734,0,GRANT,No
SD_Police,735,0,POLICE_NEGOTIATOR,Okay whats what do you want me to pass onto XXXXX
SD_Police,736,0,GRANT,Listen I just want you to let her know whats going on Just tell her that the police are surrounding my house and I have a gun in my chest and Ive been talking to you for the past hour and a half
SD_Police,737,3,POLICE_NEGOTIATOR,Yeah Where have we got are you going to you think you might come outside the house So we get someone else
SD_Police,738,0,GRANT,No I dont
SD_Police,739,0,POLICE_NEGOTIATOR,Okay Whats that
SD_Police,740,0,GRANT,to her
SD_Police,741,3,POLICE_NEGOTIATOR,Yes we will Well Grant I want you to come outside do you understand Were not going to come in Were not going to come in thats why I want you to step outside the door I want you to leave the gun in the house and come outside We had got our officer there that deals with this kind of stuff Hell make sure you get to one of the facilities thats going to take care of you and get the ball rolling to make you better Okay
SD_Police,742,0,GRANT,I dont
SD_Police,743,0,POLICE_NEGOTIATOR,Well we will connect you to make you go out there You tell me what can I do that you go outside the door
SD_Police,744,0,GRANT,Nothing you do nothing trying to
SD_Police,745,1,POLICE_NEGOTIATOR,No if it is at your comfort Whats going to happen You walk outside the door like you said Yes theyre going to ask you to put your hands up Theyre going to point guns at you Theyre going to tell you to get down in your hands and knees or come out hand up yeah but youre not going to go youre going to go to mental health site So we can help you get your heads turned on right Have you ever put you on medication before
SD_Police,746,0,GRANT,No
SD_Police,747,3,POLICE_NEGOTIATOR,Okay well with the way science is maybe they can find something that will make you run little smoother Okay this is an anger problem which youve got Hope you keep on track Do you want to try that
SD_Police,748,0,GRANT,No
SD_Police,749,0,POLICE_NEGOTIATOR,Why not
SD_Police,750,0,GRANT,Just dont think anything least is going to help me
SD_Police,751,1,POLICE_NEGOTIATOR,Grant youre not the first person to have a problem like this Okay You can get help You are going to have to want to get to help Okay like I said youre going to man up and take care of it Choose yourself the coward way out Yeah you choose yourself and boom your problems theyre gone Look at the problems youre going to raise for your mother your father your brother and your friend Okay
SD_Police,752,0,GRANT,It will only be a problem for a couple of months and they want to celebrate moves on
SD_Police,753,1,POLICE_NEGOTIATOR,No Your mother father and brother will never get over it Never as long as they live and you know it You cant let them go on to a life like that Its not fair to you its not fair to your family its not fair to your little brother He needs a big brother to look up to him Step up and take care of this You need to come outside leave the gun in the house okay would you do that for me please
SD_Police,754,0,GRANT,No
SD_Police,755,0,POLICE_NEGOTIATOR,Okay keep telling me no Everything is negotiable everything
SD_Police,756,0,GRANT,What did you guys say to Kristal what you said
SD_Police,757,1,POLICE_NEGOTIATOR,I havent heard her back I dont know Im sure that they told you this you know youre holding the gun to yourself You want this lasting memory of Grant This is not the memory that your friends or your family need the day after Christmas youre killing yourself Its not fair to you its not fair to them Put yourself in your mom and dad shoes if you had a child You would probably do everything you could in your power to help them Okay No parent wants to see their son or child die or get killed or kill themselves and need to have good fine memories Okay They are not going to ever forget about it Grant You dont want to do to your family you cant You need help we are here to help you and you are not the first person who has ever had these kind of problems Helping on the road to recovery to take care of those problems by coming outside and getting with their officer that handles these kind of problems Okay Like I told you an officer thats trained in these kind of thing He is going to nurse the rights within the these kind of things Please come outside so we get you help or you stay we can go back in their houses Okay You can call your brother and father and let them know that youre okay
SD_Police,758,0,GRANT,Yeah how are you going to call them what number have you got
SD_Police,759,0,POLICE_NEGOTIATOR,I got your cell phone numbers I have both your moms and Julies phone number and your dad Phils telephone number
SD_Police,760,0,GRANT,Yes How did you get those
SD_Police,761,0,POLICE_NEGOTIATOR,I have got them Ill tell you we have computers we have access to phone lines we have got access to records we have got lot of access Okay
SD_Police,762,0,GRANT,Yeah
SD_Police,763,0,POLICE_NEGOTIATOR,I dont want to have to call them myself Grant
SD_Police,764,0,GRANT,You might have got them from Kristal
SD_Police,765,1,POLICE_NEGOTIATOR,Listen to me Grant you be quite and listen to me This is about you and me right now Okay Are you just going to be in there and sit in your house all day or are you are going come out and take care of your business You man up and come outside
SD_Police,766,0,GRANT,Okay
SD_Police,767,0,POLICE_NEGOTIATOR,Because you know what we are going to stay out there all night and if we are got to stay out until your parents get home thats fine we will do it I dont want to have to call your mother and father and tell them that Grant killed himself Okay
SD_Police,768,0,GRANT,I dont think anybody have called you guys have come out and tell them
SD_Police,769,1,POLICE_NEGOTIATOR,No we need to call so they can come home Alright and I think you have an if youre not going to kill yourself and your parents house not to ruin that house for them Not to ruin their Christmas and their lives Okay You have got some problem yeah we do but they aint that big We can get you through these We can get you to help your need by putting the gun down and coming outside and meeting with the officers Okay You need to help we are going to have to give it too We are here to have give to you We want to help you We want to get you basically to a hospital so you can talk to people so you can talk to doctors and clinicians and get you taken care of Its not going to do any good then there to sit in the counsel you and me talk about this You need to come outside and take care of it Can you do that Grant
SD_Police,770,0,GRANT,No
SD_Police,771,0,POLICE_NEGOTIATOR,You can do it Yes you can Yes you can You can you can put the gun down and come outside because when aint coming inside You know we are not going to come inside
SD_Police,772,0,GRANT,Then you will listen to one shot and
SD_Police,773,0,POLICE_NEGOTIATOR,No no we probably wont come inside Its too dangerous
SD_Police,774,0,GRANT,And what if you have one shot and then nothing else for me
SD_Police,775,0,POLICE_NEGOTIATOR,Then well just wait
SD_Police,776,0,GRANT,For how long
SD_Police,777,0,POLICE_NEGOTIATOR,I dont know may be a couple of hours
SD_Police,778,0,GRANT,Yes
SD_Police,779,1,POLICE_NEGOTIATOR,Because you are not going to fire the gun You are going to put the gun down and come outside Grant you dont want to hurt yourself we dont want you to hurt yourself You dont want to die youve got so much to live for Come outside so I can help and try to get our people to help You want to come outside so we can get you help
SD_Police,780,0,GRANT,No
SD_Police,781,0,POLICE_NEGOTIATOR,Why not Why not Grant What good yourself going to do Its not going to do anything
SD_Police,782,0,GRANT,this I can feel that
SD_Police,783,1,POLICE_NEGOTIATOR,No the question is not there Now I am coming through the front door Grant there are a lot of people that are around of your right now Its a cold night people are coming home from work and shopping These kids outside they need to get into their home
SD_Police,784,0,GRANT,I know you will something like this
SD_Police,785,0,POLICE_NEGOTIATOR,No no no Grant I am not making it You are
SD_Police,786,0,GRANT,You are right I know
SD_Police,787,0,POLICE_NEGOTIATOR,And so they dont
SD_Police,788,0,GRANT,
SD_Police,789,1,POLICE_NEGOTIATOR,You shut up and listen to me Grant Just shut up and listen to me Grant Grant shut up and listen to me Grant Grant Grant Grant people will not be allowed into your house Okay are you going to be a coward
SD_Police,790,0,GRANT,Because of
SD_Police,791,1,POLICE_NEGOTIATOR,Grant shut up and listen to me Grant shut up and listen to me Will you do that keep your mouth shut You need to come out of the house so other people can go home
SD_Police,792,0,GRANT,You can send them home I am not coming out
SD_Police,793,1,POLICE_NEGOTIATOR,No You know nobody is going near your house We will not let any civilians there and we are not coming in Okay you need to man up and come outside and take care of your problems Alright I am going to stay on this phone all night and will stay out here the whole time You need to come outside put the gun down and take care of business Okay Can you do that
SD_Police,794,0,GRANT,No
SD_Police,795,1,POLICE_NEGOTIATOR,No so you are just going to be a coward and hide in your house
SD_Police,796,0,GRANT,Yes
SD_Police,797,1,POLICE_NEGOTIATOR,Thats not going to compensate anything isnt it
SD_Police,798,0,GRANT,Yes
SD_Police,799,0,POLICE_NEGOTIATOR,So what happens when your parents come home What happens when your parents come home tonight
SD_Police,800,0,GRANT,Well if you guys anybody in the house You guys are going to let them in
SD_Police,801,1,POLICE_NEGOTIATOR,No we are not going to let them in the house so where are they going to go tonight when they come home Where are they going to go
SD_Police,802,0,GRANT,No idea
SD_Police,803,0,POLICE_NEGOTIATOR,Is that right
SD_Police,804,0,GRANT,Yes
SD_Police,805,1,POLICE_NEGOTIATOR,No its not right Where is your brother going to sleep to night
SD_Police,806,0,GRANT,Maybe in a hotel
SD_Police,807,1,POLICE_NEGOTIATOR,Is that right that they cant be in their own house because you are being stubborn and being a coward instead of being enough of a man to come outside Answer me Answer me Grant
SD_Police,808,0,GRANT,What
SD_Police,809,1,POLICE_NEGOTIATOR,Are you going to be a coward to stay in the house or you are going to be a man and come outside and take care of your problems
SD_Police,810,0,GRANT,I dont know
SD_Police,811,1,POLICE_NEGOTIATOR,So youre a coward
SD_Police,812,0,GRANT,Yes
SD_Police,813,5,POLICE_NEGOTIATOR,What good does that do You dont sound like a coward
SD_Police,814,0,GRANT,Because if anybody good
SD_Police,815,3,POLICE_NEGOTIATOR,Thats right So listen to me Put the gun down and come outside Can you do that
SD_Police,816,0,GRANT,No
SD_Police,817,0,POLICE_NEGOTIATOR,Why not
SD_Police,818,0,GRANT,Whats going to happen
SD_Police,819,0,POLICE_NEGOTIATOR,I told you whats going to happen tonight
SD_Police,820,0,GRANT,I know whats going to happen
SD_Police,821,0,POLICE_NEGOTIATOR,Yeah You are going to end up going to a hospital tonight
SD_Police,822,0,GRANT,And to jail
SD_Police,823,1,POLICE_NEGOTIATOR,Maybe maybe not Is that better than dieing yeah
SD_Police,824,3,GRANT,Can you give me assurance on it
SD_Police,825,5,POLICE_NEGOTIATOR,I dont know I am not the case I am worried about getting you outside Okay Do you see a TV show what you call Baretta and you know what the saying was If you aint got the time dont do the crime Okay you have an anger problem Thats obvious Okay You are stubborn Thats obvious but you know something I am ten times more stubborn than you and you know another thing
SD_Police,826,0,GRANT,Yeah
SD_Police,827,1,POLICE_NEGOTIATOR,I will stay here all night And I will talk to you until you put that gun down and come outside because it is not going to do any good We are not going to come inside even if you we are not going to come inside Thats too dangerous We are not going to put our cops in danger because you are damn stubborn What happens with your parents are hustling home and something happens to them on the way home So sad think about your parents think about your kid brother Thats what you need to think about Alright How old are your mother and father [Shot_fired] Are you there Are you there
