Taylor8_W,4,0,Person,HES HES GONNA HES GOT HES GOT <NAME> HE SAID HES GOING TO LET HER TALK TO YOU
Taylor8_W,5,0,Hostage_Taker,SPEAK UP
Taylor8_W,6,0,Person,IM HOARSE HE SAYS HES GOT HES GOT <NAME> HES GOING TO LET HER TALK TO YOU
Taylor8_W,7,0,Hostage_Taker,WHEN
Taylor8_W,8,0,Person,JUST IN A MINUTE HERE
Taylor8_W,9,0,Hostage_Taker,SHES THERE WELL ID LIKE TO KNOW WHAT THEY TALK TO YOU ABOUT
Taylor8_W,10,0,Person,HE WASNT TALKING TO ME HE WAS BUSY
Taylor8_W,11,4,Hostage_Taker,WELL YOU TOLD ME THAT WHEN HED TALK TO YOU THAT YOUD CALL ME BACK
Taylor8_W,12,1,Person,WELL HE WAS BUSY
Taylor8_W,13,4,Hostage_Taker,YOU SAID <NAME> HES GOTTA TALK TO ME ILL CALL YOU BACK IN A MINUTE <NAME> WHATS GOING ON WHATS THE COUNTY CAR DOING DOWN THERE
Taylor8_W,14,0,Person,IT BEEN HERE ALL NIGHT
Taylor8_W,15,0,Hostage_Taker,<PLACE> DOESNT HAVE A COUNTY CAR LIKE THAT <NAME>
Taylor8_W,16,0,Person,ALL THAT COUNTY CAR IS THE ONE WE LEFT FOR <NAME>
Taylor8_W,17,0,Hostage_Taker,AINT THAT <PLACE> CAR
Taylor8_W,18,0,Person,YES HE WAS UP HERE LAST NIGHT
Taylor8_W,19,0,Person,THE <PLACE> WAS
Taylor8_W,20,0,Person,YES
Taylor8_W,21,0,Hostage_Taker,WHY ARE THEY UP HERE
Taylor8_W,22,0,Person,HE WAS HERE LAST NIGHT
Taylor8_W,23,0,Hostage_Taker,<PLACE> TAKING ME IN AINT HE
Taylor8_W,24,0,Person,I DONT KNOW
Taylor8_W,25,0,Hostage_Taker,YES YOU DO
Taylor8_W,26,1,Person,NO <NAME> I HONESTLY DONT KNOW I AINT TELLING YOU NO BULL I JUST I DONT KNOW NO MORE TO TELL YOU THAN WHAT IM TOLD
Taylor8_W,27,0,Hostage_Taker,OK A FEW MINUTES AGO I WAS TALKING TO YOU AND YOU SAID <NAME> YOU SAID I GOTTA GO HE NEEDS TO TALK TO ME ILL CALL YOU BACK IN A MINUTE AND I SAID FOR YOU TO TELL ME WHAT ALL HE TELLS YOU <NAME>
Taylor8_W,28,0,Person,HE WAS TELLING ME WHAT HIS NAME WAS
Taylor8_W,29,0,Hostage_Taker,WHAT ARE THEY PLANNING TO DO WITH ME IF THEY GET ME
Taylor8_W,30,0,Person,I DONT KNOW <NAME>
Taylor8_W,31,0,Hostage_Taker,NOW I WANNA KNOW BECAUSE IM NOT GOING TO LET THEM GET ME <NAME>
Taylor8_W,32,0,Person,OK HERES THIS MAN WANTING TO TALK TO YOU
Taylor8_W,33,0,Person,HELLO <NAME>
Taylor8_W,34,0,Hostage_Taker,YEAH
Taylor8_W,35,0,Person,THIS IS <NAME> <NAME> IM WITH THE <NAME> IN <PLACE> IM A NEGOTIATOR I CAME UP HERE TO <PLACE> I HEARD YOU HAD A PROBLEM I CAME UP HERE TO SEE IF I COULD HELP YOU OUT ARE YOU DOING OK
Taylor8_W,36,0,Hostage_Taker,YES IM DOING PRETTY GOOD THEY AINT GONING THEY AINT GOING TO TAKE ME TO JAIL
Taylor8_W,37,0,Person,GOOD WELL I DONT THINK THEY ARE GONNA EITHER I UNDERSTAND THERE IS A WARRANT FOR YOU YOU YOU YOUR AWARE OF THAT RIGHT
Taylor8_W,38,0,Hostage_Taker,HMH
Taylor8_W,39,0,Person,HAVE YOU EVER BEEN ARRESTED BEFORE
Taylor8_W,40,0,Hostage_Taker,YES
Taylor8_W,41,8,Person,YOU KNOW WHAT THE PROCEDURE IS YOULL PROBABLY BE OUT ON BOND IN TIME FOR BREAKFAST
Taylor8_W,42,0,Hostage_Taker,NO I AINT GOING TO LET THEM TAKE ME
Taylor8_W,43,0,Person,WELL LETS TALK ABOUT THAT WHAT WHATS THE PROBLEM WITH THAT
Taylor8_W,44,0,Hostage_Taker,THE PROBLEM
Taylor8_W,45,0,Person,YES
Taylor8_W,46,0,Hostage_Taker,I CANT STAND JAIL
Taylor8_W,47,7,Person,WELL YOURE NOT GOING TO BE IN JAIL THE ATTORNEY GENERAL THE <NAME> IS HERE AND HE SAYS IN ALL LIKELIHOOD YOU ARE GOING TO BE BONDED OUT ON THAT SO ITS JUST A FORMALITY YOU YOUR NOT YOURE NOT GOING TO JAIL IN OTHERWORDS IF THEY SERVE THAT WARRANT ON YOU YOURE GOING TO BE BONDED OUT
Taylor8_W,48,0,Hostage_Taker,THEY SERVE A WARRANT ON ME AND TAKE ME IN
Taylor8_W,49,0,Person,AND YOU GO RIGHT BACK OUT ON BOND
Taylor8_W,50,0,Hostage_Taker,WHOS GOING TO THROW THE BOND
Taylor8_W,51,7,Person,WELL YOU CAN WE CAN WORK SOMETHING OUT ON THE ATTORNEY GENERAL ON THAT UNDOUBTEDLY
Taylor8_W,52,0,Hostage_Taker,I AINT GOING TO LET HIM TAKE ME
Taylor8_W,53,0,Person,WELL WOULD YOU LIKE TO GO OUT ON BOND
Taylor8_W,54,0,Hostage_Taker,I DONT WANT TO GO PERIOD
Taylor8_W,55,0,Person,OK I UNDERSTAND THAT BUT LETS LETS TALK REALISTICALLY OK IF IF IF THEY SERVE THE WARRANT AND THATS JUST A FORMALITY OK THE WARRANT IS A PIECE OF PAPER ALRIGHT YOU UNDERSTAND THAT RIGHT
Taylor8_W,56,0,Hostage_Taker,YES
Taylor8_W,57,3,Person,OK THEY HAND YOU A PIECE OF PAPER YOUVE BEEN SERVED WHAT IF WE WORK SOMETHING OUT WITH THE ATTORNEY GENERAL WHERE YOU GET SERVED WE SET UP SOME KIND OF BONDING PROCEDURE AND THAT TAKES CARE OF THE FORMALITY I UNDERSTAND WHAT YOU ARE SAYING ABOUT GOING TO JAIL OK BUT THAT THAT DOESNT HAVE TO FIGURE INTO IT ITS JUST A PHYSICAL PROCEDURE OF SERVING YOU WITH A WARRANT YOU UNDERSTAND WHAT I AM SAYING I ARREST PEOPLE I ARREST PEOPLE ALL THE TIME AND THEY DONT EVEN SEE THE INSIDE OF A JAIL
Taylor8_W,58,0,Hostage_Taker,I GUESS YOU SERVED A WARRANT ON THEM AND THEY DONT EVEN LEAVE THEIR HOUSE
Taylor8_W,59,8,Person,IVE SERVED THEM THAT WAY TOO YES YOU CAN SERVE GRAND JURY WARRANTS THAT WAY YOU CAN SERVE ARREST WARRANTS THAT WAY ALL AN ARREST WARRANT REALLY TELLS YOU IS THAT YOU HAVE TO APPEAR AT A CERTAIN DATE
Taylor8_W,60,0,Hostage_Taker,EVERYTIME IF I HAD A WARRANT SERVED ON ME THEY ALWAYS TOOK ME TO JAIL AND I STAYED THERE UNTIL I GOT OUT ON BOND WHATEVER HAPPENED
Taylor8_W,61,5,Person,WELL LETS SEE IF WE CAN WORK SOMETHING OUT IN THAT RESPECT YOU KNOW THESE PEOPLE ARE HUMAN BEINGS TOO AND AND AND IF YOU SHOW YOURSELF TO BE RESPONSIBLE PERSON THEY ARE GOING TO RESPECT YOU FOR IT
Taylor8_W,62,0,Hostage_Taker,THE ONES IM IN TROUBLE WITH
Taylor8_W,63,0,Person,SURE THEYLL WORK WITH YOU
Taylor8_W,64,0,Hostage_Taker,NOT THE ONES WHO PUT THE WARRANT ON ME WONT
Taylor8_W,65,1,Person,THEYRE NOT NECESSARILY THE ONES WHO ARE GOING TO SERVE IT YOU KNOW A WARRANT A WARRANTS NOT THE END OF THE END OF THE WORLD
Taylor8_W,66,0,Hostage_Taker,IT AINT NO START EITHER
Taylor8_W,67,3,Person,WELL THATS TRUE BUT IT COULD BE IM IM OPEN TO SUGGESTIONS OK BUT I THINK I THINK WE CAN WORK SOMETHING OUT BUT IT HAS TO BE BASED ON YOU KNOW YOU BEING RESPONSIBLE AND BY THAT THAT IT MEANS YOU KNOW YOUR BEHAVIOR I ON THE SITUATION THAT YOURE IN NOW YOU YOU CAN GET A LOT OF RESPECT FROM PEOPLE IF YOU SHOW YOURSELF TO BE RESPONSIBLE YOU KNOW IM NOT GOING TO LIE TO YOU YOU KNOW THERES A WARRANT OUT ITS NOT GONNA GO AWAY BUT I THINK WE CAN HANDLE IT A MANNER THAT YOU CAN BE SATISFIED WITH WHAT DO YOU THINK
Taylor8_W,68,0,Hostage_Taker,THEY AINT NOBODY GOING TO SEE ME RESPONSIBLE FOR NOTHING
Taylor8_W,69,0,Person,I DONT I DONT UNDERSTAND WHAT YOU SAID <NAME>
Taylor8_W,70,0,Hostage_Taker,I SAID THERE AINT NOBODY THAT THINKS IM RESPONSIBLE FOR ANYTHING
Taylor8_W,71,0,Person,WELL I THINK THEY WILL IF YOU IF YOU DO THE RIGHT THING
Taylor8_W,72,0,Hostage_Taker,I HAVE DONE THE RIGHT THING UNTIL UNTIL LAST NIGHT
Taylor8_W,73,5,Person,I UNDERSTAND THAT WELL THEN YOURE AHEAD OF THE GAME RIGHT
Taylor8_W,74,0,Hostage_Taker,NO
Taylor8_W,75,0,Person,THIS IS ONE ISOLATED INCIDENT ARE YOU GOING TO HAVE BREAKFAST THIS MORNING
Taylor8_W,76,0,Hostage_Taker,NO
Taylor8_W,77,0,Person,WOULD YOU LIKE TO
Taylor8_W,78,0,Hostage_Taker,NO
Taylor8_W,79,0,Person,HOW ABOUT THE BABY
Taylor8_W,80,0,Hostage_Taker,SHES FINE
Taylor8_W,81,0,Person,IS SHE GOING TO GET BREAKFAST THIS MORNING
Taylor8_W,82,0,Hostage_Taker,I DONE FED HER FANTASTIC
Taylor8_W,83,0,Person,WHAT DID YOU FEED HER
Taylor8_W,84,0,Hostage_Taker,HER BOTTLE
Taylor8_W,85,0,Person,YOU KNOW HOW TO DO THAT
Taylor8_W,86,0,Hostage_Taker,GIVE HER HER BOTTLE
Taylor8_W,87,0,Person,YES
Taylor8_W,88,0,Hostage_Taker,YES
Taylor8_W,89,0,Person,I NEVER HAD MUCH TIME FOR THAT BUT
Taylor8_W,90,0,Hostage_Taker,I HAVE DONE FED HER TWO BOTTLES AND CHANGED HER DIAPERS SO SHES PRETTY WELL TAKEN CARE OF RIGHT NOW
Taylor8_W,91,0,Person,YOURE KIND OF A DOMESTIC GUY YOU KNOW I I NEVER GET HOME HARDLY ENOUGH HARDLY TO GET INVOLVED IN ANY OF THAT STUFF DID YOU DID YOU WARM THE STUFF
Taylor8_W,92,0,Hostage_Taker,ITS ALREADY WARM I DONT REFRIDGERATE IT
Taylor8_W,93,0,Person,UH HUH HOWS HOWS THAT BABY DOING NOW
Taylor8_W,94,0,Hostage_Taker,I GET HER IN THERE IN BED
Taylor8_W,95,0,Person,HUH SOUNDS LIKE A GOOD KID SHES SLEEPING HUH
Taylor8_W,96,0,Hostage_Taker,YES I KEPT HER UNDER THE ELECTRIC BLANKET SO SHES WARM
Taylor8_W,97,0,Person,MHM MHM WHATS WHATS HER NAME
Taylor8_W,98,0,Hostage_Taker,<NAME>
Taylor8_W,99,5,Person,THATS A BEAUTIFUL NAME WHO NAMED HER THAT
Taylor8_W,100,0,Hostage_Taker,HER <NAME>
Taylor8_W,101,0,Person,MHM MHM AND AND YOU DONT CARE FOR BREAKFAST THIS MORNING
Taylor8_W,102,0,Hostage_Taker,MHM MHM NO
Taylor8_W,103,3,Person,OK HOW ABOUT HOW ABOUT IF YOU AND I WORK ON THIS SITUATION AND WE GET IT RESOLVED OK CAN WE DO THAT
Taylor8_W,104,0,Hostage_Taker,I DONT KNOW
Taylor8_W,105,1,Person,ID LIKE TO HEAR YOUR SIDE OF IT
Taylor8_W,106,0,Hostage_Taker,MY SIDE OF WHICH STORY
Taylor8_W,107,0,Person,WELL WHATEVER YOU WANT TO TALK ABOUT IF THE WARRANTS A PROBLEM OR A GIRLFRIEND PROBLEM OR WHATEVER IT IS
Taylor8_W,108,0,Hostage_Taker,BOTH PROBLEMS
Taylor8_W,109,0,Person,OK WHICH DO YOU WANT TO TALK ABOUT FIRST
Taylor8_W,110,0,Hostage_Taker,IT DONT MATTER
Taylor8_W,111,8,Person,WELL EVERYBODY HAS PROBLEMS WITH GIRLS
Taylor8_W,112,0,Hostage_Taker,MHM MHM
Taylor8_W,113,8,Person,ITS JUST PART OF BEING AROUND HOW ABOUT IF WE TALK ABOUT THE WARRANT PROBLEM
Taylor8_W,114,0,Hostage_Taker,THATS THE BIGGEST PROBLEM
Taylor8_W,115,0,Person,OK WHAT DO YOU WHAT DO YOU THINK IS GOING TO HAPPEN IF THEY SERVE A WARRANT ON YOU
Taylor8_W,116,0,Hostage_Taker,THEYRE GOING TO TAKE ME TO JAIL TAKE ME TO COURT GIVE ME A LITTLE TIME
Taylor8_W,117,0,Person,HAVE YOU GOT AN ATTORNEY
Taylor8_W,118,0,Hostage_Taker,NO
Taylor8_W,119,0,Person,YOU HAVE YOU HAVE ANY MONEY FOR AN ATTORNEY
Taylor8_W,120,0,Hostage_Taker,NO
Taylor8_W,121,1,Person,OK WELL THEYLL GET YOU ONE THEN THATS THE LAW YOU KNOW
Taylor8_W,122,0,Hostage_Taker,YES I KNOW
Taylor8_W,123,0,Person,SO WHATS THE BIGGEST PROBLEM THERE I THINK THE BIGGEST PROBLEM FROM WHAT YOU SAID EARLIER IS YOU DONT WANNA YOU DONT WANNA GO TO JAIL RIGHT
Taylor8_W,124,0,Hostage_Taker,MHM MHM
Taylor8_W,125,3,Person,OK WHAT IF WE WORK SOMETHING OUT WITH THE ATTORNEY GENERAL TO GET YOU SERVED AND SEE IF WE CANT GET YOU BONDED OUT YOU KNOW I THINK THEY MIGHT AGREE TO THAT IF IF YOU SHOW SOME GOOD FAITH ON YOUR PART
Taylor8_W,126,0,Hostage_Taker,GET BONDED OUT THEY SERVE ME A WARRANT THEY TAKE ME IN AND AND GET ME TO BELIEVE THAT I BE JUST WALKING THROUGHT THE DOOR AND WALKING BACK OUT
Taylor8_W,127,0,Person,YES YES
Taylor8_W,128,0,Hostage_Taker,I DONT
Taylor8_W,129,3,Person,WELL IM GONNA YOU KNOW IM NOT GONNA SAY HEY BELIEVE THAT RIGHT NOW I HAVENT TALKED TO THE <NAME> YET YOU WANNA GIVE ME SOME TIME TO WORK ON THAT AND ILL CALL YOU BACK
Taylor8_W,130,3,Hostage_Taker,YES IF YOU LET ME TALK TO MY <NAME>
Taylor8_W,131,1,Person,WELL SHES BUSY RIGHT NOW YOU KNOW YOU AND I CAN WORK THIS OUT OK BECAUSE IM THE ONE WHOS GOING TO TALK TO THE <NAME> FOR YOU YOU KNOW THEY GOT ME OUT OF BED IN THE MIDDLE OF THE NIGHT AND SAID THERES A GUY UP HERE HES GOT A PROBLEM THATS WHAT IM DOING HERE OK SO IF I GOT UP IN THE MIDDLE OF THE NIGHT LET ME WORK ON IT FOR YOU ALRIGHT YOU UNDERSTAND WHAT I AM SAYING
Taylor8_W,132,0,Hostage_Taker,I GUESS YOU CAN DO WHAT YOU WANT TO
Taylor8_W,133,3,Person,I CANT DO EVERYTHING I WANT TO HOW ABOUT IF YOU AND I GET TOGETHER ON THIS THING AND GET IT RESOLVED OK FOR OPENERS <NAME> IM NOT GOING TO LIE TO YOU ABOUT ANYTHING OK
Taylor8_W,134,0,Hostage_Taker,ITS HARD TO BELIEVE ANYBODY
Taylor8_W,135,1,Person,WELL LET ME PROVE IT TO YOU IM NOT GOING TO GET UP IN THE MIDDLE OF THE NIGHT AND COME ALL THE WAY UP HERE FROM <PLACE> TO LIE TO SOMEBODY IF I WAS GOING TO DO THAT I WOULDNT HAVE MADE THE TRIP LETS TALK ABOUT THE WARRANT AND AND YOU KNOW A SOLUTION OK
Taylor8_W,136,0,Hostage_Taker,I DID
Taylor8_W,137,0,Person,WHATS WHATS YOUR IDEAS ON IT
Taylor8_W,138,0,Hostage_Taker,WHATS MY IDEAS
Taylor8_W,139,0,Person,YES
Taylor8_W,140,0,Hostage_Taker,I DONT HAVE ANY
Taylor8_W,141,0,Person,WELL WHAT IF IF WE DID ABOUT WHAT YOU AND I TALKED ABOUT EARLIER
Taylor8_W,142,0,Hostage_Taker,I DONT WANT TO BE TAKEN IN
Taylor8_W,143,3,Person,I UNDERSTAND THAT WHAT IF WE WORK ON THAT WHAT IF WE WORK ON THAT BONDING OUT SITUATION WE GOT THE <NAME> RIGHT HERE WHAT IF WHAT IF HE AND I SIT AND WE TALK ABOUT THIS PROBLEM AND ILL GIVE YOU A CALL BACK WOULD THAT BE OK WITH YOU
Taylor8_W,144,0,Hostage_Taker,I STIL WANT TO TALK TO MY <NAME>
Taylor8_W,145,4,Person,WELL IM GOING TO LET YOU TALK TO HER BUT YOU SAID THIS IS A THIS IS A THE PRIMARY PROBLEM RIGHT
Taylor8_W,146,0,Hostage_Taker,YES
Taylor8_W,147,1,Person,WE GET THIS OUT OF THE WAY AND YOU CAN TALK TO YOUR MOTHER TWENTY FOUR HOURS A DAY
Taylor8_W,148,0,Hostage_Taker,I WANNA TALK TO HER NOW
Taylor8_W,149,3,Person,WELL IM GOING TO LET YOU TALK TO HER IM GOING TO TRY AND HELP YOU GET THE THING RESOLVED THINK WE CAN DO THAT
Taylor8_W,150,0,Hostage_Taker,CAN TRY
Taylor8_W,151,0,Person,OK THATS ALL IM ASKING IM GOING TO TALK TO THE <NAME> RIGHT NOW SO IM GONNA LEAVE YOU AND IF YOU WANT TO TALK TO ME REMEMBER MY NAME IS <NAME> OK YOU KNOW THE PHONE NUMBER OF WHERE I AM RIGHT IM THE SAME PLACE AS YOUR <NAME> IS
Taylor8_W,152,0,Hostage_Taker,YOURE GOING TO BE USING THEIR PHONE
Taylor8_W,153,0,Person,YES SO BUT IF YOU WANT TO TALK TO ME CALL ME THEN OK AND JUST ASK FOR <NAME>
Taylor8_W,154,0,Hostage_Taker,CAN I SPEAK TO HER RIGHT NOW FOR A MINUTE
Taylor8_W,155,0,Person,HANG ON JUST A SECOND <NAME>
Taylor8_W,156,0,Hostage_Taker,YES
Taylor8_W,157,5,Person,OK SHES SITTING OVER THERE TALKING TO A COUPLE OF PEOPLE AND ILL GET HER ON AS SOON AS SHE GETS THROUGH BUT IM GONNA LEAVE YOU NOW IM GOING TO TALK IM GOING TO BE WORKING FOR YOU DOWN HERE ON THIS PROBLEM WITH THE WARRANT OK AND IF YOU WANT TO CHECK WITH ME YOU CALL ME DOWN HERE AND ILL GET RIGHT BACK TO YOU ALRIGHT IS THAT OK SEE IM NOT SMART ENOUGH TO HANDLE MORE THAN ONE THING AT A TIME OK
Taylor8_W,158,0,Hostage_Taker,WELL WHILE YOU TALK TO WHOEVERS DOWN THERE I WANT TO TALK TO HER
Taylor8_W,159,1,Person,YES BUT WE MIGHT WE MIGHT NEED TO USE THE PHONE TO GET THIS AUTHORITY THROUGH SO LETS LETS KEEP IT SIMPLE AND WELL HANDLE ONE THING AT A TIME
Taylor8_W,160,0,Hostage_Taker,ALL YOU GOTTA DO IS SAY I NEED THE PHONE AND ILL LET HER GO
Taylor8_W,161,0,Person,YES WELL WE MIGHT HAVE TO USE THE PHONE AND WE JUST GOT THE WE JUST GOT THE ONE PHONE DOWN HERE
Taylor8_W,162,0,Hostage_Taker,THATS WHY ID LET HER GO
Taylor8_W,163,0,Person,PARDON
Taylor8_W,164,0,Hostage_Taker,THATS WHY I FIGURED YOU USED THE PHONE SHE CAN TELL ME
Taylor8_W,165,3,Person,WELL IM GONNA IM GONNA HAVE YOUR <NAME> ON THE PHONE IN JUST A MINUTE BUT RIGHT NOW LET ME WORK ON THIS THING AND AND IF WE ARE NOT ON THE PHONE YOU CALL US YOU CALL US BACK AND YOU CAN TALK TO ME ALRIGHT BUT LET ME LET ME SIT DOWN RIGHT NOW WITH THE <NAME> AND TALK ABOUT THIS WARRANT PROBLEM WELL TAKE ONE THING AT A TIME OK
Taylor8_W,166,1,Hostage_Taker,BUT THAT AINT WHAT I BEEN ASKING FOR
Taylor8_W,167,0,Person,WHAT WHAT ARE YOU ASKING FOR THATS WHAT I WANT THATS WHAT I WANT TO TALK TO YOU ABOUT
Taylor8_W,168,0,Hostage_Taker,I WANT TO TALK TO HER FOR A MINUTE
Taylor8_W,169,0,Person,WELL IM GOING TO LET YOU DO THAT
Taylor8_W,170,0,Hostage_Taker,BUT THATS AFTER AWHILE
Taylor8_W,171,0,Person,YES DONT YOU DONT YOU WANT THIS THING RESOLVED WITH THE WARRANT
Taylor8_W,172,0,Hostage_Taker,YES BUT I NEED TO TALK TO HER NOW THOUGH
Taylor8_W,173,4,Person,I THOUGHT I THOUGHT YOU WANTED TO GET THE WARRANT PROBLEM OUT OF THE WAY FIRST BECAUSE I ASKED YOU WHAT WHAT THE PROBLEM WAS INITIALLY AND YOU SAID IT WAS THE WARRANT PROBLEM THAT WAS THE BIG PROBLEM HERE SEE I CANT I CANT HELP YOU IF YOU DONT YOU DONT TALK TO ME
Taylor8_W,174,1,Hostage_Taker,IF I CAN TALK TO HER I CAN PROBABLY SLIGHTEN THE PROBLEM A LITTLE BIT
Taylor8_W,175,1,Person,WELL SHES SHES NOT THE APPROPRIATE PERSON TO TALK TO ABOUT YOU KNOW ABOUT THIS KIND OF SITUATION YOUR MOTHERS NOT GOING TO TALK TO THE ATTORNEY GENERAL YOU KNOW I DONT HAVE ANY PROBLEM WITH YOU TALKING TO YOUR MOTHER BUT LETS TAKE FIRST THINGS FIRST HERE
Taylor8_W,176,0,Hostage_Taker,I STILL NEED TO TALK TO HER
Taylor8_W,177,0,Person,WELL IM GOING TO LET YOU
Taylor8_W,178,0,Hostage_Taker,I MEAN I NEED TO TALK TO HER NOW
Taylor8_W,179,0,Person,WELL WHAT IF YOU KNOW WE ARE SITTING DOWN IN HERE WITH ONE PHONE OK
Taylor8_W,180,2,Hostage_Taker,ITS JUST WONT TAKE FIFTEEN SECONDS
Taylor8_W,181,1,Person,MHM MHM SEE THATS DELAYING WHAT WE WANT TO DO IN GETTING THIS GETTING THIS THING THIS WARRANT HANDLED BECAUSE THE <NAME> MAY HAVE TO CALL SOMEBODY
Taylor8_W,182,0,Hostage_Taker,IM I REALLY AINT WORRIED ABOUT MYSELF
Taylor8_W,183,0,Person,WHAT DO YOU MEAN BY THAT
Taylor8_W,184,0,Hostage_Taker,IM JUST NOT WORRIED ABOUT MYSELF
Taylor8_W,185,3,Person,WELL THATS GOOD TELL YOU WHAT ILL DO <NAME> LET ME SEE IF I CAN TALK TO THE <NAME> HERE AND ILL GET YOUR <NAME> TO CALL YOU ALRIGHT
Taylor8_W,186,0,Hostage_Taker,I DONT SEE WHY I CANT TALK TO HER AT LEAST
Taylor8_W,187,1,Person,YOU KNOW SHES BEEN UP ALL NIGHT TOO YOU OUGHT TO GIVE HER A BREAK
Taylor8_W,188,0,Hostage_Taker,IM GOING TO GIVE HER A BREAK
Taylor8_W,189,3,Person,ALRIGHT ILL TELL YOU WHAT LET ME LET ME SEE WHAT I CAN DO WITH THIS WARRANT AND ILL GET YOUR MOTHER OK IS THAT ALRIGHT
Taylor8_W,190,0,Hostage_Taker,IS IS IT ALRIGHT IF I TALK TO HER FOR FIFTEEN SECONDS
Taylor8_W,191,0,Person,SURE I DONT HAVE ANY PROBLEM WITH THAT BUT DO YOU WANT ME TO WORK ON THE WARRANT I WANT TO KNOW IF THATS WHAT YOU WANT YOU DONT SEEM THAT INTERESTED
Taylor8_W,192,0,Hostage_Taker,WELL THATS BECAUSE I DONT WANT ANYBODY TO TAKE ME IN
Taylor8_W,193,4,Person,WELL THEN YOU ARE INTERESTED
Taylor8_W,194,0,Hostage_Taker,WELL IF THEY COME AT ME THEYLL JUST HAVE TO HAUL ME IN
Taylor8_W,195,0,Person,WELL NOBODY IS GOING TO DO ANYTHING LIKE THAT WHY DO SOMETHING LIKE THAT
Taylor8_W,196,0,Hostage_Taker,BECAUSE
Taylor8_W,197,0,Person,YOURE A GROWN UP RIGHT
Taylor8_W,198,0,Hostage_Taker,YES HOPE TO BE
Taylor8_W,199,0,Person,SO WHY SO WHY WOULD THEY DO SOMETHING LIKE THAT
Taylor8_W,200,0,Hostage_Taker,BECAUSE I WOULDNT WANT TO GO
Taylor8_W,201,1,Person,WELL YOU PROBABLY WONT HAVE TO GO ANYWHERE BUT YOU KNOW THE REASON THE REASON IM TALKING ABOUT THE WARRANT AND SO FORTH AND AND AND I KNOW YOU WANT TO TALK TO YOUR MOTHER IS TO HANDLE THINGS ONE THING AT A TIME GET THEM DONE YOU KNOW THE RIGHT WAY AND THEN THERES NO PROBLEM TELLING TO YOUR MOTHER BUT WE WE JUST GOT THE ONE PHONE HERE AND WE ARE GOING TO DO SOME CHECKING ON THIS WARRANT SO WE ARE GOING TO NEED THIS PHONE IN OTHER WORDS WE ARE WORKING TOGETHER ON THIS THING WE ARE WORKING FOR YOU SO YOUR GONNA HAVE TO UNDERSTAND THAT OK SO IM IF IF YOU NEED ME TRY TO CALL ME AND IF THE PHONE IS BUSY THAT MEANS WE ARE CALLING SOMEBODY ABOUT THIS WARRANT TO FIND OUT SOME OF THE DETAILS HOW WE CAN HANDLE THE THING AND BUT IF YOU NEED ME AND YOU CAN GET THROUGH TO ME ASK FOR <NAME> OK
Taylor8_W,202,0,Hostage_Taker,THERES SOMETHING ELSE I NEED TO TELL HER RIGHT NOW
Taylor8_W,203,0,Person,WELL
Taylor8_W,204,1,Hostage_Taker,AND ITS IMPORTANT I NEED TO TALK TO HER
Taylor8_W,205,3,Person,WELL LETS HANDLE THIS THING FIRST AND ILL GET BACK TO YOU ON THAT OK YOU JUST YOU JUST RELAX THERE <NAME> LETS DO LETS DO THIS THING IN YOUR BEST INTEREST OK
Taylor8_W,206,3,Hostage_Taker,LET ME TALK TO HER AND DEAL WITH THIS AND YOU CAN DEAL WITH ME LATER
Taylor8_W,207,3,Person,NO LETS TAKE CARE OF THIS NOW AND THEN YOU CAN TALK TO HER YOU CAN SIT UP ALL NIGHT WITH HER IF YOU WANT OR ALL DAY LETS LETS DO ONE THING AT A TIME
Taylor8_W,208,1,Hostage_Taker,WELL I CAN COME LATER I NEED TO TALK TO HER NOW MY LITTLE GIRL IS GOING TO HAVE TO COME FIRST
Taylor8_W,209,0,Person,MHM MHM
Taylor8_W,210,1,Hostage_Taker,THATS WHY I NEED TO TALK TO HER
Taylor8_W,211,1,Person,DONT YOU THINK IF WE HANDLE SOMETHING IN YOUR INTEREST THAT THATS IN HERS TOO
Taylor8_W,212,0,Hostage_Taker,BUT STILL THIS IS JUST MORE IMPORTANT THAN IT IS FOR THE WARRANTS ON ME
Taylor8_W,213,3,Person,OK WELL HOW ABOUT IF HOW ABOUT IF WE HAVE SOMEONE COME UP THERE AND PICK UP THE BABY AND GET THAT BABY OUT OF THERE
Taylor8_W,214,0,Hostage_Taker,WELL LET ME TALK TO HER
Taylor8_W,215,3,Person,AND GET THAT OFF YOUR HANDS AND GET YOUR <NAME> AND SO FORTH AND WORK THIS DOG GONE THING OUT
Taylor8_W,216,3,Hostage_Taker,THATS WHY IF YOU LET ME TALK TO HER I JUST MIGHT LET SOMEBODY COME UP HERE AND GET HER
Taylor8_W,217,5,Person,WELL NOW YOUR NOW YOUR MAKING REAL GOOD SENSE
Taylor8_W,218,0,Hostage_Taker,THATS WHY I WANTED TO TALK TO HER
Taylor8_W,219,0,Person,MHM MHM
Taylor8_W,220,0,Hostage_Taker,THATS WHY I SAID SHE COMES FIRST
Taylor8_W,221,0,Person,WHEN YOU SAID MIGHT NOW I TOLD YOU ID HELP YOU
Taylor8_W,222,0,Hostage_Taker,IT WOULD TO HAVE TO BE HER
Taylor8_W,223,3,Person,YES WHAT WOULD YOU KNOW HEY IF YOU AND I WORK THAT OUT OR YOURE GOING TO HAVE TO GIVE ME A PROMISE YOU UNDERSTAND THAT
Taylor8_W,224,0,Hostage_Taker,MHM MHM BUT I NEED TO TALK TO HER
Taylor8_W,225,0,Person,YES BUT DO YOU KNOW WHAT I AM TALKING ABOUT
Taylor8_W,226,0,Hostage_Taker,WHAT
Taylor8_W,227,3,Person,THE PROMISE IS THAT YOURE NOT GOING TO HURT YOUR MOTHER
Taylor8_W,228,0,Hostage_Taker,IM NOT GOING TO HURT MY <NAME>
Taylor8_W,229,1,Person,WELL I KNOW THAT BUT YOU KNOW WE DONT KNOW EACH OTHER TO WELL RIGHT
Taylor8_W,230,0,Hostage_Taker,I GUESS
Taylor8_W,231,1,Person,AND THOSE ARE SOME OF THE THINGS YOU KNOW THAT I GOTTA MAKE SURE ARENT GOING TO HAPPEN JUST LIKE I SAID IM GOING TO HELP YOU RIGHT IF YOU LET ME HELP YOU
Taylor8_W,232,0,Hostage_Taker,IM NOT GOING TO HURT ANYONE ELSE IF IM GOING TO HURT ANYBODY IT WOULD BE MYSELF
Taylor8_W,233,5,Person,WELL WE DONT WANT THAT EITHER DO WE THAT WOULDNT ACCOMPLISH ANYTHING YOU SOUND LIKE YOURE A PRETTY REASONABLE GUY
Taylor8_W,234,0,Hostage_Taker,I TRY TO BE SOMETIMES
Taylor8_W,235,4,Person,THIS IS A GOOD TIME TO BE THAT WAY GET THIS THING TAKEN CARE OF AND EVERTHING WILL BE FINE <NAME>
Taylor8_W,236,0,Hostage_Taker,HUH
Taylor8_W,237,0,Person,YOU DO WANT ME TO WORK ON THIS WARRANT RIGHT
Taylor8_W,238,0,Hostage_Taker,I NEED TO TALK TO HER FIRST
Taylor8_W,239,0,Person,WELL
Taylor8_W,240,0,Hostage_Taker,ABOUT MY LITTLE GIRL
Taylor8_W,241,0,Person,IF YOURE GONNA TALK TO WHEN YOU SAY YOUR LITTLE GIRL ARE YOU TALKING ABOUT <NAME>
Taylor8_W,242,0,Hostage_Taker,YES
Taylor8_W,243,0,Person,WHAT DO YOU NEED SOME ADVICE ON DIAPERS OR SOMETHING
Taylor8_W,244,0,Hostage_Taker,NO I ALREADY KNOW HOW TO CHANGE HER DIAPERS
Taylor8_W,245,3,Person,YEAH WELL YOU SAID SOMETHING THERE THAT MADE ME THINK YOU ARE A PRETTY RIGHT GUY AND THATS ABOUT IF I TALK TO MY <NAME> WELL ARRANGE FOR SOMETHING TO HAVE THE BABY TAKEN CARE OF LETS LETS TALK ABOUT THAT FOR A LITTLE BIT
Taylor8_W,246,0,Hostage_Taker,WELL
Taylor8_W,247,2,Person,YOU KNOW YOU KNOW WHAT IM ASKING IM ASKING FOR SOME SOME GOOD FAITH HERE IT MEANS IVE TOLD YOU THAT ID DO MY BEST FOR YOU ON THIS WARRANT AND SEE IF WE CANT GET THE THING HANDLED OK
Taylor8_W,248,0,Hostage_Taker,YES
Taylor8_W,249,0,Person,YOU KNOW TO SOMETHING THAT YOUR SATISFIED WITH
Taylor8_W,250,0,Hostage_Taker,YES
Taylor8_W,251,1,Person,YOU KNOW IM NOT GOING TO BS YOU OK IM GOING TO BE REALISTIC WITH YOU BUT ON THE SAME TOKEN ON THE SAME HAND YOU KNOW I ID LIKE FOR US TO DO SOMETHING TOGETHER AND THATS THATS BASICALLY REGARDING THE BABY THERE WE DONT HAVE ANY PROBLEMS UNLESS WE MAKE PROBLEMS
Taylor8_W,252,0,Hostage_Taker,MHM MHM
Taylor8_W,253,1,Person,AND THAT BABY IS GOING TO BE WAKING UP PRETTY SOON I DONT KNOW ABOUT YOU BUT IM NOT A VERY GOOD BABYSITTER I DONT GET ENOUGH PRACTICE FOR ONE THING THAT SURE WOULD MAKE THINGS EASIER FOR US IM TALKING ABOUT YOU AND I IF WE CAN GET THAT THING RESOLVED
Taylor8_W,254,0,Hostage_Taker,ONE MORE TIME IM GONNA GET THIS HERE YOU KNOW CHILD ILL GET THIS OVER BUT BEFORE I CAN I NEED TO TALK TO HER
Taylor8_W,255,3,Person,MHM MHM BUT WE ARE GONNA IM GONNA LET YOU TALK TO HER BUT BUT LETS TALK LETS TALK ABOUT WHEN YOU TALK TO YOUR MOTHER WHY WHY DONT WE SET SOMETHING UP TO HELP YOU OUT UP THERE
Taylor8_W,256,0,Hostage_Taker,LIKE WHAT
Taylor8_W,257,3,Person,GETTING THAT BABY
Taylor8_W,258,0,Hostage_Taker,THATS WHAT I WANT TO TALK TO HER ABOUT
Taylor8_W,259,3,Person,OK WHEN YOU TALK TO HER ARE YOU GOING TO TALK ABOUT GETTING THE BABY OUT OF THERE
Taylor8_W,260,0,Hostage_Taker,YES THATS WHAT IM GONNA DO IM JUST GOING TO SET SOMETHING UP FOR HER TO GET HER
Taylor8_W,261,1,Person,OK HOW ABOUT IF WE TALK ABOUT IT FIRST SO WE DONT HAVE ANY MISTAKES DO IT THE SIMPLEST WAY POSSIBLE
Taylor8_W,262,3,Hostage_Taker,ITLL BE SIMPLE ALL SHE GOTTA TO DO IS COME UP HERE AND GET HER
Taylor8_W,263,0,Person,HUH OK YOU WANT YOU WANT YOUR <NAME> TO COME UP AND GET THE BABY
Taylor8_W,264,0,Hostage_Taker,YES
Taylor8_W,265,0,Person,OK IS THERE ANYBODY ELSE UP THERE WITH YOU
Taylor8_W,266,0,Hostage_Taker,NO JUST ME AND HER
Taylor8_W,267,0,Person,OK WELL WOULD YOU LIKE FOR ME TO COME UP WITH YOUR <NAME>
Taylor8_W,268,0,Hostage_Taker,NO JUST HER COME BY HERSELF
Taylor8_W,269,1,Person,MHM MHM SEE THATS A THATS A PROBLEM FOR FOR AH FOR SOME OF THE PEOPLE HERE WHETHER THEY CAN TRUST YOU OR NOT
Taylor8_W,270,0,Hostage_Taker,WELL SHE CAN
Taylor8_W,271,0,Person,YES
Taylor8_W,272,0,Hostage_Taker,SHE KNOWS MORE ABOUT ME
Taylor8_W,273,3,Person,SO BECAUSE OF SOME OF THE STUFF THATS HAPPENED YOU KNOW WE GOTTA MAKE SURE YOU DONT HURT YOUR <NAME> AND I GOTTA HAVE A PROMISE FROM YOU THAT THAT WILL BE THE SITUATION IF SHE COMES UP
Taylor8_W,274,0,Hostage_Taker,WHAT NOT TO HURT HER
Taylor8_W,275,0,Person,YES
Taylor8_W,276,0,Hostage_Taker,IM NOT GONNA
Taylor8_W,277,1,Person,I KNOW I KNOW THAT MIGHT SOUND FUNNY TO YOU YOU KNOW BUT YOU AND I DONT KNOW EACH OTHER THAT WELL AND YOU KNOW IVE GOTTA RESPONSIBILITY THAT IF YOU KNOW <NAME> AND I TALK ABOUT THIS AND <NAME> AND I MAKE A DEAL THAT <NAME> IS GONNA GONNA TO DO WHAT HE SAYS IVE ALREADY PROMISED YOU IM GOING TO DO WHAT I SAY BOUND BY THAT
Taylor8_W,278,0,Hostage_Taker,I NEVER BREAK A PROMISE
Taylor8_W,279,0,Person,PARDON
Taylor8_W,280,0,Hostage_Taker,I SAID I NEVER DO BREAK A PROMISE IF I PROMISE SOMETHING I MEAN IT
Taylor8_W,281,5,Person,WELL I DONT EITHER WE WOULDNT GET FAR IF WE DID WOULD WE
Taylor8_W,282,0,Hostage_Taker,NO
Taylor8_W,283,0,Person,WELL HOW WOULD YOU LIKE TO DO THIS
Taylor8_W,284,0,Hostage_Taker,HOW WOULD I LIKE TO DO THIS
Taylor8_W,285,0,Person,YES
Taylor8_W,286,0,Hostage_Taker,WELL ID LIKE TO TALK TO HER AND TELL HER WHAT I WANT HER TO DO
Taylor8_W,287,1,Person,YES BUT YOU YOU GOTTA UNDERSTAND THAT YOU KNOW WE ARE RESPONSIBLE DOWN HERE
Taylor8_W,288,0,Hostage_Taker,YES
Taylor8_W,289,3,Person,SO ID LIKE TO TALK TO YOU ABOUT THAT YOU KNOW HOW YOU WANNA DO IT
Taylor8_W,290,0,Hostage_Taker,WELL AFTER I TALK TO HER SHE CAN FILL YOU IN
Taylor8_W,291,0,Person,PARDON
Taylor8_W,292,0,Hostage_Taker,IF I TALK TO HER SHE CAN FILL YOU IN ON IT
Taylor8_W,293,1,Person,WELL ITS BETTER TO GET IT ALL FROM YOU DID YOU EVER PLAY THAT GAME WHEN YOU WERE A KID IN SCHOOL WHERE YOU PASS AROUND SOMETHING AROUND THE TABLE THIS GUY SAYS SOMETHING TO THIS GUY AND THIS GUY SAYS SOMETHING TO THAT GUY AND BY THE TIME IT GETS AROUND THE TABLE ITS A LITTLE DIFFERENT
Taylor8_W,294,0,Hostage_Taker,NO
Taylor8_W,295,1,Person,WELL BELIEVE ME THAT HAPPENS SO SO THATS WHY I WANT TO TALK TO YOU ABOUT IT SO THAT THEY DONT LOSE ANYTHING IN WHAT THEY CALL LOSE IT IN TRANSLATION DOES THAT MAKE SENSE TO YOU
Taylor8_W,296,0,Hostage_Taker,I JUST WANT HER TO COME GET <NAME> AND TAKE HER DOWN THERE LEAVE ME HERE BY MYSELF AND THEN WE CAN TALK ABOUT EVERYTHING ELSE
Taylor8_W,297,0,Person,WELL LETS TALK ABOUT HELPING YOU OUT TOO OK
Taylor8_W,298,0,Hostage_Taker,YES
Taylor8_W,299,1,Person,IF YOURE GONNA DO SOMETHING DO THE RIGHT THING IN GOOD FAITH LETS LETS HELP YOU OUT TOO OK
Taylor8_W,300,0,Hostage_Taker,YES
Taylor8_W,301,3,Person,OK GET RID OF THIS WHOLE THING AT ONE TIME CAN CAN WE DO THAT
Taylor8_W,302,0,Hostage_Taker,WE CAN TRY
Taylor8_W,303,3,Person,WELL LETS DO IT LETS NOT TRY LETS LETS GET SOMETHING SET UP THATS THATS SATISFACTORY TO BOTH OF US AND SIT DOWN AND HAVE A CUP OF JOE
Taylor8_W,304,0,Hostage_Taker,I DONT DRINK JOE
Taylor8_W,305,0,Person,YOU DONT
Taylor8_W,306,0,Hostage_Taker,NO WHAT DO YOU DRINK MOSTLY POP
Taylor8_W,307,0,Person,YES WHAT KIND
Taylor8_W,308,0,Hostage_Taker,<NAME>
Taylor8_W,309,0,Person,<NAME> OK HOW ABOUT A BOTTLE OF <NAME> THEN HOW COME YOU DONT DRINK <NAME>
Taylor8_W,310,0,Hostage_Taker,I DONT KNOW
Taylor8_W,311,0,Person,I DIDNT DRINK IT FOR YEARS I DIDNT DRINK IT FOR YEARS
Taylor8_W,312,0,Hostage_Taker,THE ONLY TIME I MOSTLY EVER DRANK <NAME> WAS WHEN I WAS IN JAIL
Taylor8_W,313,0,Person,I CAN SEE WHY YOU WOULDNT WANT TO DRINK <NAME> THEN OK IVE HAD A FEW CUPS OF <NAME> AT SOME OF THOSE PLACES ITS NOT THE BEST <NAME> IN THE WORLD THAT WOULD KEEP ME OFF OF IT YOU KNOW
Taylor8_W,314,0,Hostage_Taker,YES
Taylor8_W,315,5,Person,YOURE A SMART GUY NOT TO DRINK <NAME> ANY HOW IT DOESNT DO ANYTHING FOR YOU BUT MAKE YOU NERVOUS PLUS IT COSTS TOO DARN MUCH HOW ABOUT HOW ABOUT I THROW IN A BOTTLE OF <NAME> I HAD A BOTTLE OF THAT STUFF YESTERDAY I CAN HEAR <NAME> WAKING UP THERE LETS LETS GET SOMETHING GOING HERE SO WE DONT DONT LET IT HARM YOUR KID CRYING ALL DAY OK
Taylor8_W,316,0,Hostage_Taker,THATS WHAT IM DOING NOW GIVING HER A BOTTLE AGAIN
Taylor8_W,317,0,Person,ID LIKE TO SEE YOUR TECHNIQUE ON THAT SOMETIME WHAT IS THAT THAT FORMULA STUFF IN THE CANS OR IS THAT JUST STRAIGHT
Taylor8_W,318,0,Hostage_Taker,FORMULA IN THE CANS
Taylor8_W,319,0,Person,IT IS
Taylor8_W,320,0,Hostage_Taker,YES
Taylor8_W,321,5,Person,I WENT THROUGH THAT FOR A LONG TIME WHATS THE BRAND NAME ON
Taylor8_W,322,0,Hostage_Taker,I HAVE TO LOOK AT THE CAN <NAME>
Taylor8_W,323,5,Person,YES THATS THE SAME STUFF I USED THOSE CANS ARE HARD TO OPEN THEYRE ABOUT THE LAST OF THE STEEL CANS I THINK HEY WHEN WHEN <NAME> GETS THROUGH WITH BREAKFAST HOW ABOUT IF I WHEN YOU AND I ARRANGE SOMETHING WELL SEND A BOTTLE OF <NAME> UP THERE BE PART OF THE DEAL OK
Taylor8_W,324,0,Hostage_Taker,I STILL WISH I COULD TALK TO HER FOR A MINUTE ANYHOW
Taylor8_W,325,5,Person,WELL IM GOING TO LET YOU BUT CAN WE WORK THAT OUT YOU KNOW I DONT HAVE ANY PROBLEM WITH THAT IF YOU DONT AND AND YOU SOUND LIKE A GUY THAT WOULD STAND BY HIS WORD YOU TOLD ME BEFORE YOU NEVER BROKE A PROMISE
Taylor8_W,326,0,Hostage_Taker,I DONT
Taylor8_W,327,3,Person,SO SO IF WE SET UP SOMETHING YOU KNOW TO YOUR SATISFACTION TO COME GET <NAME> FOR THE DAY
Taylor8_W,328,0,Hostage_Taker,MHM MHM
Taylor8_W,329,1,Person,WELL RESOLVE THE OTHER THING WITH THE WARRANT I THINK YOU ARE GOING TO HAVE A PRETTY GOOD DAY
Taylor8_W,330,0,Hostage_Taker,WELL YOU GO AHEAD AND LET ME TALK TO HER FOR A MINUTE AND THEN ILL GET OFF THE PHONE WHILE YOU DO YOUR TALKING AND THEN PUT HER CLOTHES ON AND HAVE HER READY
Taylor8_W,331,1,Person,OK OK <NAME> LET ME ILL GET YOUR <NAME> FOR YOU OK BUT WE GOTTA I IM NOT TRYING TO CUT YOU OFF HERE BUT I WANNA LIMIT THE TIME THAT YOU HAVE WITH HER ON THE PHONE BECAUSE WE ARE GOING TO NEED THE PHONE TO TAKE CARE OF THIS OTHER PROBLEM OK
Taylor8_W,332,0,Hostage_Taker,MHM MHM
Taylor8_W,333,0,Person,ALRIGHT HANG ON A MINUTE
Taylor8_W,334,0,Person,YES YES
Taylor8_W,335,0,Hostage_Taker,HOW COME HE DONT WANT ME TO TALK TO YOU
Taylor8_W,336,0,Person,HE WAS JUST WANTING TO TALK TO YOU I GUESS I WAS SITTING HERE WAITING FOR HIM TO GET THROUGH
Taylor8_W,337,0,Hostage_Taker,WELL HOW COME WHEN YOU CALLED YOU SAID <NAME> WAS THERE AND THEY WERE GOING TO LET ME TALK TO HER TOO
Taylor8_W,338,0,Person,WELL THATS WHAT THEY TOLD ME
Taylor8_W,339,0,Hostage_Taker,WELL HOW COME THEY SAID NOT UNTIL LATER
Taylor8_W,340,0,Person,WELL THEY WAS TRYING TO TALK TO YOU FIRST THEN THEY SAID YOU KNOW THEY THEY WOULD TALK THINGS MAKE ARRANGEMENTS OR SOMETHING WITH THE ATTORNEY GENERAL
Taylor8_W,341,0,Hostage_Taker,YES BUT HE NEEDS TO USE THE PHONE AND I WAS WANTING TO TALK TO <NAME> TOO
Taylor8_W,342,0,Person,WELL AS FAR AS I KNOW THEY ARE GOING TO LET YOU TALK TO HER
Taylor8_W,343,0,Hostage_Taker,WHEN THOUGH WOULD THEY LET HER GO TO <NAME>
Taylor8_W,344,0,Person,I DONT KNOW THEY TOLD ME THEY NEEDED TO TALK TO YOU AND GET THINGS STRAIGHTENED OUT WITH THE ATTORNEY GENERAL FIRST THEN YOU COULD TALK TO HER AS LONG AS YOU WANTED TO
Taylor8_W,345,0,Hostage_Taker,THEY WONT LET THEY WONT LEAVE YOU TILL THEY SERVED THE WARRANT ON ME EVERY ONE OF THEM AND TAKE ME IN AND THEY HES TRYING TO SAY THAT IF THEY TAKE ME IN I WALK THROUGH THE DOOR AND WALK RIGHT BACK OUT ON BOND
Taylor8_W,346,0,Person,WELL
Taylor8_W,347,0,Hostage_Taker,I WANNA TALK TO HER BEFORE THEN <NAME> I WANNA
Taylor8_W,348,0,Person,THEY WOULD THEY HUH
Taylor8_W,349,3,Hostage_Taker,I WANT HER TO GO TO <NAME> AND CALL ME AND WHILE I TALK TO HER ON THE PHONE I WANT YOU TO COME UP HERE BY YOURSELF AND GET <NAME> <NAME>
Taylor8_W,350,0,Person,WELL I RECKON THEYD LET YOU TALK TO HER ON THE PHONE HERE
Taylor8_W,351,0,Hostage_Taker,I WANNA TALK TO HER NOW HES GONNA KEEP SHOOTING BULLSHIT WITH ME I DONT KNOW HOW MANY TIMES I ASKED HIM TO LET ME TALK TO YOU
Taylor8_W,352,0,Person,WELL
Taylor8_W,353,0,Hostage_Taker,AND YOU KNOW I CANT ASKING ASKING ASKING AND HELL KEEP WAIT A MINUTE WAIT A MINUTE I CANT PUT UP WITH THAT
Taylor8_W,354,0,Person,I KNOW
Taylor8_W,355,0,Hostage_Taker,WHEN I NEED TO TALK TO SOMEBODY I WANNA TALK TO THEM I WANTED TO TALK TO HER LAST NIGHT AND THEN YOU BRING IN WHOEVER HE IS AND THEN YOU SAY SHES THERE
Taylor8_W,356,0,Person,SHE IS HERE
Taylor8_W,357,0,Hostage_Taker,WELL WHILE HE IS CALLING THE <NAME> OR WHATEVER <NAME> SHE CAN GO TO <NAME> AND CALL ME
Taylor8_W,358,0,Person,HE DONT HAVE TO CALL HIM
Taylor8_W,359,0,Hostage_Taker,HES THERE
Taylor8_W,360,0,Person,I DONT I DONT HE SAID HE HAD TO MAKE ARRANGEMENTS WITH HIM HOW DO I KNOW <NAME>
Taylor8_W,361,0,Hostage_Taker,<NAME> YOU JUST STUCK YOUR FOOT IN YOUR MOUTH
Taylor8_W,362,0,Person,WELL I THOUGHT HE
Taylor8_W,363,0,Hostage_Taker,YOU JUST SAID HE DONT HAVE TO CALL HIM
Taylor8_W,364,0,Person,IS ONE OF YOU THE <NAME> OR WHERE IS HE
Taylor8_W,365,0,Person,HES NOT HERE THE <NAME> IS HERE
Taylor8_W,366,0,Person,OH THE <NAME> IS HERE THATS WHO IT IS
Taylor8_W,367,0,Hostage_Taker,WELL HE SAID HES GOING TO HAVE TO GIVE ME AND YOU A TIME LIMIT ON THE PHONE
Taylor8_W,368,0,Person,WELL HE IS THEY KNOW HE WANTS TO TALK TO THEM BUT THEY TOLD ME THEY NEEDED TO STRAIGHTEN THIS THING OUT WITH HIM FIRST IS ALL I KNOW
Taylor8_W,369,0,Hostage_Taker,NO NO WHILE HES DOING ALL THAT CANT SHE GO TO <NAME> AND USE THE PHONE
Taylor8_W,370,5,Person,I DONT KNOW <NAME> HONEY AFTER THIS YOU CAN TALK TO YOUR MOTHER ALL DAY
Taylor8_W,371,0,Hostage_Taker,HE KEEPS TELLING ME AFTER WE GET THIS YOU CAN TALK TO YOUR <NAME> ALL DAY AND YOU CAN TALK TO HER ALL DAY WELL I CANT TALK TO HER ALL DAY THIS IS THE LAST TIME IM EVEN GONNA TALK TO HER
Taylor8_W,372,0,Person,WELL
Taylor8_W,373,0,Hostage_Taker,NOBODY KNOWS IT
Taylor8_W,374,0,Person,THEY JUST NEEDED INFORMATION FOR HIM I RECKON <NAME> TO RESOLVE THE THEY SAID THEY WAS JUST HERE TO HELP YOU NOT TO HARM YOU
Taylor8_W,375,0,Hostage_Taker,BUT DANG IT <NAME> I WANNA TALK TO WHO I WANNA TALK TO AND I CANT HE SAYS ALL THIS AND AND WHEN HE PICKS IT UP IM JUST GOING TO HANG UP AND NOT TALK TO HIM
Taylor8_W,376,0,Person,WELL THEY TOLD ME THEY WAS GOING TO LET YOU TALK TO HER BUT THEY DIDNT SAY WHEN
Taylor8_W,377,0,Hostage_Taker,THEY GONNA LET ME TALK TO HER WHEN <NAME>
Taylor8_W,378,0,Person,THEY DIDNT TELL ME WHEN YET
Taylor8_W,379,0,Hostage_Taker,I GUESS THEY CAN TELL YOU WHEN YOU CAN TALK TO ME AND WHEN YOU CANT
Taylor8_W,380,0,Person,NO ITS JUST COMPLICATED TRYING TO MAKE ARRANGEMENTS FOR THINGS
Taylor8_W,381,0,Hostage_Taker,WELL IVE CHANGED <NAME> DIAPER AND IVE DONE GIVE HER TWO BOTTLES
Taylor8_W,382,0,Person,IS SHE AWAKE
Taylor8_W,383,0,Hostage_Taker,NO SHE WAS I PUT HER IN HER BEDROOM WITH THE ELECTRIC BLANKET
Taylor8_W,384,0,Person,WELL
Taylor8_W,385,0,Hostage_Taker,I JUST I JUST IM GOING TO LET YOU COME GET HER THERE AINT NO WAY IM GOING TO HURT HER I WAS TRYING TO KEEP HER UP HERE TO GET <NAME> UP HERE IN HER PLACE BUT THEY AINT GOING TO LET <NAME> COME SO IM JUST GOING TO LET <NAME> GO
Taylor8_W,386,0,Person,WELL WHILE YOU WAS YOU SAID WHILE HE WAS TALKING TO HER ON THE PHONE THAT I COULD YOU KNOW YOU WANTED ME TO GO AHEAD AND COME GET THE BABY
Taylor8_W,387,3,Hostage_Taker,YES OR YOU OR I CAN TALK TO HER AND YOU COULD COME AFTER THAT OR WHICHEVER ONE THEYLL LET YOU DO
Taylor8_W,388,0,Person,WELL OK <NAME>
Taylor8_W,389,0,Person,TELL HIM ILL CALL HIM BACK IN TWO MINUTES TELL HIM I NEED TO USE THE PHONE
Taylor8_W,390,0,Hostage_Taker,WHAT
Taylor8_W,391,0,Person,HE SAID JUST GIVE HIM TWO MINUTES AND HED CALL YOU RIGHT BACK THAT HE NEEDED TO USE THE PHONE HE SAID TEN MINUTES NOT THE I GUESS THEYLL LET YOU TALK TO HER NOW HE SAID JUST TWO MINUTES IS ALL
Taylor8_W,392,0,Hostage_Taker,WELL CANT SHE GO TO <NAME>
Taylor8_W,393,0,Person,I DONT KNOW I THEYVE BEEN TALKING WITH HER TOO <NAME>
Taylor8_W,394,0,Hostage_Taker,THEYVE BEEN TALKING WITH HER TOO
Taylor8_W,395,0,Person,YES
Taylor8_W,396,0,Hostage_Taker,I DONT WANT I DONT WANT THEM TO TRY AND FEED ME A BUNCH OF BULLSHIT THEIR NOT ALLOWED
Taylor8_W,397,0,Person,BUT HE AINT TRYING TO FEED YOU NOW THEYVE BEEN TRYING TO TALK TO BOTH OF YOU NOBODYS TRYING TO FEED YOU ANYTHING
Taylor8_W,398,0,Hostage_Taker,AND WHEN I TALK TO HER I DONT WANT HER TO LIE TO ME EITHER
Taylor8_W,399,0,Person,WELL WELL HE SAID LET HIM USE IT AND THEN HED CALL YOU RIGHT BACK OK
Taylor8_W,400,0,Hostage_Taker,WHEN HE CALLS ITS GOING TO BE AN ALL DAY THING
Taylor8_W,401,0,Person,NO IT WONT WELL IM GOING TO LET HIM USE IT AND THEN ILL CALL WE ILL CALL YOU RIGHT BACK
Taylor8_W,402,0,Hostage_Taker,DONT NOBODY LEAVE
Taylor8_W,403,0,Person,NOBODY IS GOING NO WHERE WELL BYE
Taylor8_W,404,0,Hostage_Taker,BYE HELLO
Taylor8_W,405,0,Person,<NAME>
Taylor8_W,406,0,Hostage_Taker,YES
Taylor8_W,407,0,Person,THIS IS <NAME> I JUST TALKED TO THE <NAME> YOU KNOW YOU KNOW <NAME> <NAME>
Taylor8_W,408,0,Hostage_Taker,NO
Taylor8_W,409,7,Person,HMH OK WELL HE IS THE ATTORNEY GENERAL THATS HERE AND HES BEEN HES BEEN HES GOT IT CLEARED THROUGH HIS OFFICE TO HANDLE THIS WARRANT UNDERSTAND YOUR A FRIEND OF <NAME> <NAME>
Taylor8_W,410,0,Hostage_Taker,SORT OF
Taylor8_W,411,0,Person,OK HES AGREED TO GIVE YOU A RIDE AND WHAT WHAT WHAT HAPPENS IN THAT PROCEDURE IS YOU GO DOWN THERE AND YOU GET BOOKED AND THEYVE ARRANGED FOR YOUR MOTHER TO SIGN FOR YOUR BOND IN OTHER WORDS YOU GO IN ONE DOOR AND OUT THE OTHER HOWS THAT SOUND I HAVE THE FEELING YOU DONT TRUST ME
Taylor8_W,412,0,Hostage_Taker,NO I DONT BELIEVE YOU
Taylor8_W,413,1,Person,WHY NOT WHAT WHAT WHAT CAN WHAT WOULD I ACCOMPLISH BY LYING TO YOU
Taylor8_W,414,0,Hostage_Taker,GETTING ME TO JUST TURN MYSELF IN MORE OR LESS
Taylor8_W,415,1,Person,WELL THATS BASICALLY REALLY WHAT WE ARE TALKING ABOUT HERE I TOLD IM IM NOT GOING TO LIE TO YOU AND IM NOT IT IT DOESNT IT DOESNT DO ANY GOOD TO DO THAT YOU KNOW IF WE ARE IF WE ARE GONNA COME TO AN AGREEMENT ON THIS THING ITS GOTTA BE BASED ON THE TRUTH YOU SAID THAT THE THING YOU DIDNT LIKE IS YOU DONT WANT TO GO TO JAIL WELL YOURE NOT GOING TO JAIL WHAT THEY ARE GOING TO DO IS BOOK YOU AND THATS IN ONE DOOR AND OUT THE OTHER
Taylor8_W,416,0,Hostage_Taker,THEN WHAT
Taylor8_W,417,0,Person,WHAT WHILE YOURE OUT ON <NAME> BOND
Taylor8_W,418,0,Hostage_Taker,WHATS <NAME> BOND
Taylor8_W,419,0,Person,PERSONAL RECOGNISANCE NO MONEY DOWN YOUR <NAME> IS JUST GOING TO SIGN FOR YOU
Taylor8_W,420,0,Hostage_Taker,AND THEN
Taylor8_W,421,0,Person,YOU CAN GO ANYWHERE YOU WANT
Taylor8_W,422,0,Hostage_Taker,WHAT ABOUT COURT
Taylor8_W,423,0,Person,THATS THATS SOMETHING DOWN THE ROAD I DONT KNOW ABOUT THAT YOU UNDERSTAND I CANT I CANT MAKE YOU ANY PROMISED THERE THATLL BE UP TO THE <NAME> IM SURE AN <NAME> COULD ADVISE YOU ON THAT YOU UNDERSTAND WHAT IM SAYING
Taylor8_W,424,0,Hostage_Taker,I GUESS THAT I HAVE TO TAKE WHAT FALLS IS AFTER THAT I GUESS
Taylor8_W,425,0,Person,YES BUT THATS SOMETHING YOU CAN HANDLE LATER ON
Taylor8_W,426,0,Hostage_Taker,I DONT KNOW IF I CAN
Taylor8_W,427,0,Person,WELL WHATS THE PROBLEM
Taylor8_W,428,0,Hostage_Taker,WELL WHEN I GO TO COURT THEIR LOCKING ME UP I CANT HANDLE BEING LOCKED UP
Taylor8_W,429,0,Person,WELL THAT MAY NOT OCCUR I THING YOURE I THINK YOURE YOURE JUMPING TO CONCLUSIONS HERE
Taylor8_W,430,0,Hostage_Taker,WELL I DID HIT THAT GUY
Taylor8_W,431,8,Person,YOU KNOW THATS WHY THATS WHY YOU GOT ATTORNEYS AND STUFF SHIT I COULD TELL YOU THINGS PEOPLE HAVE DONE THEY NEVER SAW THE INSIDE OF A JAIL CELL GET PROBATION AND IM TALKING ABOUT IF YOURE CONVICTED IM TALKING ABOUT YOU KNOW THE STUFF YOU DONT WANT TO TALK ABOUT PLUS OTHER THINGS THAT CAN BE DONE VERSUS JAIL FIRST THERES JAIL AND I THINK THE <NAME> IS GOING OUT OF HIS WAY FOR YOU
Taylor8_W,432,0,Hostage_Taker,I HAVE TO THINK ABOUT THIS
Taylor8_W,433,0,Person,OK IM NOT IM NOT GOING TO LEAVE YOU UNTIL WE GET THIS THING TAKEN CARE OF OK YOU MENTIONED THAT THAT YOUD LIKE YOUR <NAME> TO COME UP AND TAKE THE BABY
Taylor8_W,434,0,Hostage_Taker,YES ID LIKE FOR HER TO
Taylor8_W,435,0,Person,OK HOW ABOUT IF AH IF <NAME> COMES UP THERE WITH HER
Taylor8_W,436,0,Hostage_Taker,I WANNA I WANNA TALK TO HER BEFORE SHE COMES UP HERE
Taylor8_W,437,4,Person,WELL YOU ALREADY TALKED TO HER AND WELL ARRANGE SOMETHING YOU AND I
Taylor8_W,438,0,Hostage_Taker,I WANNA TALK TO HER AGAIN
Taylor8_W,439,4,Person,WELL IT SEEMS TO ME THAT YOURE NOT REALLY INTERESTED IN GETTING THIS THING TAKEN CARE OF
Taylor8_W,440,0,Hostage_Taker,YES
Taylor8_W,441,0,Person,WELL YOUR MOTHER IS GOING TO HELP YOU WITH THE BABY BUT IM GOING TO HELP YOU WITH THE OTHER PROBLEM
Taylor8_W,442,0,Hostage_Taker,WELL THEY BROUGHT SHES DOWN THERE TO TALK TO ME TOO AND THEY BROUGHT <NAME> THERE TO TALK TO ME I ONLY GOT TO TALK TO <NAME> ONCE AND I HAVENT GOT TO SPEAK TO HER ANY I ONLY GOT TO TALK TO <NAME> ONCE THEY WONT LET ME SPEAK TO HER ANY
Taylor8_W,443,0,Person,YES WELL YOU CAN TALK TO HER AFTER WE GET THIS THING RESOLVED WOULD YOU FEEL BETTER ABOUT THAT
Taylor8_W,444,0,Hostage_Taker,I WANTED TO TALK TO HER LAST NIGHT AND THEY GOT HER AND BROUGHT HER BACK SAID I COULD TALK TO HER ON THE PHONE
Taylor8_W,445,0,Person,WHOS THAT <NAME>
Taylor8_W,446,0,Hostage_Taker,YES
Taylor8_W,447,0,Person,WELL LETS TAKE ONE THING AT A TIME <NAME> I DONT HAVE ANY PROBLEM WITH YOU TALKING TO <NAME> BUT LETS LETS KEEP IT SIMPLE AND HANDLE ONE THING AT A TIME HERE WHY WOULDNT I LET YOU TALK TO <NAME>
Taylor8_W,448,0,Hostage_Taker,I DONT KNOW
Taylor8_W,449,2,Person,BUT BUT YOURE ASKING FOR THINGS AND YOURE AND YOURE NOT AH YOURE NOT YOURE NOT SHOWING ME ANY GOOD FAITH
Taylor8_W,450,0,Hostage_Taker,WHAT KIND OF GOOD FAITH DO YOU WANT
Taylor8_W,451,3,Person,WELL LETS LETS TALK ABOUT HOW YOU WANNA HANDLE THIS THING I ASKED YOU IF ITLL BE ITS ALRIGHT IF <NAME> AND YOUR <NAME> COME UP THERE AND PICK UP THE BABY
Taylor8_W,452,0,Hostage_Taker,BUT THATS BEFORE I GET TO TALK TO HER
Taylor8_W,453,2,Person,WELL THATS WHAT I MEAN YOURE YOURE GONNA HAVE TO SHOW US SOME SOME GOOD FAITH BEFORE WE YOU KNOW YOURE ASKING FOR TALK TO THIS PERSON AND THAT PERSON AND THIS PERSON YOU KNOW THIS ISNT IM NOT A TELEPHONE OPERATOR OK
Taylor8_W,454,0,Hostage_Taker,IF THEY COME GET HER IF THEY COME GET HER I PROBABLY WONT GET TO TALK TO EITHER ONE OF THEM
Taylor8_W,455,2,Person,IF I TELL YOU YOU CAN TALK TO THEM YOU CAN TALK TO THEM BUT YOURE GOING TO HAVE TO SHOW US SOME GOOD FAITH BEFORE THESE PEOPLE GO OUT OF THEIR WAY AND YOU KNOW PRODUCE THIS PERSON AND THAT PERSON AND LET YOU TALK TO EVERYBODY
Taylor8_W,456,0,Hostage_Taker,WHAT DOES <NAME> HAVE TO COME IN THE HOUSE TOO
Taylor8_W,457,0,Person,PARDON
Taylor8_W,458,0,Hostage_Taker,DOES <NAME> HAVE TO COME IN THE HOUSE
Taylor8_W,459,5,Person,NO HE DOESNT HAVE TO COME IN THE HOUSE IM NOT TRYING TO TRICK YOU WHAT WHAT WHAT THE HECK WOULD THAT WHAT GOOD WOULD THAT DO YOURE A SMART GUY WHAT WHAT PURPOSE WOULD THAT SERVE
Taylor8_W,460,0,Hostage_Taker,TRYING TO TRICK ME
Taylor8_W,461,1,Person,YES WHAT WHAT WOULD THAT THAT WOULDNT SERVE ANY PURPOSE
Taylor8_W,462,0,Hostage_Taker,WELL IF YOU THOUGHT I WAS GOING TO HURT MYSELF YOU WOULD TRY TO TRICK ME BEFORE I DO
Taylor8_W,463,5,Person,WELL I DONT WANT YOU TO HURT YOURSELF NOBODY WANTS ANOTHER PERSON TO HURT THEMSELVES YOU SOUND VERY REASONABLE WHERE HOW ABOUT IF WE WORK SOMETHING OUT HOW ABOUT IF <NAME> COMES UP THERE WITH YOUR <NAME> AND YOU MEET HER AT THE FRONT DOOR WITH <NAME> AND SHE PICKS <NAME> UP
Taylor8_W,464,0,Hostage_Taker,AND THEN
Taylor8_W,465,0,Person,WELL THATS WHAT I WANT TO TALK TO YOU ABOUT AND THEN WHAT
Taylor8_W,466,0,Hostage_Taker,AND THEY TAKE HER BACK DOWN THERE
Taylor8_W,467,0,Person,YES
Taylor8_W,468,3,Hostage_Taker,THEN I GET TO TALK TO WHOEVER I WANT TO
Taylor8_W,469,0,Person,SURE THAT WOULD SHOW GOOD FAITH ON YOUR PART
Taylor8_W,470,0,Hostage_Taker,I WAS WANTING HER TO COME GET HER ANYHOW
Taylor8_W,471,0,Person,MHM MHM
Taylor8_W,472,0,Hostage_Taker,BUT NOBODY SEEMED TO TRUST ME
Taylor8_W,473,0,Person,WELL WOULD YOU BE WELL IF YOU DO THIS LOTS OF PEOPLE ARE GOING TO TRUST YOU OK
Taylor8_W,474,0,Hostage_Taker,I DONT WANT NOBODY TRYING TRICKS ON ME THEN
Taylor8_W,475,5,Person,WELL NOBODY IS GOING TO TRY ANY TRICKS SEE YOU AND I HAVENT TALKED LONG ENOUGH HERE FOR YOU TO REALLY TRUST ME I UNDERSTAND THAT BUT NO ONE NO ONES TRYING TO TRICK YOU <NAME> THERES NO REASON TO YOUR BEING REASONABLE AND AND WE ARE WORKING ON THIS THING TOGETHER WE ARE GOING TO GET IT RESOLVED AND YOURE GOING TO BE SATISFIED WITH IT THEN THEN ILL ADOPT THIS PHILOSOPHY THAT ALL <NAME> DRINKERS ARE PRETTY GOOD GUYS OK
Taylor8_W,476,0,Hostage_Taker,I GUESS
Taylor8_W,477,0,Person,WHENS THE LAST TIME YOU WENT TO SLEEP
Taylor8_W,478,0,Hostage_Taker,NIGHT BEFORE LAST
Taylor8_W,479,0,Person,MHM MHM I GOT NIGHTS LIKE THAT TOO WELL WHAT DO YOU THINK ABOUT THAT <NAME>
Taylor8_W,480,0,Hostage_Taker,YES
Taylor8_W,481,0,Person,WHAT DO YOU THINK ABOUT THAT
Taylor8_W,482,0,Hostage_Taker,LETTING THEM COME GET HER
Taylor8_W,483,0,Person,YES
Taylor8_W,484,0,Hostage_Taker,I DONT MIND
Taylor8_W,485,3,Person,WOULD YOU PROMISE NOT NOT TO HURT HER
Taylor8_W,486,0,Hostage_Taker,I AINT GOING TO HURT ANYONE
Taylor8_W,487,3,Person,WELL THATS GOOD I DONT WANT YOU TO HURT YOURSELF EITHER NOBODY DOES HOW DO YOU WANNA WORK THAT HOW ABOUT HOW ABOUT IF THOSE PEOPLE COME UP THERE AND YOU MEET YOUR <NAME> ON THE PORCH AND HAND <NAME> TO HER ISNT THAT WHAT YOU HAD IN MIND
Taylor8_W,488,0,Hostage_Taker,I DONT WANT TO COME OUT OF THE HOUSE
Taylor8_W,489,4,Person,WELL YOU DONT HAVE TO COME OUT OF THE HOUSE SHELL MEET YOU AT THE FRONT DOOR THERE THATS HOW YOU WANTED TO DO IT ISNT IT REMEMBER WE TALKED ABOUT IT EARLIER
Taylor8_W,490,0,Hostage_Taker,MHM MHM
Taylor8_W,491,0,Person,ISNT THAT THE WAY YOU WANTED TO DO IT AND YOU SAID YOU WANTED YOUR <NAME> TO COME UP
Taylor8_W,492,0,Hostage_Taker,YES I TOLD <NAME> WHEN SHE WHEN SHE COME UP THAT I WAS GOING TO TALK TO <NAME>
Taylor8_W,493,0,Person,MHM WELL YOURE GOING TO GET TO TALK TO <NAME>
Taylor8_W,494,0,Hostage_Taker,I AM HOW DO I KNOW SHES EVEN THERE
Taylor8_W,495,0,Person,PARDON EXCUSE ME
Taylor8_W,496,0,Hostage_Taker,HOW DO I KNOW SHES EVEN THERE
Taylor8_W,497,5,Person,SHES HERE THATS WHAT I MEAN YOU FOR SOME REASON YOURE NOT YOU DONT TRUST ME AND YOU KNOW IF WE ARE GOING TO WORK THIS THING OUT IF YOU AND I ARE GOING TO WORK ON THIS THING TOGETHER THATS THATS KIND OF A NECESSARY THING YOU UNDERSTAND THAT YOU YOUVE MADE SOME GOOD SUGGESTIONS WELL LETS USE YOUR SUGGESTION BUT LETS TAKE ONE THING AT A TIME I WANNA HAVE IM GOING TO DO WHAT YOU SAID OK
Taylor8_W,498,0,Hostage_Taker,WHICH ONES THAT
Taylor8_W,499,0,Person,IM GOING TO HAVE YOU <NAME> COME UP THERE AND <NAME> SAID HED COME UP WITH HER AND THEYRE NOT COMING IN THE HOUSE
Taylor8_W,500,0,Hostage_Taker,I JUST WANT <NAME> TO COME IN I WANT HIM TO SIT IN THE DRIVEWAY IN HIS TRUCK THAT WOULDNT SERVE ANY PURPOSE OK
Taylor8_W,501,3,Person,ALRIGHT HELL OK WELL HAVE <NAME> DRIVE YOUR <NAME> UP THERE HELL STAY IN THE DRIVEWAY AND YOUR <NAME> WILL COME TO THE DOOR AND PICK UP <NAME> THATS WHAT YOU WANT US TO DO
Taylor8_W,502,0,Hostage_Taker,YES
Taylor8_W,503,3,Person,OK LET ME LET ME GET AHOLD OF <NAME> HERE AND YOUR MOTHER NOW I IF WE DO THIS YOURE GONNA YOURE GONNA PROMISE NOT TO HURT ANYBODY RIGHT
Taylor8_W,504,0,Hostage_Taker,IM NOT GOING TO HURT NOBODY
Taylor8_W,505,3,Person,AND THATS YOU TOO RIGHT <NAME>
Taylor8_W,506,0,Hostage_Taker,YES
Taylor8_W,507,3,Person,YOU PROMISE
Taylor8_W,508,0,Hostage_Taker,I WANNA KNOW IF <NAME> IS THERE FIRST
Taylor8_W,509,0,Person,PARDON
Taylor8_W,510,0,Hostage_Taker,I WANNA KNOW FOR SURE IF SHES THERE
Taylor8_W,511,4,Person,OK AND YOU YOU AH YOU SAID YOU NEVER BROKE A PROMISE RIGHT
Taylor8_W,512,0,Hostage_Taker,RIGHT
Taylor8_W,513,5,Person,OK YOURE YOURE A MAN OF YOUR WORD LET ME LET ME GET THIS THING GOING DOWN HERE AND ILL GIVE YOU A CALL RIGHT BACK AND TELL YOU WHEN THEYRE COMING UP OK IT WONT BE BUT A COUPLE OF MINUTES ALRIGHT
Taylor8_W,514,0,Hostage_Taker,WELL I WANNA I WANNA HEAR HER FIRST
Taylor8_W,515,0,Person,ALRIGHT ILL LET YOU TALK TO HER FIRST OK BUT LET ME GET UP WITH <NAME> I THINK HES WILLING TO DO THAT AND GIVE YOU A CALL BACK AND TELL YOU KNOW WHEN THEYRE COMING UP OK
Taylor8_W,516,0,Hostage_Taker,YES
Taylor8_W,517,0,Person,AND WHEN I DO ILL LET YOU TALK TO YOUR <NAME> ALRIGHT
Taylor8_W,518,0,Hostage_Taker,FIRST
Taylor8_W,519,0,Person,YES
Taylor8_W,520,0,Hostage_Taker,OK
Taylor8_W,521,1,Person,FIRST OK WELL GO WITH WELL GO WITH YOUR SUGGESTION ON THIS THING WELL TAKE CARE OF ALL THAT OTHER STUFF TOO WELL WELL TAKE ONE THING AT A TIME WE PROVED TO EACH OTHER THAT WE ARE NOT IM NOT TRYING TO BS YOU I DIDNT COME UP HERE TO DO THAT I CAME UP HERE TO HELP YOU LET ME GET RIGHT BACK TO YOU OK <NAME>
Taylor8_W,522,0,Hostage_Taker,YES
Taylor8_W,523,0,Person,RIGHT BYE BYE
Taylor8_W,524,0,Hostage_Taker,BYE
Taylor8_W,525,0,Person,HELLO
Taylor8_W,526,0,Hostage_Taker,LET ME SPEAK TO <NAME>
Taylor8_W,527,0,Person,HI <NAME> JUST A MINUTE I JUST I WAS JUST TELLING HER I WAS JUST TELLING HER WHAT YOU SUGGESTED AND <NAME> GONE TO GET HIS TRUCK OK LET ME LET ME PUT HER ON FOR YOU OK HANG ON JUST A SECOND HERE
Taylor8_W,528,0,Person,YES
Taylor8_W,529,0,Hostage_Taker,HOW COME <NAME> GONNA COME
Taylor8_W,530,0,Person,HUH
Taylor8_W,531,0,Hostage_Taker,HOW COME <NAME> GONNA COME
Taylor8_W,532,0,Person,OH HES GONE TO GET HIS TRUCK
Taylor8_W,533,0,Hostage_Taker,<NAME> IS <NAME> THERE OR NOT
Taylor8_W,534,0,Person,YES HE TOLD ME THAT TO <NAME> GONNA STAY IN THE DRIVEWAY AND FOR ME TO COME TO THE FRONT DOOR GET <NAME> AND COME ON BACK AND HE SAID THAT
Taylor8_W,535,0,Hostage_Taker,THEN I COULD THEN I GOTTA TO TALK TO HIM AGAIN
Taylor8_W,536,0,Person,THEN ALL I HAVE TA ALL WE HAVE TO DO IS FOR ME TO GO WITH YOU <NAME> WILL TAKE US AND SIGN A <NAME> AND THATS IT THEN YOU COME BACK HOME
Taylor8_W,537,0,Hostage_Taker,IT AINT THAT SIMPLE
Taylor8_W,538,0,Person,YES HE SAID IT WAS
Taylor8_W,539,0,Hostage_Taker,WELL I WANNA TALK HERE TO <NAME> FIRST I WANNA MAKE SURE SHES THERE <NAME>
Taylor8_W,540,0,Person,WELL ITS IF SOON AS I GET DOWN HERE WITH <NAME> WELL THEYLL PROBABLY LET YOU TALK WITH HER
Taylor8_W,541,0,Hostage_Taker,I SAID I WANTED TO TALK TO HER BEFORE YOU GOT HER SO I KNOW THAT SHE IS THERE
Taylor8_W,542,0,Person,SHE IS SHE IS HERE <NAME>
Taylor8_W,543,0,Hostage_Taker,WHY CANT YOU PUT HER ON THE PHONE A SECOND BEFORE YOU COME BECAUSE I WANNA MAKE SURE
Taylor8_W,544,0,Person,IM NOT LYING TO YOU ALL THEY WANT ME TO DO IS JUST GET
Taylor8_W,545,0,Hostage_Taker,WHY WONT THEY LET ME SPEAK TO HER THEY WANT ME TO MAKE A DEAL AND ME JUST WALK DOWN THERE AND TURN MYSELF IN
Taylor8_W,546,0,Person,NO NO NO NO ALL THEY WANT ME TO DO IS JUST GET THE BABY AND ME AND YOU AND HER CAN TALK ALL YOU WANT TO
Taylor8_W,547,0,Hostage_Taker,YES
Taylor8_W,548,0,Person,THATS THE TRUTH <NAME> IM NOT LYING
Taylor8_W,549,0,Hostage_Taker,AFTER YOU GET <NAME> <NAME> GONNA LEAVE AND THEYRE GOING TO KEEP ON AND ON
Taylor8_W,550,0,Person,NO NO SEE THEY SAID IF YOU DROVE YOUR OWN CAR YOU COULD DRIVE YOUR OWN SELF DOWN THERE AND COME BACK IN YOUR OWN CAR AND THEY ASKED ME IF THERE WAS ANYONE TO DRIVE YOU AND I ASKED AND <NAME> SAID HE WOULD THEY SAID YOU COULD COME YOURSELF IF YOU DROVE BUT I TOLD THEM WE DIDNT HAVE A CAR
Taylor8_W,551,0,Hostage_Taker,TELL <NAME> TO COME IN THERE AND GET ON THE PHONE AND SAY SOMETHING OR SOMETHING I WANNA MAKE SURE SHES THERE <NAME>
Taylor8_W,552,0,Person,IF SHE JUST IF SHE JUST HOLLARED TO LET YOU KNOW FOR DEFINITELY SHES HERE WOULD THAT DO YOU TILL I COME GET <NAME>
Taylor8_W,553,0,Hostage_Taker,WHY ARE YOU GUYS DOING THAT WHY CAN T SHE JUST GET ON THE PHONE
Taylor8_W,554,0,Person,<NAME>
Taylor8_W,555,0,Hostage_Taker,WHAT <NAME> IVE ASKED YOU ALL NIGHT LONG TO FIND HER
Taylor8_W,556,0,Person,SHES SHES HERE
Taylor8_W,557,0,Hostage_Taker,AND PUT HER ON THE PHONE
Taylor8_W,558,0,Person,SHES HERE
Taylor8_W,559,0,Hostage_Taker,I KNOW IT AND NOW THEY WONT LET ME TALK TO HER THEY I HAVE TO TALK TO THIS ONE GUY THATS NOT THE WAY I WANTED IT
Taylor8_W,560,4,Person,YOU TOLD ME THAT I COULD COME GET <NAME>
Taylor8_W,561,0,Hostage_Taker,YES I KNOW IT BUT I TOLD HIM I WAS SPEAKING TO HER FIRST HE MUST HAVE THOUGHT I MEANT YOU OK YOU SAID JUST WANNA FIND <NAME> IT WAS BEFORE DAYLIGHT AND YOU SAID <NAME> PATTY SAID WHEN I GET BACK ILL PUT HER ON THE PHONE AND WHEN WE GET HERE WITH HER THEY LIED TO ME THEY WANT ME TO KEEP MY WORD BUT THEY THEY LIED TO ME
Taylor8_W,562,0,Person,UH THEY JUST
Taylor8_W,563,0,Hostage_Taker,THEY LIED THATS WHAT THEY DID
Taylor8_W,564,0,Person,NO <NAME> NOBODYS LIED
Taylor8_W,565,0,Hostage_Taker,WELL THEN WHAT DO YOU CALL IT
Taylor8_W,566,0,Person,THEY JUST WANT US TO GET THE BABY
Taylor8_W,567,0,Hostage_Taker,WHY CANT I SPEAK TO HER BEFORE THEN YOU KNOW THEY LIED TO ME
Taylor8_W,568,0,Person,NO <NAME> NOBODYS LIED TO YOU
Taylor8_W,569,0,Hostage_Taker,<NAME> WHAT DO YOU CALL IT WHEN THEY SAY SOON AS I FIND <NAME> AND GET HER BACK HERE I ASKED THEM COULD SHE COME UP HERE AND THEY SAID NO BUT YOU CAN TALK TO HER ON THE PHONE NOW THEYVE GOT HER AND ID GOT TO LET <NAME> GO DOWN THERE AND THEM SAID I COULD TALK TO HER ON THE PHONE THEN
Taylor8_W,570,1,Person,WELL ITS JUST IN IN BEST INTEREST <NAME> IS ALL
Taylor8_W,571,0,Hostage_Taker,WHAT ARE YOU TRYING TO DO LET ME GO DOWN THERE THEY GOING TO TRY AND MAKE ME THINK I CAN GO IN ONE DOOR STAND A FEW MINUTES AND WALK BACK OUT THE DOOR
Taylor8_W,572,0,Person,THEY SAID THAT THAT WAS THE TRUTH THAT THATS WHAT THEY TOLD ME THEY SAID THAT IT WAS THE ABSOLUTE TRUTH THATS ALL THAT WE HAD TO DO
Taylor8_W,573,0,Hostage_Taker,IM GOING TO LET YOU GET <NAME> BUT I WANT I WANT TO MAKE SURE <NAME> THERE
Taylor8_W,574,0,Person,WELL SHES HERE
Taylor8_W,575,0,Hostage_Taker,THEY WOULD OF LET HER SAY A FEW WORDS ON THE PHONE BEFORE YOU COME FOR HER IT AINT GOING TO HURT NOTHING SHES DOWN THERE AND IM UP HERE AND ILL IM GONNA LET YOU TAKE <NAME>
Taylor8_W,576,0,Person,HE WANTED ME TO LET YOU HEAR THAT SHES HERE
Taylor8_W,577,0,Hostage_Taker,HEAR WHY DO THEY WANT ME TO HEAR AND NOT LET HER TALK <NAME>
Taylor8_W,578,0,Person,<NAME>
Taylor8_W,579,0,Hostage_Taker,<NAME>
Taylor8_W,580,0,Person,IM DOWN HERE HUH
Taylor8_W,581,0,Hostage_Taker,WHATS GOING ON
Taylor8_W,582,0,Person,DIDNT YOU HEAR HER
Taylor8_W,583,0,Hostage_Taker,THATS NOT <NAME> I HEARD HER SAY IM DOWN HERE BUT THATS NOT THE WAY ITS SUPPOSED TO GO
Taylor8_W,584,4,Person,<NAME> I WAS READY TO COME AND GET HER AND ARE YOU STILL GOING TO LET ME COME AND GET HER <NAME> NOW NOBODYS TRICKING YOU NOW
Taylor8_W,585,0,Hostage_Taker,SOMETHINGS NOT GOING RIGHT
Taylor8_W,586,0,Person,IVE BEEN SITTING HERE LISTENING IVE LISTENED TO THE <NAME> TALK TO HIM AND HE SAID THATS WHAT HE WOULD DO AND THAT WAS ALL THERE IS TO IT WAS ME AND <NAME> GOING AND SIGNING A PAPER AND BRINGING YOU BACK HOME
Taylor8_W,587,0,Hostage_Taker,WHOS TAKING <NAME> HOME
Taylor8_W,588,0,Person,I DONT KNOW UNLESS SOMEONE COMES GETS HER HE SAID HE DIDNT CARE IF YOU TALK TO HER FACE TO FACE IF YOU WOULD JUST LET ME GET THE BABY THEYVE BEEN SITTING IN HERE TALKING AND A WRITING AND TRYING TO
Taylor8_W,589,0,Hostage_Taker,TELL THEM TO GO OUTSIDE AND GET <NAME> BECAUSE IM NOT LETTING HIM IN
Taylor8_W,590,0,Person,HE SAID <NAME> KNOCKING ON THE DOOR HE SAID GO AND TELL HIM TO GET HIM AWAY BECAUSE HES NOT LETTING HIM IN
Taylor8_W,591,0,Hostage_Taker,WHAT
Taylor8_W,592,0,Person,<NAME> SAID DONT THINK HE WAS COMING OR ANYTHING HES GOING TO GO TELL <NAME> TO GO AWAY
Taylor8_W,593,0,Hostage_Taker,HEY <NAME> GO ON FOR A MINUTE WILL YOU
Taylor8_W,594,0,Person,HE SAID DONT GET FRIGHTENED HES JUST GOING TO TELL <NAME> TO GO GET BACK HOME
Taylor8_W,595,0,Hostage_Taker,<NAME> GO GO DOWN THERE FOR A MINUTE WILL YOU
Taylor8_W,596,0,Person,<NAME> GOING TO GO GET <NAME> OUT OF THE WAY <NAME> HE SAID
Taylor8_W,597,0,Hostage_Taker,HES BANGING ON THE DOOR CRYING HOLERING LET ME IN
Taylor8_W,598,0,Person,WELL <NAME> COMING TO GET HIM AWAY HE SAID YOU COULD STAY ON THE PHONE DONT THINK HE WAS COMING HE SAID HED JUST GET <NAME> AWAY
Taylor8_W,599,0,Hostage_Taker,NO HES NOT COMING AFTER ME
Taylor8_W,600,0,Person,NO HE AINT HES COMING TO TELL <NAME> TO GET AWAY
Taylor8_W,601,0,Hostage_Taker,<NAME> THINKS HES COMING AFTER ME
Taylor8_W,602,0,Person,<NAME> DOES
Taylor8_W,603,0,Hostage_Taker,YES
Taylor8_W,604,0,Person,NO HE AINT HES COMING TO TELL <NAME> TO GO HOME HES LEAVING
Taylor8_W,605,0,Hostage_Taker,<NAME>
Taylor8_W,606,0,Person,HUH
Taylor8_W,607,0,Hostage_Taker,WHATS THE BIG DEAL IN ME GETTING TO TALK TO HER NOW THAN HAVING TO WAIT UNTIL LATER WHATS THE DIFFERENCE <NAME> THATS NOT RIGHT SO WHATS THE DIFFERENCE HERE
Taylor8_W,608,0,Person,WELL <NAME> NO
Taylor8_W,609,0,Hostage_Taker,IS THERE SOMETHING I DONT KNOW ABOUT
Taylor8_W,610,0,Person,NO
Taylor8_W,611,0,Hostage_Taker,NO
Taylor8_W,612,0,Person,NO
Taylor8_W,613,0,Hostage_Taker,NO
Taylor8_W,614,4,Person,NO NO THERE SURE AINT ITS JUST THEY WANNA KNOW YOU KNOW THEY CAN TRUST YOU ON YOUR WORD THAT YOU WILL LET ME GET <NAME>
Taylor8_W,615,4,Hostage_Taker,THEY TRUST ME BUT IT SEEMS TO BE THAT I CANT TRUST THEM ON THEIR WORD THAT WHEN HE GOT HER AND GOT BACK I COULD TALK TO HER GET GET LITTLE THINGS STRAIGHT OR SOMETHING IF YOU AINT FORGETTING NOW WASNT THAT WHAT THEY SAID
Taylor8_W,616,0,Person,WHAT YES
Taylor8_W,617,0,Hostage_Taker,HUH
Taylor8_W,618,3,Person,WELL CAN <NAME> AND ONE OF US PICK THE BABY UP NOW <NAME>
Taylor8_W,619,0,Hostage_Taker,<NAME> WHY CANT I SPEAK TO HER FIRST MY GOD NOW I AINT GOING THROUGH THIS SHIT AND IM NOT GOING TO ARGUE ABOUT IT IM GOING TO HANG UP THE PHONE AND FORGET ABOUT IT IF IT IS GOING TO KEEP ON LIKE THIS <NAME> <NAME> SAID THEIR AINT GOING TO BE NO BULLSHIT OR NO LIES OR NOTHING IM TRYING TO KEEP MY WORD AND THEY CANT KEEP THEIRS
Taylor8_W,620,0,Person,WELL ILL BE UP THERE TO GET HER IN A MINUTE
Taylor8_W,621,4,Hostage_Taker,YOU LET ME SPEAK TO HER <NAME> LIKE THEY SAID I COULD HE SAID I COULD SPEAK TO HER BEFORE SHE EVEN COME UP BEFORE YOU EVEN COME DOWN <NAME> PATTY DID AND THEN THIS OTHER GUY WAIT UNTIL WE GET THE BABY THEN YOU CAN TALK TO HER
Taylor8_W,622,0,Person,WELL ILL BE UP TO GET HER
Taylor8_W,623,0,Hostage_Taker,<NAME>
Taylor8_W,624,0,Person,HELLO
Taylor8_W,625,0,Hostage_Taker,WHERE DID <NAME> GO
Taylor8_W,626,0,Person,<NAME> SHES ON HER WAY UP
Taylor8_W,627,0,Hostage_Taker,SHE SHOULDNT HAVE HUNG UP ON ME
Taylor8_W,628,0,Person,SHE SAID SHE SAID THAT SOMEBODY TOLD YOU SOMETHING ABOUT THAT YOU COULD TALK TO <NAME>
Taylor8_W,629,0,Hostage_Taker,YES <NAME> <NAME> DID
Taylor8_W,630,0,Person,OK WELL HES NOT HERE ANYMORE I DIDNT KNOW ABOUT THAT
Taylor8_W,631,0,Hostage_Taker,HE TOLD ME IF HE WENT AND GOT HER AND GOT HER BACK I COULD SPEAK TO HER
Taylor8_W,632,0,Person,NO I DIDNT KNOW ABOUT THAT
Taylor8_W,633,0,Hostage_Taker,THEY LIED TO ME
Taylor8_W,634,0,Person,OK WELL THAT THAT WASNT US WE GOT HERE MUCH LATER THAN THAT I DIDNT REALIZE THAT THAT HAD BEEN SAID YOUR <NAME> ON HER WAY UP NOW TO GET THE BABY AND ILL FIND <NAME> AND AND GET HER TO TALK TO YOU OK
Taylor8_W,635,0,Hostage_Taker,SHE SHOULDNT HAVE HUNG UP ON ME AND THEY SHOULDNT HAVE LIED TO ME
Taylor8_W,636,0,Person,WELL SHES LEAVING TO GO GET THE BABY
Taylor8_W,637,1,Hostage_Taker,IM KEEPING MY WORD
Taylor8_W,638,0,Person,SHES LEAVING
Taylor8_W,639,0,Hostage_Taker,NO ONES KEEPING THEIRS
Taylor8_W,640,0,Person,WELL THEY RE ON THEIR WAY TO GET THE BABY
Taylor8_W,641,0,Hostage_Taker,TELL HER JUST HANG ON
Taylor8_W,642,1,Person,SHES ON THE WAY I CANT STOP HER
Taylor8_W,643,0,Hostage_Taker,THEY AINT GONE OUT THE DOOR I CAN SEE
Taylor8_W,644,1,Person,THEY THEYRE GOING OUT THE DOOR RIGHT NOW
Taylor8_W,645,0,Hostage_Taker,JUST NOW
Taylor8_W,646,0,Person,YES
Taylor8_W,647,0,Hostage_Taker,THEYRE ON THE PORCH
Taylor8_W,648,0,Person,THEYRE STILL ON THE PORCH
Taylor8_W,649,0,Hostage_Taker,IM GOING TO SEND THEM BACK
Taylor8_W,650,0,Person,PARDON
Taylor8_W,651,0,Hostage_Taker,IM GOING TO SEND THEM BACK
Taylor8_W,652,4,Person,ALRIGHT WELL YOU KNOW WHAT I TALKED ABOUT RIGHT
Taylor8_W,653,0,Hostage_Taker,YES
Taylor8_W,654,4,Person,THE GOOD FAITH THING RIGHT
Taylor8_W,655,0,Hostage_Taker,YES
Taylor8_W,656,0,Person,I DONT HAVE ANY PROBLEM WITH YOU TALKING TO <NAME> I DIDNT REALIZE THAT THAT AGREEMENT HAD BEEN MADE EARLIER
Taylor8_W,657,0,Hostage_Taker,THE AGREEMENT HAD BEEN MADE
Taylor8_W,658,0,Person,YOU AND I DIDNT YOU AND I DIDNT MAKE THAT AGREEMENT
Taylor8_W,659,4,Hostage_Taker,YOU WANT ME TO KEEP MY WORD IT DON T MATTER YOU SAID YOUD KEEP YOUR WORD SO SET
Taylor8_W,660,4,Person,YOU SAID YOUD KEEP YOUR WORD SO LETS LETS KEEP YOUR WORD AND THEN ILL GET <NAME>
Taylor8_W,661,0,Hostage_Taker,SHE CAN CALL ME BACK BUT IM SENDING THEM BACK HELLO
Taylor8_W,662,0,Person,<NAME>
Taylor8_W,663,0,Hostage_Taker,HUH
Taylor8_W,664,0,Person,WHATS THE PROBLEM UP THERE
Taylor8_W,665,0,Hostage_Taker,IT WASNT RIGHT
Taylor8_W,666,0,Person,WHAT WAS WRONG
Taylor8_W,667,0,Hostage_Taker,I WAS SUPPOSED TO TALK TO <NAME> FIRST
Taylor8_W,668,0,Person,OK WELL LETS WORK ON THAT THEN I THOUGHT I THOUGHT YOU WERE GOING TO TALK TO HER AFTER YOU SAID LET ME TALK TO HER AND I THOUGHT YOU MEANT YOUR MOTHER REMEMBER WHEN I PUT YOUR MOTHER BACK ON
Taylor8_W,669,0,Hostage_Taker,I TOLD I TOLD <NAME> <NAME>
Taylor8_W,670,0,Person,YOU SAID LET ME TALK TO HER FIRST AND I THOUGHT YOU MEANT YOUR MOTHER
Taylor8_W,671,0,Hostage_Taker,TALK TO HER FIRST AND THEN MY <NAME> GOT ON THE PHONE
Taylor8_W,672,0,Person,I WANTED TO TALK TO HER BEFORE SHE CAME UP HERE AND YOU DIDNT LISTEN OH
Taylor8_W,673,0,Hostage_Taker,SHE WAS GETTING READY THEN
Taylor8_W,674,1,Person,YOU SEE I MISUNDERSTOOD YOU THEN YOU SAID LET ME TALK TO I SAID THAT I WAS GONING YOUR <NAME> WAS COMING UP TO GET <NAME> AND YOU SAID WE WILL LET ME TALK TO HER FIRST AND THATS WHEN I PUT YOU MOTHER ON SEE YOU AND I HAVENT TALKED THAT MUCH ABOUT <NAME> YOU SAID THAT THAT YOU WERE LIED TO BECAUSE YOU WERE GOING TO TALK TO <NAME> BUT YOU AND I YOU AND I NEVER TALKED ABOUT THAT YOU UNDERSTAND THAT
Taylor8_W,675,0,Hostage_Taker,I GUESS
Taylor8_W,676,1,Person,AND WHAT I WANTED WAS A SHOW OF GOOD FAITH FROM YOU YOU KNOW YOU ARE GOING TO HAVE TO LET ME HELP YOU IF I AM GOING TO HELP YOU YOU UNDERSTAND MY MY SITUATION
Taylor8_W,677,0,Hostage_Taker,YES BUT A DEAL IS A DEAL
Taylor8_W,678,1,Person,WELL THAT WAS OUR DEAL I THOUGHT THAT THAT YOU WERE GONNA HAVE YOU <NAME> PICK UP <NAME> AND THEN TALK TO <NAME> SEE THATS WHY THATS WHY YOU KNOW IT SOUNDS LIKE IM GOING INTO DETAILS HERE AND I AM BECAUSE I DONT WANNA I DONT WANNA DO THE WRONG THING SEE I DIDNT UNDERSTAND THAT
Taylor8_W,679,0,Hostage_Taker,I DONT WANT TO DO THE WRONG THING
Taylor8_W,680,0,Person,WELL GOOD I CERTAINLY HOPE THAT I DONT AND THATS WHY I WANTED TO TALK TO YOU IN DETAIL ABOUT THIS THING LETS LETS START OVER OK HOW SHOULD WE DO THIS
Taylor8_W,681,0,Hostage_Taker,LIKE IT WAS SUPPOSED TO BE DONE
Taylor8_W,682,0,Person,WELL THEN EXPLAIN IT TO ME OK
Taylor8_W,683,0,Hostage_Taker,IM SUPPOSED TO GET TO TALK TO HER
Taylor8_W,684,0,Person,NOW WHEN YOU SAY HER
Taylor8_W,685,0,Hostage_Taker,<NAME>
Taylor8_W,686,0,Person,OK <NAME> OK SEE THATS WHERE THE MISUNDERSTANDING CAME IN SAID YOU <NAME> WAS GOING TO COME UP LIKE YOU SAID YOU WANTED HER TO COME UP AND GET <NAME> AND YOU SAID LET ME TALK TO HER FIRST SO I PUT YOU MOTHER ON YOU WANTED TO TALK TO <NAME> FIRST
Taylor8_W,687,0,Hostage_Taker,MHM MHM
Taylor8_W,688,0,Person,OK NOW I GOT IT STRAIGHT WELL HOW ABOUT HOW ABOUT IF WE WORK SOMETHING THAT THAT IS SATISFACTORY TO YOU RELATIVE TO TALKING TO <NAME> OK
Taylor8_W,689,0,Hostage_Taker,HOW COME IM HAVING SUCH A HARD TIME IN GETTING TO TALK TO HER
Taylor8_W,690,1,Person,WELL BECAUSE BECAUSE YOURE NOT DOING ANYTHING IN YOUR OWN BEST INTEREST AND THATS IS LETTING YOUR <NAME> PICK UP <NAME> WHAT DO YOU WANT TO TALK TO <NAME> ABOUT
Taylor8_W,691,0,Hostage_Taker,I JUST WANNA TALK TO HER
Taylor8_W,692,0,Person,WELL IS IT GOING TO UPSET <NAME>
Taylor8_W,693,0,Hostage_Taker,IT SHOULDNT
Taylor8_W,694,3,Person,OK WELL LETS WORK ON THE THING YOU SUGGESTED ILL LET YOU TALK TO <NAME> HOW ABOUT HOW ABOUT IF YOU <NAME> COMES UP THERE AGAIN AND ILL LET YOU TALK TO <NAME>
Taylor8_W,695,0,Hostage_Taker,AFTERWARDS
Taylor8_W,696,0,Person,YES
Taylor8_W,697,0,Hostage_Taker,IN OTHER WORDS YOU THINK <NAME> IS GOING TO SAY SOMETHING TO ME THATS GOING TO MAKE ME DO SOMETHING ELSE THATS NOT RIGHT
Taylor8_W,698,0,Person,I DONT KNOW
Taylor8_W,699,0,Hostage_Taker,THATS THE WAY I TAKE IT THATS WHY YOU WON T LET ME TALK TO HER
Taylor8_W,700,0,Person,DO YOU THINK THAT
Taylor8_W,701,0,Hostage_Taker,I THINK YOU THINK THAT
Taylor8_W,702,0,Person,I DONT KNOW
Taylor8_W,703,0,Hostage_Taker,THATS WHY YOU WONT LET ME TALK TO HER
Taylor8_W,704,0,Person,WOULD YOU HURT YOURSELF IF I LET YOU TALK TO HER
Taylor8_W,705,0,Hostage_Taker,NO
Taylor8_W,706,0,Person,WELL I DONT HAVE ANY PROBLEM WITH YOU TALKING TO HER BUT WHAT IM TRYING TO DO IS IS YOU KNOW IS TO HAVE YOU SHOW ME SOME GOOD FAITH
Taylor8_W,707,0,Hostage_Taker,IF I GET TO TALK TO HER <NAME> CAN GET <NAME> AND TAKE HER
Taylor8_W,708,0,Person,OK
Taylor8_W,709,0,Hostage_Taker,THAT PART WAS IN THE AGREEMENT
Taylor8_W,710,3,Person,ALRIGHT HOW ABOUT IF I IF IF YOUR <NAME> AND <NAME> COME UP THERE TO GET THE BABY AND ILL PUT <NAME> ON THE PHONE AT THAT TIME
Taylor8_W,711,0,Hostage_Taker,THATS THE WAY ITS SUPPOSE TO BE IM SUPPOSED TO BE TALKING TO <NAME> AND WATCHED AND IM SUPPOSED TO BE TALKING TO HER WHILE THEY ARE LEAVING SEE IM WATCHING EVERY MOVE THATS MADE DOWN THERE
Taylor8_W,712,0,Person,MHM MHM OK SEE THATS THATS THATS THE STUFF YOU DIDNT TELL ME
Taylor8_W,713,0,Hostage_Taker,I WANNA BE TALKING OF HER AND I WANNA BE ON THE PHONE TO HER WHILE SHE COMES TO GET HER
Taylor8_W,714,0,Person,OK SEE YOU DIDNT
Taylor8_W,715,0,Hostage_Taker,WELL I TOLD <NAME> THATS THE WAY I WANNA
Taylor8_W,716,0,Person,THIS IS THE FIRST TIME YES BUT YOU DIDNT TELL ME THAT YOU KNOW AND IM IM IM RESPONSIBLE FOR YOUR WELL BEING OK WELL LETS DO THAT
Taylor8_W,717,0,Hostage_Taker,THATS WHAT I WAS WANTING TO DO
Taylor8_W,718,3,Person,GREAT LET ME LET ME SEND <NAME> AND YOUR MOTHER OUT AND YOU CAN SEE THEM COME OUT AND ILL PUT <NAME> ON THE PHONE ALRIGHT
Taylor8_W,719,0,Hostage_Taker,I SEE <NAME> ON THE PORCH
Taylor8_W,720,0,Person,OK I CANT SEE HIM FROM WHERE I AM IM IN THE KITCHEN LETS LETS GET THEM TO START UP THERE ILL GET <NAME> ON THE PHONE
Taylor8_W,721,0,Hostage_Taker,BEFORE THEY GET IN THE TRUCK I WANNA BE TALKING TO HER
Taylor8_W,722,0,Person,ALRIGHT HANG ON A MINUTE <NAME>
Taylor8_W,723,0,Hostage_Taker,YES
Taylor8_W,724,3,Person,OK I JUST TALKED TO YOUR <NAME> SHES WILLING TO DO IT CAN I TRUST YOU ON THIS THING
Taylor8_W,725,0,Hostage_Taker,YES
Taylor8_W,726,0,Person,OK OK YOUR MOTHER AND <NAME> ARE LEAVING NOW
Taylor8_W,727,0,Hostage_Taker,I SEE THEM
Taylor8_W,728,0,Person,CAN YOU LET ME KNOW WHEN THEY START HEADING UP THERE AND ILL LET YOU TALK TO <NAME> AND THEY HEADING UP THERE YET
Taylor8_W,729,0,Hostage_Taker,THEY JUST NOW GETTING IN THE TRUCK
Taylor8_W,730,0,Person,OK I THINK WE ARE DOING OK HERE
Taylor8_W,731,0,Hostage_Taker,OK NOW THEYRE PULLING OUT
Taylor8_W,732,0,Person,OK HERES <NAME>
Taylor8_W,733,0,Person,<NAME>
Taylor8_W,734,0,Hostage_Taker,HUH
Taylor8_W,735,0,Person,WHAT DO YOU WANT TO TALK TO ME ABOUT
Taylor8_W,736,0,Hostage_Taker,I JUST WANNA TALK TO YOU
Taylor8_W,737,0,Person,WELL
Taylor8_W,738,0,Hostage_Taker,THATS ALL I WANTED IN THE BEGINNING
Taylor8_W,739,0,Person,HUH
Taylor8_W,740,0,Hostage_Taker,THATS ALL I WANTED IN THE BEGINNING I GUESS I LOST THIS ONE
Taylor8_W,741,0,Person,NO YOU DIDNT THEY WAS TELLING THE TRUTH
Taylor8_W,742,0,Hostage_Taker,I LOST THIS ONE <NAME>
Taylor8_W,743,0,Person,WHAT DID YOU LOSE
Taylor8_W,744,0,Hostage_Taker,HUH
Taylor8_W,745,0,Person,WHAT DID YOU LOSE
Taylor8_W,746,0,Hostage_Taker,I EXPLAINED TO <NAME> LAST NIGHT I TOLD THAT I DONE ALL I COULD AND GAVE ALL I COULD GIVE TO TRY AND MAKE THINGS RIGHT BUT WE STILL JUST COULDNT BE TOGETHER
Taylor8_W,747,0,Person,WE ARE NOW
Taylor8_W,748,0,Hostage_Taker,WELL
Taylor8_W,749,0,Person,WHAT
Taylor8_W,750,0,Hostage_Taker,WHAT DO YOU MEAN
Taylor8_W,751,1,Person,HES GOING TO GET YOU OUT OF TROUBLE YOU WONT HAVE TO GO TO JAIL
Taylor8_W,752,0,Hostage_Taker,YES I TOLD <NAME> I QUIT DRINKING I QUIT TAKING DOPE PILL RUNNING AROUND YOU KNOW DOING SHIT LIKE THAT TRYING TO KEEP A GOOD JOB AND IT JUST DIDNT WORK SO I LOST
Taylor8_W,753,0,Person,NO YOU DIDNT
Taylor8_W,754,0,Hostage_Taker,I WANNA IM GIVING THEM <NAME>
Taylor8_W,755,0,Person,WELL
Taylor8_W,756,0,Hostage_Taker,HANG ON OK IM GOING TO GIVE THEM <NAME> RIGHT NOW OK
Taylor8_W,757,0,Person,WELL WAIT A MINUTE IS SHE UP THERE
Taylor8_W,758,0,Hostage_Taker,YES SHES ON THE PORCH
Taylor8_W,759,0,Person,WELL HAND HER TO HER AND THEN COME BACK TO THE PHONE
Taylor8_W,760,0,Hostage_Taker,IM GONNA OK
Taylor8_W,761,0,Person,OK
Taylor8_W,762,0,Hostage_Taker,HANG ON
Taylor8_W,763,0,Person,OK
Taylor8_W,764,0,Hostage_Taker,<NAME>
Taylor8_W,765,0,Person,HUH
Taylor8_W,766,0,Hostage_Taker,THATS IT
Taylor8_W,767,0,Person,NO HUH HUH NO IT AINT NO THEY WANNA GET YOU OUT OF TROUBLE <NAME>
Taylor8_W,768,0,Hostage_Taker,HOW
Taylor8_W,769,0,Person,WHAT DO YOU MEAN HOW HE SAID HE COULD AND HES GOING TO
Taylor8_W,770,0,Hostage_Taker,THEYRE TRYING TO GET ME THEYRE GOING TO LET ME OUT ON BOND
Taylor8_W,771,0,Person,YEAH THEY WILL
Taylor8_W,772,0,Hostage_Taker,I STILL GOT TO GO TO COURT
Taylor8_W,773,1,Person,WELL THATS LIKE HE SAID YOULL BE GOING IN ONE DOOR AND OUT THE OTHER ONE
Taylor8_W,774,0,Hostage_Taker,BUT NOT IN COURT I WONT
Taylor8_W,775,1,Person,YOU DIDNT KILL NOBODY ITS NOT THAT BAD
Taylor8_W,776,0,Hostage_Taker,I COULD STILL DO TIME <NAME> <NAME> TOLD ME LAST NIGHT WHY YOU KNOW MAYBE WHAT I COULD GET
Taylor8_W,777,0,Person,<NAME> TOLD YOU WHAT YOU CAN GET
Taylor8_W,778,0,Hostage_Taker,YES
Taylor8_W,779,1,Person,WHAT DID HE TELL YOU SAID I WOULD HAVE TO SPEND TEN DAYS IN JAIL AND PAY A FINE TEN DAYS WELL THATS BETTER THAN YEAR
Taylor8_W,780,0,Hostage_Taker,YES <NAME> BUT I DONT HAVE THE MONEY TO PAY HIS HOSPITAL <NAME>
Taylor8_W,781,0,Person,I KNOW YOU DID ITS DONT START THAT CRYING
Taylor8_W,782,0,Hostage_Taker,WELL
Taylor8_W,783,1,Person,WHAT ELSE YOU WANT THEY DID A LOT FOR YOU THEYRE GETTING YOU OUT OF TROUBLE
Taylor8_W,784,0,Hostage_Taker,NOT ME WELL I LET HER GO
Taylor8_W,785,0,Person,WELL I KNOW <NAME> WANTING TO TALK TO YOU
Taylor8_W,786,0,Hostage_Taker,NO
Taylor8_W,787,0,Person,WHY
Taylor8_W,788,0,Hostage_Taker,I WAS SUPPOSED TO GET TO TALK TO YOU
Taylor8_W,789,0,Person,OK THEN ILL KEEP TALKING TO YOU
Taylor8_W,790,0,Hostage_Taker,I GUESS ITS ME AND THEM NOW
Taylor8_W,791,0,Person,THEYRE NOT GOING TO HURT YOU OR NOTHING
Taylor8_W,792,0,Hostage_Taker,BUT I DONT WANT THEM TO TAKE ME
Taylor8_W,793,0,Person,WELL ITS JUST FOR A LITTLE WHILE
Taylor8_W,794,0,Hostage_Taker,NO THEY THINK IM ZONKERS
Taylor8_W,795,0,Person,NO THEY AINT NEITHER YOU THINK THEY ARE
Taylor8_W,796,0,Hostage_Taker,<NAME> SAID I NEED TO TALK TO A PSYCHIATRIST
Taylor8_W,797,0,Person,HUH
Taylor8_W,798,0,Hostage_Taker,I SAID WHAT I HAVE TO
Taylor8_W,799,1,Person,WELL YOUD RATHER TALK TO A PSYCHIATRIST THAN GO TO JAIL WOULDNT YOU
Taylor8_W,800,0,Hostage_Taker,<NAME> HE WANTS ME TO TALK TO HIM HOW TO GET OVER MY LITTLE GIRL
Taylor8_W,801,0,Person,SO YOULL GET OVER HER
Taylor8_W,802,0,Hostage_Taker,HUH
Taylor8_W,803,0,Person,SO YOULL GET OVER HER
Taylor8_W,804,0,Hostage_Taker,YES
Taylor8_W,805,0,Person,WHY YOU WANNA GET OVER HER FOR
Taylor8_W,806,0,Hostage_Taker,I DONT KNOW THATS WHAT I TOLD <NAME> I WAS TELLING HIM LAST NIGHT I SAID I TRIED EVERY WAY IN THE WORLD I TRIED EVERYTHING I CAN I GAVE UP EVERYTHING SHE WANTED ME TO AND I SAID I STILL CANT MAKE HER HAPPY I SAID THATS ALL I WANNA DO I JUST WANNA MAKE <NAME> HAPPY I SAID THATS ALL I WANT I SAID I JUST WANT ME <NAME> AND <NAME> TO BE TOGETHER I SAID I DONT WANT NOTHING ELSE IN THE WORLD EXCEPT FOR US THREE TO BE TOGETHER
Taylor8_W,807,0,Person,WELL
Taylor8_W,808,0,Hostage_Taker,I TOLD HER ID GIVE EVERYTHING I CAN AND I SAID <NAME> THERES NOTHING ELSE TO GIVE BUT MY LIFE
Taylor8_W,809,0,Person,WELL YOU DONT HAVE JUST GET
Taylor8_W,810,0,Hostage_Taker,<NAME> YOU YOULL NEVER BE ABLE TO TRUST ME AGAIN
Taylor8_W,811,0,Person,HUH
Taylor8_W,812,0,Hostage_Taker,YOULL NEVER BE ABLE TO TRUST ME AGAIN
Taylor8_W,813,3,Person,IF YOU GET HELP I WILL
Taylor8_W,814,0,Hostage_Taker,HOW
Taylor8_W,815,0,Person,WELL YOU TALK TO <NAME> JUST A MINUTE WHILE I HOLD <NAME> AND THEN ILL TALK TO YOU AGAIN
Taylor8_W,816,0,Hostage_Taker,<NAME>
Taylor8_W,817,0,Person,HUH
Taylor8_W,818,0,Hostage_Taker,DONT PUT HIM ON
Taylor8_W,819,0,Person,OK I WONT I WONT I WONT
Taylor8_W,820,0,Hostage_Taker,SHES NOT HURT I FED HER THREE TIMES THIS MORNING CHANGED HER DIAPERS I KEPT HER UNDER THE ELECTRIC BLANKET
Taylor8_W,821,0,Person,DID YOU WELL YOU CAN TALK JUST A MINUTE AND THEN I CAN GET BACK ON THE PHONE
Taylor8_W,822,0,Hostage_Taker,<NAME>
Taylor8_W,823,0,Person,OK OK
Taylor8_W,824,0,Hostage_Taker,THAT WOULDNT WHAT THE AGREEMENT WAS
Taylor8_W,825,1,Person,OK WELL I WANNA HUG HER <NAME>
Taylor8_W,826,0,Hostage_Taker,<NAME>
Taylor8_W,827,0,Person,OK WELL TALK A MINUTE
Taylor8_W,828,0,Hostage_Taker,I WANTED TO KEEP HER
Taylor8_W,829,0,Person,HUH
Taylor8_W,830,0,Hostage_Taker,I SAID I WANTED TO KEEP HER
Taylor8_W,831,0,Person,WHY WHYD YOU OK DONT HANG UP OR NOTHING OK BECAUSE IM COMING RIGHT BACK
Taylor8_W,832,0,Hostage_Taker,<NAME>
Taylor8_W,833,0,Person,IM COMING RIGHT BACK
Taylor8_W,834,0,Hostage_Taker,DONT LET HIM ON THE PHONE
Taylor8_W,835,0,Person,HEY <NAME>
Taylor8_W,836,0,Hostage_Taker,WHAT
Taylor8_W,837,0,Person,THIS IS <NAME> SHES GONNA GO SEE <NAME> FOR JUST A MINUTE YOU KNOW WHAT
Taylor8_W,838,0,Hostage_Taker,WHAT
Taylor8_W,839,5,Person,YOURE QUITE A GUY YOURE A GOOD DECENT GUY AND YOU DID THE RIGHT THING AND I TOLD YOU IM GOING TO HELP YOU AND IM GOING TO HELP YOU YOU KNOW YESTERDAY I ARRESTED A GUY YOU KNOW WHAT HE GOT LOCKED UP FOR
Taylor8_W,840,0,Hostage_Taker,NO
Taylor8_W,841,5,Person,TWENTY YEARS YOU DONT HAVE ANYTHING LIKE THAT LOOKING AT YOU AND NOBODY SAID YOURE EVEN GOING TO GET LOCKED UP AND THIS GIRL DOWN HERE YOU KNOW THINKS YOURE A PRETTY GOOD GUY AND YOU ARE AND AND YOU SHOWED ME THAT I CAN TRUST YOU NOW LET ME SHOW YOU THAT YOU CAN TRUST ME OK YOURE A HECK OF A GUY WOULD YOU LET ME DO SOMETHING FOR YOU
Taylor8_W,842,0,Hostage_Taker,WHAT
Taylor8_W,843,1,Person,LET ME HELP YOU OUT OF THIS SITUATION I KNOW I KNOW THAT RIGHT NOW IT DOESNT LOOK THAT GREAT BUT GEES DONT DONT GET ALL BENT OUT OF SHAPE ABOUT IT YOU KNOW WE CAN WORK IT OUT AND REMEMBER I SAID BEFORE ITS A WALK THROUGH THAT STILL HOLDS WE CAN STILL DO THAT <NAME> YOULL BE OUT DRINKING <NAME> IN THE EARLY MORNING SUN
Taylor8_W,844,0,Hostage_Taker,IT IS EARLY MORNING
Taylor8_W,845,0,Person,ITS EARLY MORNING RIGHT NOW YES CAN WE DO THAT
Taylor8_W,846,0,Hostage_Taker,CAN I TALK BACK TO <NAME>
Taylor8_W,847,3,Person,SURE SURE SHES HUGGING THE BABY RIGHT NOW ARE YOU GOING TO LET ME HELP YOU
Taylor8_W,848,0,Hostage_Taker,LET ME TALK TO HER
Taylor8_W,849,2,Person,ALRIGHT BUT WOULD YOU WOULD YOU KEEP THAT IN YOUR MIND PLEASE
Taylor8_W,850,0,Hostage_Taker,YES
Taylor8_W,851,1,Person,THAT WE ARE STILL GOING TO GET THIS WARRANT I TOLD YOU WE ARE GOING TO GET THE WARRANT HELD THAT WAY WE STILL CAN GET IT HELD THAT WAY NOBODY IS GOING TO COME IN THERE AND ROUGH YOU UP OR ANYTHING LIKE THAT AND AND <NAME> SAID THAT YOU KNOW HED GIVE YOU A RIDE DOWN THERE WOULD YOU LET ME PROVE THAT TO YOU
Taylor8_W,852,0,Hostage_Taker,I WANNA TALK TO HER FIRST THEN ILL LET YOU KNOW
Taylor8_W,853,3,Person,OK WOULD YOU LET ME PROVE THAT TO YOU
Taylor8_W,854,0,Hostage_Taker,IF I GET TO TALK TO HER FIRST
Taylor8_W,855,0,Person,OK HANG ON A MINUTE SHES CHANGING THE BABYS DIAPER WHEN <NAME> DONE CHANGING THE DIAPER CAN SHE COME BACK AND TALK TO <NAME> OK YOU STILL WANNA HANDLE IT THAT WAY DONT YOU
Taylor8_W,856,0,Hostage_Taker,HUH
Taylor8_W,857,0,Person,YOU STILL WANNA HANDLE IT THAT WAY DONT YOU
Taylor8_W,858,0,Hostage_Taker,I WANNA TRY
Taylor8_W,859,0,Person,GOOD GOOD
Taylor8_W,860,0,Hostage_Taker,WHERES THE LAW GOING
Taylor8_W,861,5,Person,WELL THEYRE GOING TO BE GETTING THE HECK OUT OF HERE SOON YOU THINK A BUNCH OF UNIFORM GUYS ARE COMING IN AND GRAB YOU DONT YOU TELL ME IF YOU THINK THAT LETS TALK HONESTLY TO EACH OTHER THATS NOT GONNA HAPPEN SHOOT YOU SHOWED THEM YOURE A STAND UP GUY RIGHT
Taylor8_W,862,0,Hostage_Taker,I GUESS
Taylor8_W,863,1,Person,SURE YOU DID AND YOU ARE IF I HAD AN UNCLE IN <PLACE> AND I GOT IN TROUBLE HE COULD SIGN MY BOND DOESNT MATTER WHERE YOU LIVE THE BOND IS THE BOND YOU KNOW YOUR MOTHER TRUSTS YOU AND SHES TAKING RESPONSIBILITY BY SIGNING A BOND
Taylor8_W,864,0,Hostage_Taker,I WANNA FINISH TALKING TO <NAME>
Taylor8_W,865,0,Person,OK SHES STILL CHANGING OH THERE SHE IS HANG ON A MINUTE <NAME> TELL HIM THAT WE REALLY WANNA DO THE WARRANT THIS WAY THERES NO PROBLEM THEYRE GONNA HANDLE IT THAT WAY
Taylor8_W,866,0,Person,<NAME>
Taylor8_W,867,0,Hostage_Taker,YES
Taylor8_W,868,3,Person,YOU GONNA LET THEM TAKE YOU DOWN THERE
Taylor8_W,869,0,Hostage_Taker,IM SCARED TO <NAME>
Taylor8_W,870,0,Person,WHY YOU STILL DONT BELIEVE IT DO YOU
Taylor8_W,871,0,Hostage_Taker,I BELIEVE THEY MIGHT YOU KNOW I DONT KNOW I DONT WANNA TALK TO THEM OK
Taylor8_W,872,0,Person,OK OH
Taylor8_W,873,0,Hostage_Taker,I DONT BELIEVE THEY CAN HANDLE THE BOND THAT WAY
Taylor8_W,874,0,Person,WELL THEY AINT LIED TO YOU SO FAR HAVE THEY
Taylor8_W,875,0,Hostage_Taker,THAT WAS FOR <BABYS_NAME> SAKE <NAME>
Taylor8_W,876,0,Person,WELL HES GOING TO TRY TO HELP YOU <NAME>
Taylor8_W,877,0,Hostage_Taker,WELL WHAT DO I DO
Taylor8_W,878,3,Person,JUST GO DOWN THERE WITH <NAME> AND THEN YOULL BE YOULL PROBABLY COME RIGHT BACK HOME TODAY
Taylor8_W,879,0,Hostage_Taker,I FEEL LIKE AN ASSHOLE
Taylor8_W,880,0,Person,WHY BECAUSE OF WHAT YOUVE DONE
Taylor8_W,881,0,Hostage_Taker,YES
Taylor8_W,882,0,Person,YOU ARE ONE
Taylor8_W,883,0,Hostage_Taker,ITS BECAUSE OF WHAT I WANTED
Taylor8_W,884,0,Person,HUH
Taylor8_W,885,0,Hostage_Taker,BECAUSE OF WHAT I WANTED
Taylor8_W,886,0,Person,WELL
Taylor8_W,887,0,Hostage_Taker,I WANTED YOU AND <NAME> I WAS HANGING ON I TOLD <NAME> LAST NIGHT I SAID <NAME> IM NOT GOING TO HURT HER I SAID I SAID <NAME> WILL BE ABLE TO WALK OUT BUT IM NOT
Taylor8_W,888,0,Person,DO WHAT
Taylor8_W,889,0,Hostage_Taker,LAST NIGHT I TOLD <NAME> THAT I WASNT GOING TO HURT <NAME> I TOLD HER THAT <NAME> I SAID THAT THEY COULD COME IN PICK HER UP I SAID BUT THEY WOULD HAVE TO CARRY ME OUT
Taylor8_W,890,0,Person,MHM WHY YOU WANNA HURT YOURSELF FOR FEEL BETTER OR WORSE HUH
Taylor8_W,891,0,Hostage_Taker,WHY DO YOU THINK
Taylor8_W,892,0,Person,I DONE TOLD YOU THEYRE NOT GONNA
Taylor8_W,893,0,Hostage_Taker,ITS NOT JUST THAT
Taylor8_W,894,0,Person,WHAT ELSE HUH
Taylor8_W,895,0,Hostage_Taker,<NAME>
Taylor8_W,896,0,Person,WAIT A SECOND
Taylor8_W,897,0,Hostage_Taker,WHO ARE YOU WHISPERING TO
Taylor8_W,898,0,Person,<NAME>
Taylor8_W,899,0,Hostage_Taker,WHOS LISTENING
Taylor8_W,900,0,Person,HUH
Taylor8_W,901,0,Hostage_Taker,<NAME>
Taylor8_W,902,0,Person,HES TRYING TO TALK TO ME TOO
Taylor8_W,903,0,Hostage_Taker,BUT I ASKED YOU WHOS LISTENING IS ANYBODY ELSE LISTENING BESIDES YOU
Taylor8_W,904,0,Person,NO JUST ME <NAME> JUST ME
Taylor8_W,905,3,Hostage_Taker,DO YOU SWEAR TO GOD
Taylor8_W,906,0,Person,<NAME> THERES JUST ONE PHONE HERE
Taylor8_W,907,0,Hostage_Taker,YES BUT YOU KNOW YOU COULD BE LIFTING IT UP TO HIS EAR
Taylor8_W,908,0,Person,BUT IM NOT
Taylor8_W,909,3,Hostage_Taker,WELL SWEAR TO GOD FOR ME OK
Taylor8_W,910,0,Person,HUH
Taylor8_W,911,3,Hostage_Taker,SWEAR TO GOD
Taylor8_W,912,0,Person,THERES ONLY ONE PHONE HERE AND I GOT IT TO MY EAR
Taylor8_W,913,3,Hostage_Taker,DO YOU SWEAR TO GOD YES OR NO
Taylor8_W,914,0,Person,THAT THERES ONLY
Taylor8_W,915,0,Hostage_Taker,<NAME>
Taylor8_W,916,0,Person,HEY <NAME> THERE AINT NOBODY LISTENING NOW
Taylor8_W,917,0,Hostage_Taker,<NAME>
Taylor8_W,918,0,Person,HUH WHAT
Taylor8_W,919,0,Hostage_Taker,IM GOING TO ASK YOU ONE QUESTION AND I WANT A STRAIGHT ANSWER DONT LIE TO ME I WANT THE TRUTH I WANNA KNOW HOW THINGS ARE
Taylor8_W,920,0,Person,I TOLD YOU THERE IS JUST ONE PHONE <NAME>
Taylor8_W,921,0,Hostage_Taker,BUT THAT DONT MEAN YOU CANT THAT DONT MEAN NOBODY ELSE CANT HEAR
Taylor8_W,922,0,Person,WELL THERE AINT NOBODY LISTENING TO A WORD WELL THEYRE JUST STANDING HERE
Taylor8_W,923,0,Hostage_Taker,OK LISTEN TO ME
Taylor8_W,924,0,Person,OK
Taylor8_W,925,0,Hostage_Taker,AND ANSWER ME
Taylor8_W,926,0,Person,OK
Taylor8_W,927,3,Hostage_Taker,AND DONT SAY ONE PHONE I ASKED YOU DO YOU SWEAR TO GOD NOBODY IS LISTENING YES OR NO
Taylor8_W,928,0,Person,NO
Taylor8_W,929,0,Hostage_Taker,YOU DONT SWEAR HUH
Taylor8_W,930,0,Person,NO I DONT SWEAR
Taylor8_W,931,0,Hostage_Taker,YOU DO OR YOU DONT
Taylor8_W,932,0,Person,I SWEAR I SWEAR YOURE SOMETHING ELSE YOU FEEL BETTER OR WORSE
Taylor8_W,933,0,Hostage_Taker,WORSE
Taylor8_W,934,0,Person,WHY
Taylor8_W,935,0,Hostage_Taker,I LOST
Taylor8_W,936,0,Person,YOU LOST WHAT
Taylor8_W,937,0,Hostage_Taker,WELL WHOS LISTENING
Taylor8_W,938,0,Person,NOBODYS LISTENING
Taylor8_W,939,0,Hostage_Taker,<NAME>
Taylor8_W,940,0,Person,<NAME> NOW NOBODYS LISTENING
Taylor8_W,941,0,Hostage_Taker,REMEMBER WHAT YOU TOLD ME LAST NIGHT
Taylor8_W,942,0,Person,WHAT
Taylor8_W,943,0,Hostage_Taker,SITTING IN MY BEDROOM ON THE BED
Taylor8_W,944,0,Person,MMM MHM
Taylor8_W,945,0,Hostage_Taker,WHY DID YOU SAY THAT STUFF FOR <NAME>
Taylor8_W,946,0,Person,WHY DO YOU THINK I SAID IT
Taylor8_W,947,0,Hostage_Taker,YOU WERE TRYING TO MAKE THINGS EASIER BUT YOU KNOW SOMETHING
Taylor8_W,948,0,Person,YOU <NAME>
Taylor8_W,949,0,Hostage_Taker,I ALSO ASKED FOR YOU TO TELL ME THE TRUTH
Taylor8_W,950,0,Person,OK
Taylor8_W,951,0,Hostage_Taker,I WANTED YOU TO TELL ME THE TRUTH
Taylor8_W,952,0,Person,OK
Taylor8_W,953,0,Hostage_Taker,AND I LOOKED YOU DEAD IN THE EYE WHILE YOU TALKED
Taylor8_W,954,0,Person,YES
Taylor8_W,955,0,Hostage_Taker,AND IT WASNT THE TRUTH
Taylor8_W,956,0,Person,HOW DO YOU KNOW
Taylor8_W,957,0,Hostage_Taker,SOMETIMES YOU CAN JUST TELL WHEN SOMEBODYS TELLING THE TRUTH
Taylor8_W,958,0,Person,WELL WE ARE GONNA TALK ABOUT THAT LATER OK
Taylor8_W,959,0,Hostage_Taker,I WANTED TO TALK ABOUT IT NOW
Taylor8_W,960,0,Person,OK
Taylor8_W,961,0,Hostage_Taker,I JUST WANTED TO KNOW WHY YOU LIED TO ME
Taylor8_W,962,0,Person,I DIDNT
Taylor8_W,963,0,Hostage_Taker,I ASKED YOU I DIDNT WANT NO LIE
Taylor8_W,964,1,Person,OK SOONER YOU GET DOWN THERE SOONER YOU GET OUT
Taylor8_W,965,0,Hostage_Taker,DONT CHANGE THE SUBJECT OK
Taylor8_W,966,0,Person,OK
Taylor8_W,967,4,Hostage_Taker,THE AGREEMENT WAS I GET TO TALK TO YOU AS LONG AS I WANTED TO AFTER THEY GET THE BABY
Taylor8_W,968,0,Person,OK OK
Taylor8_W,969,0,Hostage_Taker,I JUST DONT UNDERSTAND YOU TOLD ME YOU SAID WED LEAVE AN DO THIS AND DO THAT AND START OVER AND I WAS LOOKING AT YOU AND IT WAS SO HARD FOR YOU TO SAY IT IT WAS EASY TO TELL YOU WERE LYING TO ME
Taylor8_W,970,0,Person,WELL
Taylor8_W,971,0,Hostage_Taker,THATS THE WAY ITS GONNA BE
Taylor8_W,972,0,Person,WE CAN STILL TRY I GUESS
Taylor8_W,973,0,Hostage_Taker,WHAT
Taylor8_W,974,0,Person,I SAID WE CAN STILL TRY
Taylor8_W,975,0,Hostage_Taker,YOU GUESS
Taylor8_W,976,0,Person,MHM MHM
Taylor8_W,977,0,Hostage_Taker,THAT S A GUESS
Taylor8_W,978,0,Person,WE WILL
Taylor8_W,979,0,Hostage_Taker,HUH
Taylor8_W,980,0,Person,WE WILL
Taylor8_W,981,0,Hostage_Taker,HOW CAN YOU LIE TO ME
Taylor8_W,982,0,Person,IM NOT GOING TO
Taylor8_W,983,0,Hostage_Taker,WHAT WAS THAT ABOUT
Taylor8_W,984,0,Person,HUH
Taylor8_W,985,0,Hostage_Taker,WHAT WAS THAT ABOUT
Taylor8_W,986,0,Person,JUST
Taylor8_W,987,0,Hostage_Taker,I HAVE A FEEING IM BEING LIED TO
Taylor8_W,988,0,Person,YOURE NOT
Taylor8_W,989,0,Hostage_Taker,YES I AM
Taylor8_W,990,0,Person,NO YOU AINT
Taylor8_W,991,0,Hostage_Taker,YOURE TRYING TO MAKE IT SOUND EASIER TRYING TO MAKE ME BELIEVE IT SOMETHING THAT I WANT SOMETHING TO HOLD ON <NAME>
Taylor8_W,992,0,Person,WHAT
Taylor8_W,993,0,Hostage_Taker,WILL YOU JUST DONT LIE TO ME
Taylor8_W,994,0,Person,OK IM NOT
Taylor8_W,995,0,Hostage_Taker,I DONT CARE WHAT ITS ABOUT I DONT WANNA BE TOLD A LIE
Taylor8_W,996,0,Person,OK
Taylor8_W,997,0,Hostage_Taker,NO MATTER WHAT I ASK YOU I DONT WANT TO BE TOLD A LIE
Taylor8_W,998,0,Person,OK WILL YOU TALK TO <NAME> JUST ONE MORE MINUTE
Taylor8_W,999,0,Hostage_Taker,<NAME> WHATS THE DEAL DONT PRESSURE ME RIGHT NOW
Taylor8_W,1000,0,Person,OK OK
Taylor8_W,1001,3,Hostage_Taker,I WANT YOU TO TELL ME THE TRUTH DONT YOU TELL ME ONE LIE YOU PROMISE
Taylor8_W,1002,0,Person,YOU THINK IM LYING TO YOU OH <NAME>
Taylor8_W,1003,0,Hostage_Taker,WHAT
Taylor8_W,1004,0,Person,ARE YOU GOING TO GO DOWN THERE
Taylor8_W,1005,0,Hostage_Taker,<NAME>
Taylor8_W,1006,0,Person,WHAT
Taylor8_W,1007,0,Hostage_Taker,WHATS A GOING ON
Taylor8_W,1008,0,Person,IM TRYING TO TALK ABOUT A DOZEN PEOPLE AT ONCE
Taylor8_W,1009,0,Hostage_Taker,WELL I JUST TELL THEM TO LET YOU TALK TO ME A SECOND OK
Taylor8_W,1010,0,Person,OK
Taylor8_W,1011,0,Hostage_Taker,YOU TELL ME THE TRUTH <NAME> DONT LIE
Taylor8_W,1012,0,Person,OK
Taylor8_W,1013,0,Hostage_Taker,I DONT CARE HOW SERIOUS IT IS OR WHAT THEY THINK I MIGHT DO OR WHAT AGAIN FOR ONE TIME JUST TELL ME THE TRUTH
Taylor8_W,1014,0,Person,OK
Taylor8_W,1015,3,Hostage_Taker,YOU TELL ME HOW YOU WANT THINGS TO BE <NAME> DONT LIE TO ME I WANT THE TRUTH I IT TO BE REALLY SERIOUS
Taylor8_W,1016,3,Person,WELL I WANT YOU TO GO DOWN THERE WITH <NAME> AND THEN AND THEN WELL TALK
Taylor8_W,1017,0,Hostage_Taker,<NAME>
Taylor8_W,1018,0,Person,MHM
Taylor8_W,1019,0,Hostage_Taker,THEN WELL TALK
Taylor8_W,1020,0,Person,MHM MHM
Taylor8_W,1021,0,Hostage_Taker,<NAME> I ASKED YOU NOW I ASKED YOU NOT TO LIE I TOLD YOU TO TELL ME <NAME> DONT LIE
Taylor8_W,1022,0,Person,OK TELL ME WHAT YOU WANT
Taylor8_W,1023,0,Hostage_Taker,WHAT IVE ALWAYS WANTED
Taylor8_W,1024,0,Person,OK WELL DO WHATEVER YOU WANT THEN
Taylor8_W,1025,0,Hostage_Taker,<NAME>
Taylor8_W,1026,0,Person,HUH OK
Taylor8_W,1027,0,Hostage_Taker,I DONT KNOW ITS LIKE ILL ASKING YOU AND YOURE TELLING ME WHAT I WANNA DO
Taylor8_W,1028,0,Person,WELL IF YOU DONT GET IF YOU GET OUT OF TROUBLE THEN YOU WONT HAVE TO YOU WONT HAVE TO LEAVE AND YOU CAN STAY AROUND HERE
Taylor8_W,1029,0,Hostage_Taker,I DONT WANNA STAY AROUND HERE
Taylor8_W,1030,0,Person,WELL THEN WELL GO SOMEWHERE ELSE
Taylor8_W,1031,0,Hostage_Taker,I WANT I WANT A NEW LIFE <NAME> I WANT US TO GO SOMEWHERE ELSE
Taylor8_W,1032,0,Person,HOLD ON JUST A MINUTE
Taylor8_W,1033,0,Person,HEY <NAME> <NAME>
Taylor8_W,1034,0,Hostage_Taker,WHAT
Taylor8_W,1035,0,Person,THIS IS <NAME> IM TALKING TO <NAME> HERE FOR JUST A SECOND SHE SAID SHE SAYS YOU DONT BELIEVE US ABOUT THE WARRANT RIGHT <NAME>
Taylor8_W,1036,0,Hostage_Taker,IT IS HARD FOR ME TO BELIEVE
Taylor8_W,1037,5,Person,WELL LET ME PROVE IT TO YOU YOU KNOW YOUVE DONE THE RIGHT THING LET ME DO THE RIGHT THING YOUVE DONE THE RIGHT THING SHE SAID SOMETHING ABOUT YOU THINK YOU THINK YOU LOST OR SOMETHING YOU HAVENT LOST ANYTHING YOUVE WON SOMETHING AND IF YOU KEEP DOING THE RIGHT THING YOURE GONNA COME OUT A WINNER SO LET ME DO LET ME DO SOMETHING FOR YOU OK YOU CAN YOU CAN WORK THIS OUT WITH <NAME> BUT LETS GET THIS THING OUT OF THE WAY AND YOU CAN COME HOME LIKE I SAID EARLIER I STILL THINK YOURE A HECK OF A GUY YOUVE PROVED THAT YOURE A RESPONSIBLE GUY SO LETS LETS DO THE WALK THROUGH OK PICK UP A SIX PACK OF <NAME> ON THE WAY HOME
Taylor8_W,1038,0,Hostage_Taker,WHEN I GET THROUGH TALKING TO HER
Taylor8_W,1039,0,Person,OK YES BUT LETS NOT DRAG IT OUT ALL MORNING
Taylor8_W,1040,0,Hostage_Taker,WELL I JUST WANNA TALK TO HER
Taylor8_W,1041,1,Person,BECAUSE I WANNA PROVE TO YOU IM A MAN OF MY WORD OK
Taylor8_W,1042,3,Hostage_Taker,WELL WHEN I GET THROUGH TALKING TO HER ILL COME ON DOWN
Taylor8_W,1043,0,Person,OK YOURE GONNA COME WALKING DOWN HERE
Taylor8_W,1044,0,Hostage_Taker,YES
Taylor8_W,1045,6,Person,OK I I DONT KNOW IF <NAME> HAS TO GET TO WORK TODAY OR NOT BUT IF YOU HES NOT GOING OK WHY DONT YOU WHY DONT YOU TALK TO HER A LITTLE BIT LITTLE BIT MORE AND BEFORE THEY GET BUSY DOWN THERE
Taylor8_W,1046,0,Hostage_Taker,YES
Taylor8_W,1047,5,Person,GIVE YOU A VIP TREATMENT OK VERY IMPORTANT PERSON THEYLL JUST WALK YOU RIGHT THROUGH AND YOUR <NAME> AGREED TO SIGN THE BOND JUST A MINUTE <NAME> SAID SOMETHING ABOUT YOU WANTED TO LEAVE OR START OVER WELL THIS IS A GOOD TIME TO DO THAT THIS IS THE THIS IS THE RIGHT THIS IS THE FIRST GOOD STEP RIGHT HERE YOURE A STAND UP GUY IM GONNA PUT IM GONNA PUT <NAME> ON HERE AGAIN
Taylor8_W,1048,0,Hostage_Taker,OK
Taylor8_W,1049,6,Person,AND YOU KNOW WHAT IM WHAT IM SAYING IF YOU CAN GET THIS THING DONE EARLY
Taylor8_W,1050,0,Hostage_Taker,YES
Taylor8_W,1051,6,Person,ITS NOT GOING TO BE ANYTIME AT ALL BEFORE YOU ARE HOME AGAIN
Taylor8_W,1052,0,Hostage_Taker,WELL
Taylor8_W,1053,6,Person,LET ME PROVE THAT TO YOU OK SO IM GONNA PUT <NAME> ON HERE BUT I KNOW YOU WANNA TALK TO HER BUT DONT TALK TO HER ALL MORNING YOU KNOW OR THATS GOING TO DELAY THINGS ALL MORNING ID LIKE A <NAME> MYSELF YOU KNOW
Taylor8_W,1054,0,Hostage_Taker,ILL TRY TO HURRY
Taylor8_W,1055,3,Person,OK WOULD YOU DO THAT FOR ME
Taylor8_W,1056,0,Hostage_Taker,YES
Taylor8_W,1057,1,Person,AND DO IT FOR YOU TOO OK
Taylor8_W,1058,0,Hostage_Taker,YES
Taylor8_W,1059,6,Person,OK ILL PUT <NAME> ON HERE BUT DONT DONT STAY ON HERE TOO LONG BECAUSE WE WANNA GET THIS THING TAKEN CARE OF FOR YOU
Taylor8_W,1060,0,Hostage_Taker,OK
Taylor8_W,1061,0,Person,ALRIGHT
Taylor8_W,1062,0,Hostage_Taker,YES
Taylor8_W,1063,0,Person,THANK YOU
Taylor8_W,1064,0,Hostage_Taker,WELL
Taylor8_W,1065,0,Person,WELL YOU DID IT
Taylor8_W,1066,0,Hostage_Taker,HUH
Taylor8_W,1067,0,Person,YOU DID IT
Taylor8_W,1068,0,Hostage_Taker,WHAT DID I DO
Taylor8_W,1069,0,Person,HUH
Taylor8_W,1070,0,Hostage_Taker,WHAT
Taylor8_W,1071,0,Person,YOU I DONT KNOW YOU JUST DONE IT
Taylor8_W,1072,0,Hostage_Taker,<NAME>
Taylor8_W,1073,0,Person,HUH
Taylor8_W,1074,0,Hostage_Taker,DONT LIE TO ME OK
Taylor8_W,1075,0,Person,OK
Taylor8_W,1076,0,Hostage_Taker,ID LIKE TO KIND OF KNOW WHAT TO EXPECT OK
Taylor8_W,1077,0,Person,OK WHENEVER YOU GET BACK
Taylor8_W,1078,0,Hostage_Taker,YES
Taylor8_W,1079,0,Person,IM GONNA TALK TO YOU ON THE PHONE FIRST OK
Taylor8_W,1080,0,Hostage_Taker,YES
Taylor8_W,1081,0,Person,AND THEN IF THINGS ARE GOING RIGHT ILL BE UP THERE
Taylor8_W,1082,0,Hostage_Taker,TODAY
Taylor8_W,1083,0,Person,JUST WHANEVER YOU GET OUT
Taylor8_W,1084,0,Hostage_Taker,WHENEVER I GET OUT
Taylor8_W,1085,0,Person,HUH
Taylor8_W,1086,0,Hostage_Taker,I THOUGHT I WAS COMING HOME TODAY
Taylor8_W,1087,0,Person,WE1L HE SAID YOUD YOUD JUST GO IN AND RIGHT BACK OUT
Taylor8_W,1088,0,Hostage_Taker,THEY DONT MEAN IT DO THEY
Taylor8_W,1089,0,Person,YES THEY DO TOO
Taylor8_W,1090,0,Hostage_Taker,<NAME>
Taylor8_W,1091,0,Person,THIS YOU KNOW THAT GUY YOU BEEN TALKING TO
Taylor8_W,1092,0,Hostage_Taker,YES
Taylor8_W,1093,0,Person,HE SAID HED GO WITH YOU
Taylor8_W,1094,3,Hostage_Taker,CAN I TRUST YOUR WORD ON THIS
Taylor8_W,1095,0,Person,YES
Taylor8_W,1096,0,Hostage_Taker,<NAME> I KNOW YOU LIED TO ME AND YOU KNOW IT TOO
Taylor8_W,1097,0,Person,YES
Taylor8_W,1098,0,Hostage_Taker,I DONT KNOW WHAT TO BELIEVE I TOLD <NAME> IM TRYING MY BEST TO DO RIGHT THAT EVERYTIME YOU GET AROUND JAIL I JUST KEEP DOING WRONG
Taylor8_W,1099,0,Person,WELL
Taylor8_W,1100,0,Hostage_Taker,I REALLY WANNA KNOW IF YOU REALLY WANT TO BECAUSE IF YOU DONT I WANNA YOU KNOW JUST KNOW WHAT TO EXPECT
Taylor8_W,1101,0,Person,WELL
Taylor8_W,1102,0,Hostage_Taker,BECAUSE IF YOU DONT IM NOT GOING TO BOTHER BECAUSE I CANT I CANT STAND TO GET IN ANY MORE TROUBLE
Taylor8_W,1103,0,Person,I WANNA ASK YOU SOMETHING
Taylor8_W,1104,0,Hostage_Taker,OK
Taylor8_W,1105,0,Person,WHAT BROUGHT THIS ON ANYWAY
Taylor8_W,1106,0,Hostage_Taker,WHAT BROUGHT THIS ON
Taylor8_W,1107,0,Person,YES HOW COME YOU
Taylor8_W,1108,0,Hostage_Taker,HOW COME I KEEP <NAME>
Taylor8_W,1109,0,Person,YES
Taylor8_W,1110,0,Hostage_Taker,WHEN I COME BACK I TRIED TO TELL YOU REMEMBER ME TELLING YOU HOW I FELT I JUST WANTED TO BE WITH YOU AND HER I WANTED YOU TO GO BACK WITH ME BUT YOU KNOW THERES NO WAY I WANTED I WANTED YOU KNOW SO MUCH BECAUSE THINGS WAS REALLY GOING TO BE DIFFERENT AND YOU WOULD HAVE TRUSTED ME I WAS GONNA GIVE SO MUCH JUST TRYING TO MAKE THINGS RIGHT LIKE I SAID AFTER A WHILE YOU THINK AND YOU SET YOUR MIND TO SOMETHING THATS THE WAY ITS GOING TO BE
Taylor8_W,1111,0,Person,MHM MHM
Taylor8_W,1112,0,Hostage_Taker,I SET MY MIND TO WHAT I WANTED
Taylor8_W,1113,3,Person,WELL YOU READY TO GO DOWN THERE
Taylor8_W,1114,0,Hostage_Taker,<NAME>
Taylor8_W,1115,0,Person,HMH
Taylor8_W,1116,0,Hostage_Taker,WHAT DO YOU WANT
Taylor8_W,1117,0,Person,I WANT YOU TO GO DOWN THERE AND THEN WHEN YOU GET BACK I IM GONNA CALL YOU AND IM GONNA TALK TO YOU THEN THEN ILL BE ON UP THERE
Taylor8_W,1118,0,Hostage_Taker,<NAME> DONT LIE TO ME
Taylor8_W,1119,0,Person,I AINT GOING TO
Taylor8_W,1120,3,Hostage_Taker,YOU GONNA GO WITH ME
Taylor8_W,1121,0,Person,HUH
Taylor8_W,1122,3,Hostage_Taker,YOU GONNA GO WITH ME
Taylor8_W,1123,0,Person,IM GONNA GO HOME AND SPEND SOME TIME WITH <NAME>
Taylor8_W,1124,0,Hostage_Taker,YOU KNOW WHAT YOUR <NAME> AND DAD ARE GONNA SAY DONT YOU
Taylor8_W,1125,0,Person,WELL YOU KNOW HOW THEY ARE
Taylor8_W,1126,0,Hostage_Taker,YES
Taylor8_W,1127,0,Person,WOULDNT YOUR <NAME> DO THE SAME THING
Taylor8_W,1128,0,Hostage_Taker,I GOT BABY SHIT ALL OVER ME
Taylor8_W,1129,0,Person,YOU DONT YOU DONT PUT ON DIAPERS TO GOOD NEITHER
Taylor8_W,1130,0,Hostage_Taker,AS LONG AS SHE WAS DRY
Taylor8_W,1131,0,Person,YES
Taylor8_W,1132,0,Hostage_Taker,BUT SHE SHIT
Taylor8_W,1133,0,Person,WELL
Taylor8_W,1134,0,Hostage_Taker,<NAME>
Taylor8_W,1135,0,Person,HUH
Taylor8_W,1136,0,Hostage_Taker,IF I WANT I WANT THE TRUTH BEING TOLD I CAN HANDLE EVERYTHING SO MUCH BETTER AS LONG AS IM TOLD THE TRUTH
Taylor8_W,1137,4,Person,YOUVE BEEN TOLD THE TRUTH SO FAR AINT YOU
Taylor8_W,1138,0,Hostage_Taker,NO
Taylor8_W,1139,0,Person,OK WHO LIED TO YOU
Taylor8_W,1140,0,Hostage_Taker,YOU LIED TO ME LAST NIGHT
Taylor8_W,1141,0,Person,WELL
Taylor8_W,1142,0,Hostage_Taker,THAT MADE ME WORSE BUT LISTEN THOUGH
Taylor8_W,1143,0,Person,OK
Taylor8_W,1144,0,Hostage_Taker,YOUR <NAME> AND DAD NOT GONNA WANT YOU TO SPEAK TO ME NO MORE YOU THINK IM CRAZY THEY THINK IM CRAZY I GUESS IM CRAZY
Taylor8_W,1145,0,Person,YOU JUST NEED A LITTLE HELP TO STRAIGHTEN YOUR MIND OUT
Taylor8_W,1146,0,Hostage_Taker,<NAME> ITS NOT I DONT NEED A PSYCHIATRIST ITS JUST THAT IM TRYING SO HARD TO GET WHAT I WANT BUT EVERYTHING KEEPS GETTING IN MY WAY I KEEP RUNNING ACROSS PROBLEMS AND THEY KEEP MAKING ME ANGRY AND YOUR <NAME> AND DAD WHEN YOU GO HOME THEIR GONNA SAY <NAME> DONT GO BACK AROUND HIM AGAIN BUT I WANT YOU TO TELL ME WHAT YOUR GONNA DO SERIOUSLY <NAME>
Taylor8_W,1147,0,Person,I TOLD YOU WHAT I WAS GONNA DO
Taylor8_W,1148,0,Hostage_Taker,GOD IM SCARED TO GO
Taylor8_W,1149,0,Person,WELL DONT BE
Taylor8_W,1150,0,Hostage_Taker,IF THEY TAKE ME AND I DONT COME BACK
Taylor8_W,1151,1,Person,YOURE COMING BACK
Taylor8_W,1152,0,Hostage_Taker,ITS GONNA BE HARD BECAUSE ILL BE BY MYSELF AGAINST THOSE BARS
Taylor8_W,1153,1,Person,YOURE NOT GONNA GO TO JAIL
Taylor8_W,1154,0,Hostage_Taker,BECAUSE I CANT STAND BEING IN JAIL
Taylor8_W,1155,3,Person,I KNOW YOU CANT ARE YOU COMING DOWN OR DO YOU WNAT THEM TO COME GET YOU
Taylor8_W,1156,0,Hostage_Taker,ILL COME DOWN I GUESS WELL HE SAID HE SAID KIND OF MAKE IT SHORT SO HE CAN WELL I SWEAR <NAME> I GUESS YOUR TELLING ME THE TRUTH ARE YOU
Taylor8_W,1157,0,Person,YES
Taylor8_W,1158,0,Hostage_Taker,I WANT IF YOUR <NAME> AND DAD SAYS <NAME> HES CRAZY YOU SEEN WHAT HE TRIED TO DO WHAT HE WAS SAYING HE WAS GONNA DO I TRIED TO DO NOTHING ITS WHAT THEY SAID I WAS GOING TO DO AND THEYRE GONNA SAY ARE YOU GONNA GO BACK AROUND HIM AGAIN
Taylor8_W,1159,0,Person,AND ILL SAY I BELIEVE THATS MY DECISION
Taylor8_W,1160,0,Hostage_Taker,AND THEYRE GONNA SAY YOU ARE A FOOL IF YOU DO AND YOUR GONNA SAY
Taylor8_W,1161,0,Person,WELL HOW MANY TIMES HAVE I ALREADY SAID THAT
Taylor8_W,1162,0,Hostage_Taker,I TRIED TO EXPLAIN THIS TO <NAME> I SAID <NAME> ME AND <NAME> WE I SAID PEOPLE SAY THAT I SHOULD NOT BE AROUND HER AND PEOPLE SAY SHE SHOULDNT BE AROUND ME BUT PEOPLE ALL THE TIME GIVING US ADVICE AND WE ARE ALL THE TIME LISTENING TO OTHER PEOPLE I SAID BUT FOR ONE TIME IN YOUR LIFE I TOLD <NAME> I SAID ONE WEEK SURELY WE CAN TRY FOR JUST A WEEK I MEANT REALLY TRY I MEANT SORT OF MAKE A COMMITMENT OR SOMETHING YOU KNOW DO YOU THINK WE CAN DO THAT TO SEE AND IF THAT DIDNT WORK I GUESS FORGET ABOUT IT
Taylor8_W,1163,0,Person,WELL WE CAN TRY ONE MORE TIME
Taylor8_W,1164,0,Hostage_Taker,I MEAN I CANT BELIEVE ITS AMAZING I CANT BELIEVE YOU
Taylor8_W,1165,0,Person,WELL I DONT KNOW WHAT ELSE TO SAY
Taylor8_W,1166,0,Hostage_Taker,HUH
Taylor8_W,1167,0,Person,I DONT KNOW WHAT ELSE TO SAY
Taylor8_W,1168,0,Hostage_Taker,HOW ARE YOU GONNA KNOW WHEN IM BACK
Taylor8_W,1169,0,Person,ILL CALL
Taylor8_W,1170,0,Hostage_Taker,KEEP CALLING
Taylor8_W,1171,0,Person,YES
Taylor8_W,1172,0,Hostage_Taker,BUT WHEN I GET BACK ARE YOU GONNA LET ME KNOW SOMETHING
Taylor8_W,1173,0,Person,YES
Taylor8_W,1174,0,Hostage_Taker,IF I GET TO COME BACK YOU LET ME KNOW THE TRUTH RIGHT OFF
Taylor8_W,1175,0,Person,OK
Taylor8_W,1176,0,Hostage_Taker,AND IF YOU DONT THINK WE ARE GONNA MAKE IT SAY SO YOU KNOW I MEANT DONT LEECH AT ME I MEAN JUST TRY TO TALK AS FRIENDS YOU KNOW SO I CAN YOU KNOW
Taylor8_W,1177,0,Person,OK
Taylor8_W,1178,0,Hostage_Taker,TAKE IT SLOWER TAKE A LITTLE TIME THEN ILL GET OVER IT
Taylor8_W,1179,0,Person,OK THEN WELL COME ON DOWN HERE
Taylor8_W,1180,0,Hostage_Taker,OK IM GONNA CHANGE SHIRTS AND WIPE SOME SHIT OFF MY BRITCHES THAT CLINCHES IT
Taylor8_W,1181,0,Person,OK THEN
Taylor8_W,1182,0,Hostage_Taker,GOD THIS IS SO HARD
Taylor8_W,1183,0,Person,WELL IM GONNA SEE YOU IN A MOMENT UP THROUGH HERE OK WELL CHANGE YOUR SHIRT WELL ILL SEE YE IN A FEW MINUTES ALRIGHT BYE
