Taylor4_LV,4,0,Hostage_Taker,HELLO
Taylor4_LV,5,0,Person,YEAH THIS IS <NAME> AGAIN WE ARE TRYING TO GET THE CAR FOR YOU WE ARE TRYING TO GET THE MONEY HOW MUCH TIME HAVE WE GOT
Taylor4_LV,6,6,Hostage_Taker,YOUVE GOT UNTIL FIVE MINUTES AFTER ONE
Taylor4_LV,7,0,Person,UNTIL FIVE AFTER ONE
Taylor4_LV,8,0,Hostage_Taker,RIGHT
Taylor4_LV,9,0,Person,OKAY WHAT ARE YOU GONNA DO IF WE CANT MAKE IT BY FIVE AFTER ONE
Taylor4_LV,10,0,Hostage_Taker,WELL TRY IT AND FIND OUT
Taylor4_LV,11,0,Person,NO DONT DONT PUT ME ON THAT HELLO
Taylor4_LV,12,0,Hostage_Taker,HELLO
Taylor4_LV,13,0,Person,YEAH THIS IS <NAME> AGAIN YOU IN THERE BY YOURSELF WITH THAT HOSTAGE OR YOU GOT ANOTHER PARTICIPANT IN THIS ROBBERY YOU GOT ANOTHER GUY IN THERE WITH YOU
Taylor4_LV,14,0,Hostage_Taker,NOPE
Taylor4_LV,15,0,Person,HUH
Taylor4_LV,16,0,Hostage_Taker,IM IN HERE ALL BY MYSELF
Taylor4_LV,17,0,Person,LET ME TALK TO THE HOSTAGE AGAIN HUH
Taylor4_LV,18,0,Hostage_Taker,OKAY
Taylor4_LV,19,0,Person,ONLY TAKE A MINUTE
Taylor4_LV,20,0,Hostage_Taker,HOLD ON A SECOND
Taylor4_LV,21,0,Person,HEY BEFORE YOU GO YOU STILL THERE
Taylor4_LV,22,0,Hostage_Taker,HELLO
Taylor4_LV,23,0,Person,YEAH
Taylor4_LV,24,0,Hostage_Taker,YEAH
Taylor4_LV,25,0,Person,THIS IS <NAME> AGAIN HOW MANY PEOPLE ARE IN THAT BANK JUST THE TWO OF YOU THERES NO OTHER MAN IN THERE OKAY LET ME TALK TO HIM AGAIN BEFORE YOU HANG UP WILL YOU
Taylor4_LV,26,0,Hostage_Taker,IM RIGHT HERE
Taylor4_LV,27,0,Person,ARE YOU STILL THERE
Taylor4_LV,28,0,Hostage_Taker,YES
Taylor4_LV,29,1,Person,LOOK WHAT ARE YOU GONNA DO NOW ARE YOU GONNA KILL HER IF WE DONT HAVE THAT MONEY BY FIVE AFTER BECAUSE WE ARE SCRAPING IT AS FAST AS WE CAN BUT TIME IS OF THE ESSENCE FOR US TOO
Taylor4_LV,30,0,Hostage_Taker,ITS OF THE ESSENCE FOR ME TOO JUST GO AHEAD AND KEEP SCRAPING
Taylor4_LV,31,0,Person,BUT NO WHAT ARE YOU GONNA DO I MEAN WHAT ARE YOU GONNA DO AT AT ONE OCLOCK
Taylor4_LV,32,0,Hostage_Taker,KEEP SCRAPING
Taylor4_LV,33,0,Person,IS IT YOUR INTENTION TO KILL THIS GIRL
Taylor4_LV,34,3,Hostage_Taker,KEEP SCRAPING LOOK YOU PEOPLE BE REASONABLE WITH ME ILL BE REASONABLE WITH YOU OKAY I DONT I DONT WANNA HURT ANYBODY RIGHT ON THE OTHER HAND IM NOT GONNA GO TO JAIL EITHER
Taylor4_LV,35,0,Person,IS THERE ANY OTHER KIND OF DEAL WE CAN MAKE WITH YOU YOU KNOW COME FIVE AFTER
Taylor4_LV,36,0,Hostage_Taker,WHAT ABOUT THE ONE WE ARE IN THE PROCESS OF MAKING
Taylor4_LV,37,3,Person,NO IM SAYING ABOUT TIME WE INTEND TO GET THE MONEY AND THE CAR BUT WHAT IM SAYING IF IT TAKES US A LITTLE LONGER THAN THAT WILL YOU GIVE US THE TIME THAT WE NEED
Taylor4_LV,38,0,Hostage_Taker,A LITTLE TIME NOT A HELL OF A LOT
Taylor4_LV,39,3,Person,WELL WOULD YOU GIVE US ANOTHER WOULD YOU GIVE US ANOTHER TWENTY MINUTES BECAUSE WE ARE REALLY DOING THE BEST WE CAN BUT ANOTHER TWENTY MINUTES WOULD HELP US IF YOULL IF YOULL GIVE US UNTIL GIVE US UNTIL ONE THIRTY WILL YOU WELL TRY AND GET IT THERE BY FIVE AFTER IF I CANT BY FIVE AFTER ILL CALL YOU BUT STRETCH IT OUT UNTIL ONE THIRTY WILL YOU
Taylor4_LV,40,0,Hostage_Taker,YEAH YOU DEAL WITH ME PAL
Taylor4_LV,41,0,Person,I WILL ILL DEAL WITH YOU
Taylor4_LV,42,0,Hostage_Taker,OKAY
Taylor4_LV,43,0,Person,JUST HANG IN THERE OKAY
Taylor4_LV,44,0,Hostage_Taker,OKAY
Taylor4_LV,45,0,Person,YOULL GIVE US UNTIL ONE THIRTY
Taylor4_LV,46,0,Hostage_Taker,AH AGAINST MY BETTER JUDGEMENT ILL GIVE YOU UNTIL ONE THIRTY
Taylor4_LV,47,0,Person,OKAY
Taylor4_LV,48,0,Hostage_Taker,BUT IM GETTING A LITTLE FRUSTRATED
Taylor4_LV,49,0,Person,I DONT BLAME YOU
Taylor4_LV,50,0,Hostage_Taker,AND IM TIRED OKAY
Taylor4_LV,51,0,Person,OKAY ARE YOU
Taylor4_LV,52,0,Hostage_Taker,REREGARDLESS OF HOW THIS THING CONCLUDES AND HOW IT ENDS I WANT TO GET IT OVER WITH
Taylor4_LV,53,0,Person,YEAH SO DO WE BUT WE WANNA GET IT OVER WITH WITHOUT YOU AND WITHOUT THAT GIRL GETTING HURT
Taylor4_LV,54,0,Hostage_Taker,PRECISELY THATS HOW I WANNA GET IT OVER WITH OKAY
Taylor4_LV,55,0,Person,YEAH ARE YOU GETTING HUNGRY
Taylor4_LV,56,0,Hostage_Taker,I DONT WANT ANY FOOD DELIVERED
Taylor4_LV,57,0,Person,YOU DONT WANT ANY FOOD
Taylor4_LV,58,0,Hostage_Taker,NO
Taylor4_LV,59,0,Person,OKAY ANYTHING ELSE WE CAN GET FOR YOU
Taylor4_LV,60,0,Hostage_Taker,YOURE DOING THE BEST YOU CAN
Taylor4_LV,61,0,Person,YOURE RIGHT
Taylor4_LV,62,0,Hostage_Taker,WHAT YOU GOT
Taylor4_LV,63,0,Person,OKAY
Taylor4_LV,64,0,Hostage_Taker,KEEP ON TRUCKING
Taylor4_LV,65,0,Person,ALL RIGHT WELL CALL YOU BACK
Taylor4_LV,66,0,Hostage_Taker,RIGHT
Taylor4_LV,67,0,Person,OKAY BYE BYE
Taylor4_LV,68,0,Hostage_Taker,HELLO
Taylor4_LV,69,0,Person,HELLO <NAME> <NAME>
Taylor4_LV,70,0,Hostage_Taker,HOWS IT GOING
Taylor4_LV,71,0,Person,WELL WELL WE WE ARE MOVING WE ARE TRYING EVERY EVERYWAY WE CAN PARDON
Taylor4_LV,72,0,Hostage_Taker,YOU GOT THE MONEY TOGETHER
Taylor4_LV,73,0,Person,WELL WE ARE ITS ITS IN THE PROCESS
Taylor4_LV,74,0,Hostage_Taker,HOW FAR
Taylor4_LV,75,0,Person,WE HAVENT GOT WELL ITS GONNA TAKE US A WHILE YET WHAT TIME IS IT SET YOUR WATCH ITS JUST ABOUT FIVE MINUTES TO ONE RIGHT
Taylor4_LV,76,0,Hostage_Taker,RIGHT ITS ALREADY TAKEN YOU DUDES TWO HOURS
Taylor4_LV,77,7,Person,WELL I KNOW IT HAS BUT THESE THINGS THESE THINGS GO SLOWLY YEAH THIS IS <NAME> WITH THE <NAME> OFFICE CAN I HAVE YOUR <PLACE> BRANCH PLEASE THANK YOU <NAME> <NAME> AGAIN GOT EVERYTHING PUT TOGETHER JUST LIKE YOU SAID IT OKAY <NAME> ITS OVER HERE YEAH NOW LOOK <NAME> IM TALKING TO YOUR WIFE YOUR WIFE AND RETURNING HER TO THE HEADQUARTERS THIS IS VERY BRIEFLY WE DO WANT YOU TO KNOW THAT WE DO HAVE TO TALK TO HER OKAY ALIRIGHT THATS THE WAY YOU WANT TO PLAY IT THATS OKAY NOW GOT THE THE MONEY AND WE HAVE AN AUTOMOBILE FOR YOU FIGURE IT AS YOU WANT IT WHAT DO YOU MEAN HOW YOU WHAT DID YOU SAY YOU WANTED WELL THERES THE <NAME> FREQUENCY AND THERES THE <NAME> FREQUENCY YES BECAUSE OTHERWISE WED HAVE TO MOVE A RADIO FROM A CAR TO ANOTHER CAR SURE IT WORKS WE DID NOT PUT A SIGNAL SEEKING DEVICE THERE IS NONE IN THERE I KNOW YOU WILL AND WE DID NOT PUT ONE IN THERE JUST LIKE YOU TOLD US THERE ARE HUNDREDS AND FIFTIES AND TWENTIES ITS ABOUT THE SIZE OF A SMALL BRIEFCASE NO ITS A BAG A KNAPSACK A WHITE BANK BAG WITH THE BANKS NAME ON THE SIDE OF IT GO AHEAD IM LISTENING YOU MEAN ACROSS THE STREET YOU MEAN IN THE PARKING LOT YOU MEAN IN THE IN THE PARKING LOT YES THATS <NAME> RIGHT NOW RIGHT ACROSS THE STREET IS THE OPEN BIG LOT RIGHT OKAY I GOT YOU JUST A MINUTE OKAY ALRIGHT ALRIGHT GO AHEAD IM LISTENING I WOULDNT THINGS UNDER MY COAT YOURE AFRAID IM GONNA BE CARRYING A GUN NO IM NOT STUPID I WILL NOT CAR I ILL NEVER I WILL IF YOU DONT WANT ME TO CARRY A GUN I WILL NOT CARRY A GUN OKAY I WILL LEAVE IT WITH SOMEBODY HERE I WILL NOT CARRY A GUN I PROMISE YOU THAT SURE BE GLAD TO YOU GO RIGHT AHEAD IM SO FAR IVE BEEN VERY AGREEABLE FOR THE BANK ALRIGHT I DONT KNOW IF I CAN DO THAT IM THATS SOMETHING IM GONNA HAVE TO CHECK I DONT KNOW IF MY BOSS IS GONNA ALLOW ME TO DO THAT WELL OKAY NOW BUT I DONT KNOW NOW PLEASE UNDERSTAND <NAME> PLEASE UNDERSTAND I THATS MY BOSSES DECISION I CANNOT MAKE THAT DECISION I DONT MIND DOIN IT AT ALL NOT AT ALL BUT I CANT MAKE THAT DECISION AND IM NOT TRYING TO SNOW YOU I CANNOT MAKE THAT DECISION BUT GO AHEAD WHAT ELSE DO YOU WANT ME TO DO ALRIGHT ALRIGHT OKAY THEN WELL FURTHER NEGOTIATE WANT ME TO CALL YOU AFTER I GET BACK FROM THAT OKAY THEN ILL WELL YOU STAND BY THE PHONE LET ME CALL YOU BACK IN WE TWO MINUTES WHILE I RUN THIS BY MY BOSS OKAY ALRIGHT OKAY
Taylor4_LV,78,0,Hostage_Taker,BUT I DONT THINK ILL EVER FIND OUT
Taylor4_LV,79,0,Person,WELL I HOPE YOU DO BECAUSE I DONT MIND TAKING THAT WALK ACROSS THE PARKING LOT ILL BE GLAD TO
Taylor4_LV,80,0,Hostage_Taker,IM SURE YOU DONT YOUD BE INSTACLY INSTANTLY PROMOTED
Taylor4_LV,81,0,Person,NO I WOULDNT BE INSTANTLY PROMOTED EITHER
Taylor4_LV,82,0,Hostage_Taker,WELL IT MIGHT TAKE A WEEK
Taylor4_LV,83,1,Person,WE DONT INSTANTLY PROMOTE ANYBODY IN THIS ORGANIZATION THATS JUST PART OF MY JOB AND ID LIKE TO DO IT BECAUSE THATS THE BEST SHOT FOR YOU
Taylor4_LV,84,0,Hostage_Taker,WELL YOU LET ME DECIDE WHATS THE BEST SHOT FOR ME
Taylor4_LV,85,3,Person,WELL YEAH BUT YOU THE THE ONE YOURE YOURE TALKING ABOUT REALLY I DONT KNOW ITS NOT I DONT THINK ITS THE BEST WAY TO GO BUT IT ITS YOUR DECISION SO GIVE US UNTIL ABOUT ONE FORTY FIVE WILL YOU TO GET THIS MONEY TOGETHER AND GET THIS CAR TOGETHER OKAY
Taylor4_LV,86,0,Hostage_Taker,ITS THE LAST TIME EXTENSION
Taylor4_LV,87,0,Person,YOURE SAYING ITS THE LAST TIME EXTENSION RIGHT
Taylor4_LV,88,0,Hostage_Taker,YEAH
Taylor4_LV,89,0,Person,OKAY
Taylor4_LV,90,0,Hostage_Taker,YOU GET ALL THAT TOGETHER RIGHT NOW
Taylor4_LV,91,0,Person,OKAY
Taylor4_LV,92,6,Hostage_Taker,BETWEEN NOW AND ONE FORTY FIVE
Taylor4_LV,93,0,Person,I TOLD YOU WE ARE TRYING PARDON ALRIGHT
Taylor4_LV,94,6,Hostage_Taker,YOU GET ALL THAT TOGETHER BETWEEN NOW AND ONE FORTY FIVE AND WE WILL NEGOTIATE FURTHER
Taylor4_LV,95,0,Person,OKAY ILL CALL YOU AT ABOUT ONE FORTY FIVE
Taylor4_LV,96,0,Hostage_Taker,OKAY
Taylor4_LV,97,0,Person,OKAY <NAME>
Taylor4_LV,98,3,Hostage_Taker,AND NO FUNNY STUFF MAN SOMEBODY STARTS COMING IN THAT DOOR ITS ALL OVER
Taylor4_LV,99,0,Person,NOBODYS GONNA COME IN THAT DOOR
Taylor4_LV,100,0,Hostage_Taker,OKAY I DONT WANT NOBODY COMING THROUGH THE DUCTS OR WHATEVER
Taylor4_LV,101,1,Person,NOBODYS COMING THROUGH ANYTHING WEVE DONE EXACTLY WHAT YOUVE ASKED US TO
Taylor4_LV,102,0,Hostage_Taker,OKAY
Taylor4_LV,103,0,Person,LOOK OUT THE WINDOW DO YOU SEE A POLICE CAR
Taylor4_LV,104,0,Hostage_Taker,YES I DO
Taylor4_LV,105,0,Person,DO YOU SEE A POLICEMAN WHERE DO YOU SEE A POLICE CAR WHERE DO YOU SEE A POLICE CAR
Taylor4_LV,106,0,Hostage_Taker,THERES ONE OVER ON <STREET_NAME> AND THERES ONE FURTHER DOWN THE HIGHWAY HERE BUT I UNDERSTAND THATS JUST TO KEEP TRAFFIC OUT
Taylor4_LV,107,0,Person,THATS EXACTLY WHAT ITS FOR
Taylor4_LV,108,0,Hostage_Taker,OKAY
Taylor4_LV,109,0,Person,BECAUSE WE CANT HAVE PEOPLE GOING THROUGH THIS AREA WE EVEN CLOSED <PLACE> THATS ONE THING YOUVE ACCOMPLISHED
Taylor4_LV,110,0,Hostage_Taker,I CLOSED <PLACE>
Taylor4_LV,111,0,Person,YOUVE GOT THE FRONT OF <PLACE> CLOSED BUT YOU THINK ABOUT WHAT I TOLD YOU WILL YOU
Taylor4_LV,112,0,Hostage_Taker,COOL YEAH
Taylor4_LV,113,0,Person,YOU THINK ABOUT WHAT YOU KNOW I IM ALREADY IM THINKING ABOUT THAT
Taylor4_LV,114,0,Hostage_Taker,OKAY
Taylor4_LV,115,0,Person,AND WE ARE TRYING TO PUT IT TOGETHER
Taylor4_LV,116,0,Hostage_Taker,DYNAMITE
Taylor4_LV,117,0,Person,OKAY
Taylor4_LV,118,0,Hostage_Taker,FAR OUT
Taylor4_LV,119,0,Person,ALLRIGHT YOUNG FELLA
Taylor4_LV,120,0,Hostage_Taker,BYE BYE
Taylor4_LV,121,0,Person,WELL SEE YOU
Taylor4_LV,122,0,Hostage_Taker,HELLO
Taylor4_LV,123,0,Person,<NAME>
Taylor4_LV,124,0,Hostage_Taker,YEAH
Taylor4_LV,125,3,Person,<NAME> AGAIN WITH THIS WITH THIS MONEY NOW I TALKED WITH MY BOSS AND IM PERFECTLY WILLING TO TO DO WHAT YOU TELL ME TO BUT THEY TELL ME THAT UNLESS YOU WHEN I WALK IN THERE IF YOU GIVE ME THAT HOSTAGE ILL GIVE YOU THE MONEY
Taylor4_LV,126,0,Hostage_Taker,NO DICE
Taylor4_LV,127,0,Person,WELL THEN WE GOT A NON NEGOTIABLE POINT HOW ELSE CAN WE RESOLVE IT
Taylor4_LV,128,0,Hostage_Taker,I DONT SEE HOW I DONT SEE HOW BECAUSE YOU KNOW IF I RELEASE MY HOSTAGE RIGHT NO WAY YOU DUDES GONNA LET ME WALK OUTTA THIS BANK
Taylor4_LV,129,0,Person,WELL THATS YOURE RIGHT THERE BUT THIS IS THE THIS IS THE THE POINT THAT THEY MAKE NOW HOW ELSE ARE WE GONNA WORK IT
Taylor4_LV,130,3,Hostage_Taker,WELL WE ARE NOT YOURE EITHER GONNA DO WHAT I TELL YOU TO DO OR I THINK A COUPLE PEOPLE GONNA BE KILLED INCLUDING THE GIRL THATS AS SIMPLE AS THAT I CANT CANT GET ANY MORE EXPLICIT THAN THAT
Taylor4_LV,131,0,Person,IM SORRY YOURE TALKING VERY LOW I CANT HEAR YOU
Taylor4_LV,132,3,Hostage_Taker,I SAID THAT EITHER DO WHAT I TELL YOU TO DO OR THERE GONNA BE SOME DEAD BODIES FLOATING AROUND HERE INCLUDING MINE INCLUDING THE GIRLS
Taylor4_LV,133,0,Person,YEAH NOW
Taylor4_LV,134,0,Hostage_Taker,NOW THAT AS FAR AS IM CONCERNED IS A NON NEGOTIABLE POINT
Taylor4_LV,135,0,Person,<NAME> ANSWER ME THIS HAVE YOU GOT ANYBODY ELSE IN THERE WITH YOU
Taylor4_LV,136,0,Hostage_Taker,NO YOU KNOW THAT AS WELL AS I DO
Taylor4_LV,137,0,Person,WELL I WEVE ASKED YOU BEFORE BUT WE JUST WANNA BE JUST YOU AND THE GIRL AND IF I BRING THE MONEY AVER YOU WILL NOT RELEASE THE GIRL
Taylor4_LV,138,3,Hostage_Taker,THATS RIGHT BUT I WILL NOT HARM HER EITHER
Taylor4_LV,139,0,Person,PARDON
Taylor4_LV,140,3,Hostage_Taker,BUT I WILL NOT HARM HER EITHER
Taylor4_LV,141,0,Person,AND YOU WONT HARM HER AND YOU HAVENT HARMED HER YET
Taylor4_LV,142,0,Hostage_Taker,NOPE
Taylor4_LV,143,3,Person,WILL YOU TURN HER OVER TO ME IF I WALK OVER THERE
Taylor4_LV,144,0,Hostage_Taker,NO
Taylor4_LV,145,3,Person,AND GIVE YOU THAT MONEY
Taylor4_LV,146,0,Hostage_Taker,NOPE
Taylor4_LV,147,7,Person,WELL WE ARE GONNA HAVE TO COME UP WITH A DIFFERENT PLAN BECAUSE MY BOSS WONT LET ME DO THAT
Taylor4_LV,148,0,Hostage_Taker,WELL IM AFRAID THAT YOURE IN A LOT OF TROUBLE
Taylor4_LV,149,0,Person,WHY AM I IN A LOT OF TROUBLE
Taylor4_LV,150,0,Hostage_Taker,WELL BECAUSE SHE IS
Taylor4_LV,151,0,Person,WELL NOW DONT YOU DO ANYTHING PRECIPITOUS NOW NO WE ARE NOT
Taylor4_LV,152,0,Hostage_Taker,GETTING FOOLISH ON ME
Taylor4_LV,153,0,Person,YEAH JUST HANG HANG ON JUST A SECOND <NAME>
Taylor4_LV,154,0,Hostage_Taker,IM RIGHT HERE
Taylor4_LV,155,7,Person,YEAH ILL HAVE TO CALL YOU BACK IN A COUPLE OF MINUTES ILL HAVE TO RUN THIS BY THE BOSS LET ME SEE WHAT HE THINKS
Taylor4_LV,156,0,Hostage_Taker,WELL YOU YOUD BETTER I DIDNT WALK INTO THIS BANK NOT MEANING BUSINESS IM IN HERE FOR BUSINESS
Taylor4_LV,157,0,Person,ALRIGHT
Taylor4_LV,158,0,Hostage_Taker,OF COURSE I WANTED TO GO OUT MY WAY BUT IF YOU PEOPLE INSIST ON PLAYING FOOLS THEN I GUESS I PLAY FOOLISH WITH YOU
Taylor4_LV,159,0,Person,WELL I HOPE YOU DONT DO THAT
Taylor4_LV,160,1,Hostage_Taker,WELL ITS YOUR DECISION TO MAKE ITS NOT MINE IVE MADE MINE IM ALREADY COMMITTED
Taylor4_LV,161,0,Person,ALRIGHT
Taylor4_LV,162,0,Hostage_Taker,YOU PEOPLE HANDLE IT WHATEVER MANNER WAY SHAPE OR FORM
Taylor4_LV,163,0,Person,HAVE YOU THOUGHT OF MY ALTERNATIVE
Taylor4_LV,164,0,Hostage_Taker,WHAT
Taylor4_LV,165,0,Person,HAVE YOU THOUGHT OF MY ALTERNATIVE TO RESOLVE THIS THING
Taylor4_LV,166,0,Hostage_Taker,WHAT JUST TO QUIT
Taylor4_LV,167,3,Person,TO JUST GIVE YOURSELF UP TO ME
Taylor4_LV,168,1,Hostage_Taker,NO NO NO I AINT GONNA DO THAT NOW LIKE I SAID IM ALREADY COMMITTED AND IM GONNA SEE THIS THING OUT AND IF YOU PEOPLE WANNA PLAY IT DEAF DUMB AND BLIND THEN THATS YOUR BUSINESS OKAY
Taylor4_LV,169,0,Person,OKAY
Taylor4_LV,170,0,Hostage_Taker,IVE GOT THIS GIRL HERE AND
Taylor4_LV,171,0,Person,I KNOW YOU HAVE AND THATS WE ARE VERY CONCERNED ABOUT THAT
Taylor4_LV,172,1,Hostage_Taker,SHES THE MOTHER OF TWO CHILDREN
Taylor4_LV,173,0,Person,I KNOW IT
Taylor4_LV,174,1,Hostage_Taker,GOT A HUSBAND I IMAGINE HELLO
Taylor4_LV,175,0,Person,HELLO
Taylor4_LV,176,0,Hostage_Taker,YES WHO ELSE IS ON THIS LINE
Taylor4_LV,177,0,Person,NOBODY
Taylor4_LV,178,1,Hostage_Taker,WELL SHES GOT A HUSBAND WHOS VERY ANXIOUS ABOUT HER SO I SUGGEST JUST FOR OPENERS THAT YOU GET YOUR ASS ON THE STICK AND YOU DO WHAT I WANT YOU TO DO AS I WANT YOU TO DO IT
Taylor4_LV,179,0,Person,OKAY
Taylor4_LV,180,0,Hostage_Taker,BECAUSE IM GETTING TIRED AND IM GETTING FRUSTRATED AND I AINT GONNA KEEP BEIN FAIR AND BEIN EASY WITH YOU PEOPLE OKAY
Taylor4_LV,181,0,Hostage_Taker,OKAY
Taylor4_LV,182,7,Person,ALRIGHT OKAY LET ME RUN IT BY HIM ILL CALL YOU BACK IN JUST A FEW MINUTES OKAY
Taylor4_LV,183,0,Hostage_Taker,HELLO
Taylor4_LV,184,7,Person,<NAME> WHATS UP I DONT KNOW I DONT KNOW YOU THEY WONT LET ME COME OVER THERE WITH THAT MONEY SO FAR YOU GOT SOME OTHER WAY I CAN GET IT TO YOU BUT THEYRE NOT GONNA LET ME WALK ACROSS THAT STREET WITH THAT MONEY
Taylor4_LV,185,0,Hostage_Taker,WHY NOT AFRAID ILL SHOOT YOU WHERE YOU STAND
Taylor4_LV,186,1,Person,WELL EITHER THAT OR YOULL TAKE ME AS A HOSTAGE AND GET ANOTHER HOSTAGE ME
Taylor4_LV,187,0,Hostage_Taker,YOU WOULDNT WANNA BE TAKEN AS A HOSTAGE WOULD YOU
Taylor4_LV,188,0,Person,NO SIR I SURE WOULDNT
Taylor4_LV,189,0,Hostage_Taker,I DIDNT THINK SO
Taylor4_LV,190,0,Person,WELL ILL TELL YOU WHAT THERES A DRIVE UP WINDOW ISNT THERE I DONT KNOW IF THERE IS OR NOT I DONT KNOW THE BANK THAT WELL
Taylor4_LV,191,0,Hostage_Taker,THERES A DRIVE UP WINDOW
Taylor4_LV,192,0,Person,I GUESS THERE IS A DRIVE UP WINDOW I DONT KNOW
Taylor4_LV,193,0,Hostage_Taker,I KNOW THERE IS
Taylor4_LV,194,0,Person,OKAY WELL YOURE INSIDE THE BANK YOU SHOULD KNOW BETTER THAN I
Taylor4_LV,195,0,Hostage_Taker,OKAY WHY DONT YOU COME UP TO THE DRIVE IN WINDOW AND MAKE A DEPOSIT
Taylor4_LV,196,0,Person,WELL I DONT THINK I CAN IM NOT REAL SURE CAN GET THAT THROUGH THE WINDOW THATS A PRETTY BIG BAG
Taylor4_LV,197,0,Hostage_Taker,WELL WHY DONT YOU PUT HALF OF IT THROUGH AND THEN THE OTHER HALF THROUGH
Taylor4_LV,198,0,Person,WELL I DONT KNOW HOW MUCH IT WILL HOLD I DONT KNOW HOW MUCH THOSE WINDOWS WILL HOLD
Taylor4_LV,199,0,Hostage_Taker,WELL WHY DONT WE TAKE A CHANCE
Taylor4_LV,200,0,Person,PARDON
Taylor4_LV,201,0,Hostage_Taker,WHY DONT WE TAKE A CHANCE
Taylor4_LV,202,0,Person,WELL IM AGAIN I DONT KNOW ABOUT THAT I DONT THINK THEY WHAT ARE WE GONNA GET FOR A HUNDRED THOUSAND
Taylor4_LV,203,0,Hostage_Taker,THAT I DONT HURT THE GIRL
Taylor4_LV,204,0,Person,PARDON
Taylor4_LV,205,0,Hostage_Taker,MY ASSURANCES THAT I DONT HURT THE GIRL
Taylor4_LV,206,0,Person,WELL WE WE HAVE THAT ASSURANCE AND YOU HAVENT THATS RIGHT BUT HOW DO HOW DO YOU WANNA DO THIS WITH THE DRIVE IN WINDOW
Taylor4_LV,207,0,Hostage_Taker,WELL I WANT YOU TO WALK UP
Taylor4_LV,208,0,Person,ALRIGHT
Taylor4_LV,209,0,Hostage_Taker,AND I WANT YOU TO PUT THE MONEY IN THE WINDOW
Taylor4_LV,210,0,Person,OKAY NOW WHO ARE YOU GONNA HAVE OPERATE THE WINDOW IT CANT BE OPERATED FROM OUTSIDE
Taylor4_LV,211,0,Hostage_Taker,ITLL BE OPERATED BY THE GIRL
Taylor4_LV,212,0,Person,OKAY AND THEN WHAT
Taylor4_LV,213,0,Hostage_Taker,THEN WELL SEE
Taylor4_LV,214,0,Person,WHAT DO YOU MEAN WELL SEE WHAT ARE YOU GONNA DO THEN
Taylor4_LV,215,0,Hostage_Taker,WELL THEN WELL SEE
Taylor4_LV,216,0,Person,WELL WHAT ARE YOU GOING TO DO AFTER THAT IF IF I GET PERMISSION TO DO IT
Taylor4_LV,217,0,Hostage_Taker,GET ON TELEPHONE SO I CAN TALK TO YOU SOME MORE BECAUSE I LIKE THE SOUND OF YOUR VOICE
Taylor4_LV,218,0,Person,ALRIGHT NOT ENOUGH TO GIVE YOURSELF UP THOUGH HUH
Taylor4_LV,219,0,Hostage_Taker,OF COURSE NOT
Taylor4_LV,220,1,Person,OKAY WELL I STILL THINK THAT THE BEST WAY TO GO YOU THINKING ABOUT THAT
Taylor4_LV,221,0,Hostage_Taker,NOPE
Taylor4_LV,222,0,Person,YOURE NOT EVEN THINKING ABOUT IT
Taylor4_LV,223,0,Hostage_Taker,NO
Taylor4_LV,224,0,Person,I WISH YOU WOULD WELL LET ME AGAIN IM GONNA HAVE TO I I CANT MAKE ANY DECISION ON THIS IM GONNA HAVE TO SEE IF THEY WANT ME TO PUT THE MONEY IN THE IN THE DRIVE IN WINDOW YOURE GONNA HAVE THE GIRL OPERATE IT RIGHT AND I CAN SEE SHES ALRIGHT
Taylor4_LV,225,0,Hostage_Taker,ILL BE STANDING RIGHT BEHIND HER THOUGH
Taylor4_LV,226,0,Person,I KNOW YOU WILL WHAT AM I GONNA DO IM JUST GONNA STAND THERE AND PUT MONEY IN THE DRAWER
Taylor4_LV,227,0,Hostage_Taker,NOBODY ELSE IS GONNA DO A GOD DAMN THING EITHER
Taylor4_LV,228,0,Person,NO NEITHER AM I YOU WANT THE HOW ABOUT DRESS HOW DO YOU WANT ME TO COME SAME WAY
Taylor4_LV,229,0,Hostage_Taker,YEAH
Taylor4_LV,230,0,Person,TAKE OFF YOUR COAT ALRIGHT OKAY LET ME LET ME CHILL CALL YOU NOW WHEN BEFORE I LEAVE IF THEY OKAY THIS
Taylor4_LV,231,0,Hostage_Taker,I DONT SEE WHY THEY SHOULDNT
Taylor4_LV,232,0,Person,WELL I DONT KNOW CAUSE
Taylor4_LV,233,0,Hostage_Taker,I MEAN HOW CAN I TAKE YOU HOSTAGE THROUGH BULLETPROOF GLASS
Taylor4_LV,234,7,Person,OKAY BUT IVE GOT TO AGAIN THIS HAS GOT TO BE RUN BY THEM AND AND WELL ILL CALL YOU BACK AND TELL YOU THAT IM LEAVING IF THEY LET ME DO IT
Taylor4_LV,235,0,Hostage_Taker,YEAH YOU CALL ME BACK IN FIVE MINUTES
Taylor4_LV,236,0,Person,OKAY FIVE MINUTES ALRIGHT <NAME>
Taylor4_LV,237,0,Other,<Hostage_Taker_NAME>
Taylor4_LV,238,0,Hostage_Taker,WHOS THIS
Taylor4_LV,239,0,Other,THIS IS <NAME>
Taylor4_LV,240,0,Hostage_Taker,I DONT KNOW WHO YOURE TALKING ABOUT
Taylor4_LV,241,0,Other,I YEAH YOU DO
Taylor4_LV,242,0,Hostage_Taker,NO I DONT
Taylor4_LV,243,0,Other,THIS IS <NAME> <HT_NAME> PLEASE DONT PLAY GAMES
Taylor4_LV,244,0,Hostage_Taker,WELL I DONT KNOW WHO YOURE TALKING TO BUT I DONT PLAY GAMES
Taylor4_LV,245,0,Other,IM SURE YOU RECOGNIZE MY VOICE I RECOGNIZE YOURS
Taylor4_LV,246,0,Hostage_Taker,YOU DO
Taylor4_LV,247,0,Other,YES
Taylor4_LV,248,0,Hostage_Taker,WELL THATS KIND OF INTERESTING SINCE I DONT KNOW WHO YOU ARE
Taylor4_LV,249,3,Other,<NAME> WILL YOU PLEASE RECONSIDER WHAT YOUVE BEEN DOING THE <NAME> IS IS WILLING TO LET YOU OUT OF THIS WITHOUT HURTING YOU BUT THEY YOU KNOW THEYRE NOT GOING TO DO WHAT YOU ASKED THEM TO DO
Taylor4_LV,250,0,Hostage_Taker,THEY DONT HAVE ANY CHOICE HELLO
Taylor4_LV,251,0,Person,<NAME>
Taylor4_LV,252,0,Hostage_Taker,WHOS THIS
Taylor4_LV,253,0,Person,<NAME> AGAIN
Taylor4_LV,254,0,Hostage_Taker,HOW ARE YOU
Taylor4_LV,255,0,Person,DONT YOU RECOGNIZE MY VOICE BY NOW
Taylor4_LV,256,0,Hostage_Taker,HOW ARE YOU
Taylor4_LV,257,0,Person,FINE JUST FINE
Taylor4_LV,258,0,Hostage_Taker,THAT IS WONDERFUL
Taylor4_LV,259,0,Person,I GOT OUTSIDE FOR A LITTLE WHILE ANYHOW
Taylor4_LV,260,0,Hostage_Taker,WELL THATS GOOD YOURE BETTER OFF THAN I AM
Taylor4_LV,261,0,Person,YEAH
Taylor4_LV,262,0,Hostage_Taker,IN MORE WAYS THAN ONE
Taylor4_LV,263,0,Person,WELL
Taylor4_LV,264,0,Hostage_Taker,I DONT WANT THAT <NAME> CAR ANYMORE
Taylor4_LV,265,0,Person,OKAY WHAT DO YOU WANT
Taylor4_LV,266,0,Hostage_Taker,TELL YOU WHAT I DO WANT SHERIFFS POSSE I WANT ONE OF THE FOUR WHEEL DRIVE VEHICLE
Taylor4_LV,267,0,Person,IM SORRY IM SORRY I REALLY AND TRULY DIDNT HEAR YOU
Taylor4_LV,268,0,Hostage_Taker,I WANT ONE OF THE FOUR WHEEL DRIVE VEHICLES SHERIFFS POSSE VEHICLES
Taylor4_LV,269,0,Person,FOUR WHEEL DRIVE SHERIFFS POSSE VEHICLE
Taylor4_LV,270,0,Hostage_Taker,YES UNMARKED IF POSSIBLE
Taylor4_LV,271,0,Person,WELL I THINK THEYRE ALL MARKED THEYRE ALL BLACK AND WHITE THEY CAN BE SEEN FOR A LONG WAYS IVE NEVER SEEN ONE THAT WASNT
Taylor4_LV,272,0,Hostage_Taker,NEVER HAVE HUH
Taylor4_LV,273,0,Person,NO AS A MATTER OF FACT YOU KNOW THOSE ARE ALL CIVILIAN OWNED
Taylor4_LV,274,0,Hostage_Taker,DID YOU KNOW THAT
Taylor4_LV,275,0,Person,THOSE DONT BELONG TO THE SHERIFFS OFFICE
Taylor4_LV,276,0,Hostage_Taker,THEY DONT HUH
Taylor4_LV,277,0,Person,NO THEY BELONG TO CIVILIANS WHO ARE MEMBERS OF THE JEEP POSSE AND THEYRE THEIR VEHICLES
Taylor4_LV,278,0,Hostage_Taker,DOES THE <NAME> HAVE ANY TOUR WHEEL DRIVE VEHICLES
Taylor4_LV,279,0,Person,NO WE DONT HAVE ANY
Taylor4_LV,280,0,Hostage_Taker,WHAT ABOUT <NAME>
Taylor4_LV,281,0,Person,THEY THEY MAY HAVE I DONT KNOW ID HAVE TO ASK ONE OF THE <NAME> FELLAS IF THEY HAVE ANY FOUR WHEEL DRIVES
Taylor4_LV,282,0,Hostage_Taker,HES SITTING RIGHT NEXT TO YOU ASK THEM
Taylor4_LV,283,0,Person,YOU HAVE SOME FOUR WHEEL DRIVES DONT YOU YEAH HE SAYS THEYVE GOT SOME THEYRE <NAME>
Taylor4_LV,284,0,Hostage_Taker,<NAME> FORD
Taylor4_LV,285,0,Person,NO <NAME>
Taylor4_LV,286,0,Hostage_Taker,<NAME> OKAY YOU ASK THEM IF ANY OF THEM ARE UNMARKED
Taylor4_LV,287,0,Person,NO THEYVE ALL GOT THE I KNOW THAT THEYVE ALL GOT THE SIGNAL ON THATS WHAT HES SAYING TO ME THEYVE ALL GOT THE SIGN ON THEM THAT YOU KNOW THE <NAME> S DECAL STICKER AND THEN THEY SAY POLICE ON THE BACK THEYRE USED BY THE CANINE PEOPLE
Taylor4_LV,288,0,Hostage_Taker,RIGHT OKAY
Taylor4_LV,289,0,Person,OKAY
Taylor4_LV,290,0,Hostage_Taker,NOW I WANT ONE OF THOSE DELIVERED AND I WANT THE SAME RADIO SET UP DOES <NAME> HAVE ANY
Taylor4_LV,291,0,Person,NOW IF YOU GET ONE OF THOSE YOURE ONLY GONNA GET THE METRO RADIO
Taylor4_LV,292,0,Hostage_Taker,IM NOT GONNA GET <PLACE> HIGHWAY PATROL
Taylor4_LV,293,0,Person,NO BECAUSE IT DONT THINK THEY WOULDNT HAVE IT IN THE <NAME> BECAUSE THATS JUST AN ORDINARY VEHICLE ORDINARY POLICE VEHICLE IT WOULD HAVE THE <NAME> RADIO AND THATS ALL
Taylor4_LV,294,0,Hostage_Taker,THERES GOTTA BE <NAME> OUT THERE RIGHT NOW AM I MISTAKEN IN THAT
Taylor4_LV,295,0,Person,NO YOURE NOT MISTAKEN
Taylor4_LV,296,0,Hostage_Taker,OKAY SOMEBODY OUT THERE HAS GOT A PORTABLE RADIO WITH A PORTABLE RECEIVE AND TRANSMITTER IS THAT CORRECT
Taylor4_LV,297,0,Person,JUST A MINUTE OH THEY TELL ME THAT THOSE <NAME> DONT HAVE ANY RADIOS PERIOD
Taylor4_LV,298,0,Hostage_Taker,THEY DONT HAVE ANY RADIOS
Taylor4_LV,299,0,Person,NO THEY APPARENTLY CARRY THE GUYS THAT DRIVE THEM CARRY PORTABLE UNITS
Taylor4_LV,300,0,Hostage_Taker,WELL I WANT A PORTABLE UNIT
Taylor4_LV,301,0,Person,WELL OKAY ON WHAT
Taylor4_LV,302,0,Hostage_Taker,I WANT A PORTABLE UNIT FOR THE <NAME> AND <NAME> AND FOR THE <NAME> NOW YOUVE GOT PORTABLE UNITS TOO DONT YOU
Taylor4_LV,303,0,Person,YES CERTAINLY WE DO
Taylor4_LV,304,0,Hostage_Taker,GOOD I WANT ONE IN THERE
Taylor4_LV,305,7,Person,AGAIN WE ARE GONNA HAVE TO GONNA HAVE TO GO BACK TO TO MY BOSS ON THIS I DONT KNOW IF HES GONNA WANT TO RELEASE IT
Taylor4_LV,306,0,Hostage_Taker,WELL YOUR ALTERNATIVES ARE RUNNING OUT
Taylor4_LV,307,0,Person,YEAH
Taylor4_LV,308,0,Hostage_Taker,YOU DONT HAVE ANY CHOICE DONT HAVE ANY CHOICE
Taylor4_LV,309,2,Person,NOW WEVE GONE ALONG WITH YOU REAL WELL ON THIS THING I THINK
Taylor4_LV,310,0,Hostage_Taker,YES YOU HAVE AND YOU
Taylor4_LV,311,2,Person,WEVE GIVEN YOU YOU GOT
Taylor4_LV,312,0,Hostage_Taker,IF YOU VALUE THE LIFE OF THE GIRL
Taylor4_LV,313,2,Person,YOU GOT YOUVE GOT A HUNDRED THOUSAND DOLLARS IN THERE
Taylor4_LV,314,0,Hostage_Taker,YEAH AND I DONT AND AND UNLESS YOU PEOPLE FURTHER COOPERATE THAT HUNDRED THOUSAND DOLLARS IS WORTH SO MUCH PAPER ITS WORTH NOTHING
Taylor4_LV,315,0,Person,WELL ITS WORTH SO MUCH PAPER RIGHT NOW ANYHOW REALLY BECAUSE YOURE INSIDE AND WE ARE OUT
Taylor4_LV,316,0,Hostage_Taker,THATS RIGHT
Taylor4_LV,317,0,Person,YEAH IVE GOT ONE THING ALRIGHT
Taylor4_LV,318,0,Hostage_Taker,IVE GOT THE GIRL
Taylor4_LV,319,0,Person,YES I KNOW YOU DO
Taylor4_LV,320,0,Hostage_Taker,AND YOU SAW HER
Taylor4_LV,321,0,Person,AND I SAW HER AND SHE LOOKS VERY VERY SCARED
Taylor4_LV,322,0,Hostage_Taker,SHE IS
Taylor4_LV,323,1,Person,AND YOURE GONNA TAKE A NUMBER OF YEARS OFF OF HER LIFE IS IT REALLY WORTH IT
Taylor4_LV,324,0,Hostage_Taker,WELL IM IN THE PROCESS OF FINDING OUT
Taylor4_LV,325,0,Person,IS IT REALLY WORTH IT
Taylor4_LV,326,0,Hostage_Taker,NOW I WOULD SUGGEST THAT YOU GET ON THE STICK AND GET ME ONE OF THOSE <NAME>
Taylor4_LV,327,0,Person,OKAY ILL TRY COULD I CALL YOU BACK IN ABOUT TEN MINUTES AND TELL YOU WHAT ARRANGEMENTS IVE MADE
Taylor4_LV,328,0,Hostage_Taker,CALL ME BACK IN TEN MINUTES
Taylor4_LV,329,0,Person,ALRIGHT OKAY
Taylor4_LV,330,0,Hostage_Taker,HELLO
Taylor4_LV,331,0,Person,<NAME> <NAME> AGAIN I TALKED TO TO MY BOSS ABOUT THIS <NAME> AND WE MAY GIVE YOU A A REGULAR CAR BUT YOU WE CANT GIVE YOU A <NAME>
Taylor4_LV,332,0,Hostage_Taker,WHY NOT WHY NOT
Taylor4_LV,333,1,Person,WELL THERE ARE ONLY THERE ARE ONLY TWO OF THEM AND AND BOTH OF THEM ARE ONE OF THEM IS CLEAR OUT AT AT MESQUITE AT THE SUBSTATION OUT THERE AND THE OTHER ONES DOWN AT SEARCH LAB AT THE SUBSTATION THE ONLY PLACE THEY USE THEM I THOUGHT THEY HAD THEM RIGHT HERE IN TOWN BUT THEY DONT ITLL TAKE QUITE A WHILE THEYRE BOTH QUITE A WAYS AWAY AND WE CANT GIVE YOU ONE BUT WELL CONSIDER GIVING YOU AN AUTOMOBILE THE ONE YOU THAT WANTED ORIGINALLY THE <NAME> AUTOMOBILE WITH THE RADIOS THAT YOU THAT YOU SAID
Taylor4_LV,334,0,Hostage_Taker,AND ALSO WITH A <NAME> PORTABLE UNIT IN THE CAR
Taylor4_LV,335,0,Person,A <NAME> PORTABLE UNIT RIGHT IS THAT WHAT YOU SAID
Taylor4_LV,336,0,Hostage_Taker,RIGHT
Taylor4_LV,337,0,Person,NOW AGAIN I SAID THEY THEY WOULD CONSIDER IT THEY WONT CONSIDER ITS GONNA TAKE TOO LONG TO GET THAT <NAME> UP HERE AND WE WANT TO TO RESOLVE THIS THING WITH YOU
Taylor4_LV,338,0,Hostage_Taker,OKAY OKAY I IIL ILL BUY THAT IT SOUNDS A LITTLE PHONY TO ME BUT ILL BUY IT
Taylor4_LV,339,0,Person,WHY DOES IT SOUND PHONY TO YOU
Taylor4_LV,340,0,Hostage_Taker,WELL IT JUST DOES
Taylor4_LV,341,0,Person,WELL DO YOU KNOW THE AREA WELL ENOUGH TO KNOW WHERE THESE FOUR WHEEL DRIVE THINGS ARE
Taylor4_LV,342,0,Hostage_Taker,WELL I KNOW THE AREA WELL ENOUGH TO KNOW WHERE YOU SAY THEY ARE
Taylor4_LV,343,0,Person,YEAH
Taylor4_LV,344,0,Hostage_Taker,YOU KNOW THEY COULD BE ACROSS THE STREET
Taylor4_LV,345,0,Person,BUT WE CAN STILL WELL DO YOU SEE ONE LOOK OUT THE WINDOW DO YOU SEE ONE
Taylor4_LV,346,0,Hostage_Taker,NO NO NO I DONT SEE IM WELL WE CAN GO LIKE THIS FOR ANOTHER HALF HOUR
Taylor4_LV,347,0,Person,YEAH BUT I HAVENT WHAT IM SAYING IS I HAVENT AT ALL KIDDED YOU AT ALL NOW HOWS HOWS YOUR HOSTAGE HAND HOLDING ON
Taylor4_LV,348,0,Hostage_Taker,WELL SHES GETTING A LITTLE SKITTERISH
Taylor4_LV,349,0,Person,YEAH WELL I DONT BLAME HER
Taylor4_LV,350,0,Hostage_Taker,I DONT BLAME HER EITHER
Taylor4_LV,351,3,Person,WOULD YOU CONSIDER LETTIN HER GO IF ONE OF US CAME OVER THERE
Taylor4_LV,352,0,Hostage_Taker,AS A HOSTAGE
Taylor4_LV,353,0,Person,YEAH
Taylor4_LV,354,0,Hostage_Taker,FEMALE HOSTAGE
Taylor4_LV,355,0,Person,NO WE DONT HAVE ANY FEMALE AGENTS IN THIS AREA
Taylor4_LV,356,0,Hostage_Taker,THE ANSWER TO THAT IS NO
Taylor4_LV,357,0,Person,WELL IT WAS WORTH A TRY
Taylor4_LV,358,0,Hostage_Taker,I KNOW HOW EXPENDABLE YOU PEOPLE
Taylor4_LV,359,0,Person,YEAH NOW WHAT ARE YOU GONNA WHAT ARE YOU GONNA DO IF WE GIVE YOU AN AUTOMOBILE
Taylor4_LV,360,0,Hostage_Taker,YOU GIVE ME AN AUTOMOBILE RIGHT
Taylor4_LV,361,0,Person,ALRIGHT KEEP TALKING
Taylor4_LV,362,0,Hostage_Taker,AND I DRIVE OUT WITH HER
Taylor4_LV,363,0,Person,ALRIGHT
Taylor4_LV,364,0,Hostage_Taker,NOW ONCE I HAVE ASCERTAINED THAT I AM NOT BEING FOLLOWED THAT I AM NOT BEING PURSUED I WILL LET HER GO
Taylor4_LV,365,1,Person,WELL YOU TOLD ME THAT BEFORE BUT NOW AND I TOLD YOU BEFORE THAT ITS GONNA BE DIFFICULT FOR YOU TO GET OUT OF THAT BACK WITH THAT HOSTAGE NOW WE DONT WANT YOU RUNNING ALL OVER THE COUNTRYSIDE WITH THIS GIRL BECAUSE SHES SCARED ENOUGH
Taylor4_LV,366,0,Hostage_Taker,NOW WHAT YOU GONNA DO I WALK OUT THERE WITH A GUN OPEN FIRE AND KILL HER TOO
Taylor4_LV,367,0,Person,NOW YOU KNOW THAT WE ARE NOT GONNA DO THAT
Taylor4_LV,368,0,Hostage_Taker,THATS A GOD DAMN LIE AND YOU KNOW IT AND I KNOW IT TOO
Taylor4_LV,369,0,Person,I DIDNT SAY THATS WHAT WE ARE GONNA DO
Taylor4_LV,370,0,Hostage_Taker,I KNOW IT TOO
Taylor4_LV,371,5,Person,BUT I SAID THAT IF YOU THINK THAT WE ARE GONNA LET YOU GET OUT OF HERE WITHOUT BEING PURSUED OR FOLLOWED OR OR TAILED OR WHATEVER YOU WANNA CALL IT NOW YOU KNOW THATS NOT GONNA HAPPEN YOURE INTELLIGENT ENOUGH TO KNOW THAT THAT IS NOT GONNA HAPPEN
Taylor4_LV,372,0,Hostage_Taker,WELL LETS PUT IT LIKE THIS
Taylor4_LV,373,0,Person,SO AT THIS POINT NOW WHERE ARE YOU GONNA RELEASE THE HOSTAGE IF YOU DETECT AN AUTOMOBILE YOU THINK IS A POLICE CAR GOT THERE ARE A LOT OF CARS OUT THERE ITS GETTING UP TO THE QUITTING TIME YOU KNOW FOR BUSINESSES THERE GONNA BE A LOT OF TRAFFIC OUT THERE ARE YOU GONNA BE ABLE TO TELL ONE FROM THE OTHER OR ARE YOU GONNA STAY SCARED THAT IT MIGHT BE A POLICE CAR FOLLOWING YOU FOREVER
Taylor4_LV,374,0,Hostage_Taker,NO IM NOT GONNA BE AFRAID OF THAT I KNOW
Taylor4_LV,375,0,Person,BECAUSE YOUR IT COULD BE ANY CAR YOU KNOW THATS A POLICE CAR
Taylor4_LV,376,3,Hostage_Taker,I KNOW BUT YOU HAVE MY ASSURANCES THAT ONCE I HAVE ASCERTAINED THAT I AM SAFELY OUT OF THE AREA THAT I WILL RELEASE THE GIRL I WILL NOT HARM THE GIRL
Taylor4_LV,377,0,Person,WHAT DO YOU MEAN BY SAFELY OUT OF THE AREA HOW FAR YOU GONNA HAVE TO GET AWAY
Taylor4_LV,378,0,Hostage_Taker,I DONT KNOW ILL DETERMINE THAT WHEN I FIND OUT BUT YOU KNOW ITS NOT GONNA BE NEW YORK
Taylor4_LV,379,0,Person,AGAIN AS I SAY IF YOU SEE ANY ANY CAR YOURE GONNA THINK ITS A POLICE CAR
Taylor4_LV,380,0,Hostage_Taker,NO IM NOT NO IM NOT BUT I AM GONNA BE VERY VERY CAREFUL JUST AS I WANT YOU PEOPLE TO BE
Taylor4_LV,381,0,Person,WE ARE BEING VERY VERY CAREFUL
Taylor4_LV,382,0,Hostage_Taker,HOLD ON A MOMENT PLEASE HAS HER FAMILY BEEN NOTIFIED
Taylor4_LV,383,0,Person,YES
Taylor4_LV,384,0,Hostage_Taker,YES WHAT ABOUT THE KIDS
Taylor4_LV,385,0,Person,I DONT THINK THEY KNOW
Taylor4_LV,386,0,Hostage_Taker,THEY DONT KNOW
Taylor4_LV,387,0,Person,BUT I I KNOW THAT I KNOW THAT HER HUSBAND KNOWS BUT I DONT THINK THAT THE CHILDREN HAVE BEEN TOLD UNLESS THEYVE SEEN IT ITS BOUND TO HAVE BEEN ON LOCAL TELEVISION BY NOW
Taylor4_LV,388,0,Hostage_Taker,OH IM SURE IT HAS BEEN
Taylor4_LV,389,5,Person,BECAUSE SOME OF THE PEOPLE YOULL SEE OUT IN THE PARKING LOT DONT BLAME US FOR IT THOSE ARE THOSE ARE PRESS AND WE HAVE AS MUCH TROUBLE WITH THEM AS YOU DO BUT WE ARE GONNA HAVE TO YOU KNOW YOU AND I ARE GONNA HAVE TO RESOLVE THIS THING ONE WAY OR ANOTHER
Taylor4_LV,390,0,Hostage_Taker,I WANNA RESOLVE IT BUT MAN I DONT WANNA PITCH TENT HERE IN THIS OFFICE AND STAY HERE FOR ETERNITY
Taylor4_LV,391,5,Person,YEAH AND I ALSO DONT WANT TO SEE YOU LEAVE AND HURT THIS GIRL AND GET YOURSELF KILLED
Taylor4_LV,392,3,Hostage_Taker,WELL I AM NOT GONNA HURT THE GIRL IF YOU PEOPLE PLAY A LITTLE BALL WITH ME NOW THATS GUARANTEED
Taylor4_LV,393,0,Person,NO
Taylor4_LV,394,1,Hostage_Taker,COURSE YOU DONT HAVE MY WORD ON THAT THATS ALL I CAN GIVE YOU
Taylor4_LV,395,0,Person,WELL THATS TRUE OKAY
Taylor4_LV,396,1,Hostage_Taker,I HAVENT I HAVENT MISTREATED HER IN ANY MANNER WAY SHAPE OR FORM
Taylor4_LV,397,0,Person,NO SHE LOOKED FINE EXCEPT THAT SHE IS VERY VERY SCARED
Taylor4_LV,398,0,Hostage_Taker,YES SHE IS AND I DONT BLAME HER
Taylor4_LV,399,0,Person,YEAH WELL NEITHER DO
Taylor4_LV,400,0,Hostage_Taker,WISH THERES SOMETHING I HER BESIDES LETTING HER GO BECAUSE I WOULD DO IT
Taylor4_LV,401,0,Person,AS A MATTER OF FACT I THINK SHES I THINK SHES HELD UP REAL WELL
Taylor4_LV,402,0,Hostage_Taker,I THINK SHE HAS TOO
Taylor4_LV,403,3,Person,WELL WHY DONT YOU LET HER GO
Taylor4_LV,404,0,Hostage_Taker,I CANT
Taylor4_LV,405,3,Person,NOT EVEN FOR NOT EVEN FOR SOMEBODY ELSE THINK ABOUT IT
Taylor4_LV,406,0,Hostage_Taker,IF I TOOK SOMEBODY ELSE RIGHT IF I TOOK ONE OF YOU PEOPLE FOR INSTANCE
Taylor4_LV,407,0,Person,ALRIGHT
Taylor4_LV,408,0,Hostage_Taker,YOU PEOPLED ALWAYS BE AN THE LOOKOUT DO SOMETHING TO ME
Taylor4_LV,409,0,Person,THATS RIGHT
Taylor4_LV,410,0,Hostage_Taker,AND I CANT TAKE A SHOT I CANT TAKE A CHANCE AT THAT REALLY CANT
Taylor4_LV,411,0,Person,WELL
Taylor4_LV,412,0,Hostage_Taker,THEN I REALLY MIGHT BE FORCED TO HURT SOMEBODY
Taylor4_LV,413,3,Person,THINK OF THE CHANCE THAT WED BE TAKING I STILL THINK YOUR ONLY ALTERNATIVE OUT OF THIS THING IS TO GIVE YOURSELF UP TO ME OR ANYBODY ELSE YOU NAME WALK OUT OF THAT BANK AND ILL MEET YOU BY THE FRONT DOOR
Taylor4_LV,414,0,Hostage_Taker,NO NO NO
Taylor4_LV,415,0,Person,AND I THINK THATS THE WAY OUT OF IT
Taylor4_LV,416,1,Hostage_Taker,NO NO NO OKAY YOU HAVE TRIED SUFFICIENTLY TO GET ME TO GIVE UP AND I CANT DO THAT YOU KNOW THAT AND I KNOW THAT
Taylor4_LV,417,3,Person,WELL ITS THE ONLY WAY YOURE GONNA GET ANY HELP YOURE NOT GONNA GET ANY HELP IF YOU GO OUT OF THERE WITH THAT GIRL BUT YOU WILL GET HELP IF YOU COME OUT AND GIVE YOURSELF UP TO ME
Taylor4_LV,418,0,Hostage_Taker,YEAH
Taylor4_LV,419,1,Person,AND YOU WILL NOT BE HURT
Taylor4_LV,420,0,Hostage_Taker,BECOME A PERMANENT RESIDENT OF SOME FEDERAL PENITENTIARY SOMEPLACE WELL I AINT GONNA DO THAT
Taylor4_LV,421,1,Person,IS THAT IS THAT WORSE THAN BEING DEAD
Taylor4_LV,422,0,Hostage_Taker,WELL I WONT KNOW ANYTHING ABOUT
Taylor4_LV,423,1,Person,OR HAVING OR HAVING THE OR HAVING THE LIFE OF THIS YOUNG GIRL ON YOUR HANDS YOU DONT WANNA DO THAT
Taylor4_LV,424,0,Hostage_Taker,NO I LIKE I SAID I DONT WANNA HAVE TO HURT HER
Taylor4_LV,425,0,Person,I KNOW YOU DONT
Taylor4_LV,426,0,Hostage_Taker,I REALLY DONT I THINK SHE BELIEVES THAT I REALLY DONT WANNA HURT HER BUT IF YOU PEOPLE WANNA FORCE ME TO IF YOU FORCE MY HAND
Taylor4_LV,427,0,Person,I TOLD YOU WE ARE NOT GONNA FORCE YOU TO DO ANYTHING WE HAVENT YET WEVE AGREED TO EVERYTHING THAT YOUVE DEMANDED
Taylor4_LV,428,3,Hostage_Taker,OKAY THEN YOU CONTINUE TO AGREE TO EVERYTHING THAT I HAVE DEMANDED YOU CONTINUE TO PUT UP AND THE GIRL WALKS AWAY FROM THIS UNHARMED A LITTLE SCARED A LITTLE HUNGRY MAYBE BUT UNHARMED
Taylor4_LV,429,0,Person,YEAH
Taylor4_LV,430,0,Hostage_Taker,AND YOU PEOPLE CAN DO WITH ME WHAT YOU PLEASE
Taylor4_LV,431,3,Person,WELL THAT ISNT WHAT WE WANNA DO THE THE BEST THING FOR YOU TO DO IS TO WALK OUTTA THERE
Taylor4_LV,432,0,Hostage_Taker,YEAH I KNOW I KNOW I KNOW WEVE GONE THROUGH THIS BEFORE
Taylor4_LV,433,1,Person,THATS YOUR BEST I CANT OFFER YOU A BETTER DEAL
Taylor4_LV,434,0,Hostage_Taker,I KNOW LIKE I SAID WEVE GONE THROUGH THIS BEFORE AND EVERYTHING WE BRING IT UP WE ARE JUST WASTING TIME
Taylor4_LV,435,1,Person,WELL I I JUST ITS THE BEST DEAL I GOT TO OFFER YOU
Taylor4_LV,436,0,Hostage_Taker,OKAY THE BEST DEAL I GOT GOING FOR ME IS FOR YOU TO BRING THAT CAR AROUND TO THE FRONT AND I WILL TELL YOU PRECISELY
Taylor4_LV,437,7,Person,OKAY LET ME NOW NOW NOW I SAID THAT WE WOULD CONSIDER IT NOW ILL ILL AGAIN LET ME CALL YOU BACK ILL TALK TO MY BOSS AND AND WELL IVE GOTTA TALK TO THIS GENTLEMAN FROM THE <NAME> ITS HIS RADIO IM RISKING
Taylor4_LV,438,0,Hostage_Taker,WHAT DO YOU MEAN HIS RADIO YOURE RISKING ITS THE GIRLS LIFE YOURE RISKING
Taylor4_LV,439,0,Person,YEAH I KNOW IT BUT HES GONNNA HAVE TO HES NOT EVEN HERE RIGHT AT THE MOMENT ILL HAVE TO GET A UNIT LET ME CALL YOU GIVE ME TEN MINUTES AND THEN ILL THEN WELL MAKE ARRANGEMENTS FOR BRINGING THIS CAR OVER
Taylor4_LV,440,0,Hostage_Taker,OKAY
Taylor4_LV,441,0,Person,IF THEY GO FOR IT OKAY
Taylor4_LV,442,0,Hostage_Taker,BEAUTIFUL
Taylor4_LV,443,0,Person,GIVE ME TEN
Taylor4_LV,444,0,Hostage_Taker,FAR OUT
Taylor4_LV,445,0,Person,ALRIGHT <NAME>
Taylor4_LV,446,0,Hostage_Taker,HELLO
Taylor4_LV,447,0,Person,<NAME>
Taylor4_LV,448,0,Hostage_Taker,YES
Taylor4_LV,449,0,Person,<NAME> AGAIN HOW YOU HOLDING UP
Taylor4_LV,450,0,Hostage_Taker,HUH
Taylor4_LV,451,0,Person,HOW YOU HOLDING UP
Taylor4_LV,452,0,Hostage_Taker,IM HOLDING UP JUST FINE
Taylor4_LV,453,0,Person,GOOD
Taylor4_LV,454,0,Hostage_Taker,PUT A POT OF COFFEE ON
Taylor4_LV,455,0,Person,GOOD
Taylor4_LV,456,0,Hostage_Taker,JUST OPENED UP A FRESH PACK OF CIGARETTES
Taylor4_LV,457,7,Person,ALRIGHT WHAT DO YOU GOT I DIDNT EVEN KNOW YOU SMOKE MY BOSS AND METRO AND EVERYBODY SAYS NO CAR
Taylor4_LV,458,0,Hostage_Taker,NO CAR
Taylor4_LV,459,1,Person,NO ONCE YOU GET OUTTA THAT BANK WITH THAT GIRL WE LOSE COMPLETE CONTROL OF HER LIFE AND EVERYTHING ELSE
Taylor4_LV,460,0,Hostage_Taker,I TELL YOU WHAT YOUVE LOST COMPLETE CONTROL ANYWAY I TELL YOU WHAT YOUVE LAST COMPLETE CONTROL ANYWAY
Taylor4_LV,461,0,Person,WHY DO YOU MEAN WEVE LOST COMPLETE CONTROL
Taylor4_LV,462,3,Hostage_Taker,IF I DONT GET THE CAR IM GONNA KILL HER AND IM LOOKING AT HER RIGHT DEAD IN THE EYE WHEN IM SAYING THAT TO YOU
Taylor4_LV,463,0,Person,YEAH I KNOW YOURE LOOKING AT HER
Taylor4_LV,464,0,Hostage_Taker,ITS AS SIMPLE AS THAT AND YOU PEOPLE CAN BLOW MY ASS AWAY
Taylor4_LV,465,0,Person,WELL I NO POINT IN DOING THAT
Taylor4_LV,466,0,Hostage_Taker,YEAH THERES NO POINT IN PLAYING STUPID EITHER AND YOURE PLAYING STUPID YOU WANNA PLAY STUPID BALL I CAN PLAY STUPID BALL
Taylor4_LV,467,0,Person,NOW WHATS WHATS GONNA HAPPEN WHEN YOU GET OUTTA THERE WITH THAT GIRL
Taylor4_LV,468,0,Hostage_Taker,WE ARE GONNA DRIVE AWAY
Taylor4_LV,469,0,Person,YOUVE GOT ALL KINDS OF YOUVE GOT ALL KINDS OF AUTOMOBILES YOUVE GOT ALL KINDS OF PEOPLE CITIZENS WHO HAVE A CHANCE OF GETTING KILLED
Taylor4_LV,470,3,Hostage_Taker,NOBODY LOOK AS LONG AS YOU PEOPLE STAY AWAY FROM ME NOBODY IS GOING TO GET HURT
Taylor4_LV,471,0,Person,NOW IVE TOLD YOU BEFORE <NAME> THAT THERES YOU YOU ITS A PIPE DREAM TO THINK YOURE GONNA GET OUT OF THERE WITHOUT SOME KIND OF OF SURVEILLANCE
Taylor4_LV,472,0,Hostage_Taker,YOU LET ME HANG ONTO MY PIPE DREAM
Taylor4_LV,473,0,Person,OF SOME KIND OF SOMEBODY FOLLOWING YOU
Taylor4_LV,474,0,Hostage_Taker,WELL FINE
Taylor4_LV,475,1,Person,NOW CERTAINLY YOU KNOW POLICEMEN BETTER THAN THAT WE CANT GUARANTEE WHAT ANY POLICEMANS GONNA DO OUT THERE BECAUSE THEYVE BEEN YOU KNOW THEYVE BEEN ON THIS THING ALL DAY
Taylor4_LV,476,0,Hostage_Taker,IF ANY POLICEMAN OUT THERE WANTS TO TAKE A SHOT AT ME AND KILL THE GIRL AT THE SAME TIME THATS FINE
Taylor4_LV,477,1,Person,NOW HOW CAN WE NO REALLY YOU YOU KNOW ENOUGH ABOUT HUMAN NATURE HOW ARE WE GONNA CONTROL THAT
Taylor4_LV,478,0,Hostage_Taker,I KNOW ENOUGH ABOUT HUMAN NATURE I ALSO KNOW THAT YOU PEOPLE GIVE ORDERS AND YOU PEOPLE TAKE EM AND I ALSO KNOW THAT IF AN ORDER IS ISSUED THAT FIRE ANYTHING AT ME WHILE IVE GOT THE GIRL IN MY CUSTODY THEN I KNOW THAT THAT IS WHAT IS GONNA HAPPEN AS WELL AS YOU DO
Taylor4_LV,479,0,Person,YEAH
Taylor4_LV,480,0,Hostage_Taker,NOW YOU WANT EVERYONE PHONING SIGHT DOWN ON ME
Taylor4_LV,481,0,Person,IM NOT TRYING TO RUN ANYTHING ON YOU REALLY AND TRUELY IM NOT
Taylor4_LV,482,0,Hostage_Taker,OKAY I TOLD YOU I WANT A CAR AT THE ONLY AT THE THAT IS NON NEGOTIABLE NOW IF YOU THINK IM GONNA WALK OUT OF THIS SON OF A BITCH YOURE INSANE NOW THE CAR IS NON NEGOTIABLE YOU UNDERSTAND THAT
Taylor4_LV,483,0,Person,WHAT DO YOU MEAN BY NON WHAT DO YOU MEAN YOU JUST YOURE NOT GONNA NEGOTIATE ANY FURTHER IF WE DONT GIVE YOU AN AUTOMOBILE
Taylor4_LV,484,0,Hostage_Taker,PRECISELY IF YOU WANT TO PARK A BOEING SEVEN FOUR SEVEN IN THE PARKING LOT ILL CONSIDER THAT
Taylor4_LV,485,0,Person,YEAH YOU HAVE NO OTHER ALTERNATIVE PLANS RIGHT
Taylor4_LV,486,0,Hostage_Taker,NOPE AND I AM NOT GONNA GIVE MYSELF UP NOW IF YOU PEOPLE WANNA CALL IN THE ARMY AND STORM THIS GOD DAMN PLACE YOURE PERFECTLY FREE TO DO THAT TOO
Taylor4_LV,487,0,Person,NOW YOU KNOW WE ARE NOT GONNA DO THAT DONT YOU
Taylor4_LV,488,0,Hostage_Taker,IM A RATIONAL SANE HUMAN BEING WHO CAN COMMIT IRRATIONAL INSANE ACTS WHEN PUSHED TO THE POINT OF DOING IT
Taylor4_LV,489,0,Person,WELL IM NOT
Taylor4_LV,490,0,Hostage_Taker,YOU PEOPLE INSIST UPON PUSHING ME TO THE POINT OF DOING SOMETHING THAT EVERYBODY IS GOING TO REGRET THEN I WILL DO IT
Taylor4_LV,491,0,Person,WELL I DONT WANT YOU TO DO THAT
Taylor4_LV,492,0,Hostage_Taker,I DONT WANNA DO IT EITHER NOW IF YOU PEOPLE WANT TO VERY CALLOLISLY VERY CARELESSLY THROW THIS GIRLS LIFE AWAY
Taylor4_LV,493,0,Person,THATS THE LAST
Taylor4_LV,494,0,Hostage_Taker,YOUVE GOT NO CHOICE NEITHER DO I
Taylor4_LV,495,0,Person,WELL YOU YOUVE YOU LEAVE US NO PLACE TO GO
Taylor4_LV,496,0,Hostage_Taker,YOU GOTTA GIVE ME THE CAR
Taylor4_LV,497,7,Person,WELL YOU YOUVE GOT ME BETWEEN A ROCK AND A HARD SPOT BECAUSE I TOLD YOU I DONT MAKE THOSE THINGS DECISIONS I VE GOT A BOSS THAT IVE GOT TO ACCOUNT TO
Taylor4_LV,498,0,Hostage_Taker,AND IVE GOT WHOA WHOA
Taylor4_LV,499,0,Person,GO AHEAD
Taylor4_LV,500,0,Hostage_Taker,SINCE YOURE DUMB LET ME RUN IT BY YOU ONE MORE TIME
Taylor4_LV,501,0,Person,ALRIGHT
Taylor4_LV,502,3,Hostage_Taker,IF I DONT GET THE CAR IF IM NOT ALLOWED TO TAKE THIS GIRL WITH ME I KILL HER SIMPLE AS THAT NOW DO I HAVE TO REPEAT IT
Taylor4_LV,503,0,Person,NO YOUVE TOLD ME THAT SEVERAL TIMES
Taylor4_LV,504,0,Hostage_Taker,OKAY AS LONG AS <NAME> UNDERSTANDS AND THE <NAME> OKAY
Taylor4_LV,505,0,Person,OKAY THERES NOT MUCH ANSWER I CAN GIVE YOU TO THAT I KNOW THAT YOU DONT WANNA DO THAT
Taylor4_LV,506,0,Hostage_Taker,NO I DONT BLITZ I WILL IF YOU FORCE ME TO
Taylor4_LV,507,1,Person,AND I DONT WANT YOU TO DO IT BECAUSE THERE NO POINT IN HAVING A HUMAN LIFE ON YOUR HANDS ON YOUR CONSCIENCE BECAUSE THAT ISNT GONNA HELP ANY OF US AND ITS CERTAINLY NOT GONNA HELP YOU GET OUTTA THERE IS IT
Taylor4_LV,508,0,Hostage_Taker,LOOK YOU GET ME THE CAR
Taylor4_LV,509,0,Person,ILL TRY LET ME LET ME PUT IT THAT WAY ILL TRY
Taylor4_LV,510,0,Hostage_Taker,YOU DO BETTER THAN THAT
Taylor4_LV,511,0,Person,NO I CANT PROMISE YOU ANYTHING LET ME TRY AND ILL CALL YOU BACK
Taylor4_LV,512,0,Hostage_Taker,AND IF I GOTTA TALK TO THE GOVERNOR I I DONT CARE
Taylor4_LV,513,0,Person,ALRIGHT WELL LET ME TRY AGAIN
Taylor4_LV,514,0,Hostage_Taker,YOU GIVE ME A CALL BACK IN TEN MINUTES
Taylor4_LV,515,0,Person,ILL CALL YOU
Taylor4_LV,516,0,Hostage_Taker,HELLO
Taylor4_LV,517,0,Person,<NAME>
Taylor4_LV,518,0,Hostage_Taker,YEAH
Taylor4_LV,519,0,Person,<NAME> AGAIN
Taylor4_LV,520,0,Hostage_Taker,WHATS UP
Taylor4_LV,521,0,Person,WELL I STILL CANT GET YOU A CAR
Taylor4_LV,522,0,Hostage_Taker,WHY NOT
Taylor4_LV,523,7,Person,WELL THEY JUST DONT THEY THEY WONT GO WITH IT THEY WONT GIVE YOU ONE THEY SAY NO CAR
Taylor4_LV,524,0,Hostage_Taker,EITHER THAT OR I KILL HER
Taylor4_LV,525,0,Person,WELL THATS YOUVE TOLD ME TIME AND TIME AGAIN THAT YOU DONT WANT TO HURT THAT GIRL I DONT THINK YOU DO
Taylor4_LV,526,0,Hostage_Taker,BUT I WILL
Taylor4_LV,527,0,Person,GIVE ME A GIVE ME AN ALTERNATE GIVE ME SOMETHING ELSE THAT I CAN PRESENT TO THEM
Taylor4_LV,528,0,Hostage_Taker,LIKE WHAT
Taylor4_LV,529,0,Person,I DONT KNOW GIVE ME IM RUNNING OUT OF IDEAS GIVE ME SOMETHING TO TALK TO THEM ABOUT
Taylor4_LV,530,0,Hostage_Taker,ALRIGHT YOU RUN A FEW IDEAS UP THE FLAGPOLE YOU GO RIGHT AHEAD IM ALL EARS
Taylor4_LV,531,0,Person,WELL IM TRYING TO THINK OF SOME IM TRYING TO THINK OF SOME IDEAS YOU WONT SWAP YOU WONT LET THAT GIRL GO AND TAKE ONE OF US YOUVE TOLD ME THAT ALREADY
Taylor4_LV,532,0,Hostage_Taker,YEAH
Taylor4_LV,533,0,Person,EITHER ME OR ANYBODY ELSE RIGHT NOW YOUVE ALREADY TOLD ME THAT THAT YOU WONT DO THAT
Taylor4_LV,534,0,Hostage_Taker,YOURE EXPENDABLE
Taylor4_LV,535,0,Person,SURE IM EXPENDABLE
Taylor4_LV,536,0,Hostage_Taker,IM NOT AND NEITHER IS THE GIRL
Taylor4_LV,537,0,Person,WELL WHATS GONNA HAPPEN WHEN YOU WALK OUT OF THERE DONT YOU THINK YOURE GONNA BECOME EXPENDABLE
Taylor4_LV,538,0,Hostage_Taker,NOT AS LONG AS IVE GOT HER
Taylor4_LV,539,0,Person,WELL HOW ABOUT WHEN YOU WHEN YOU LET HER GO
Taylor4_LV,540,0,Hostage_Taker,WELL THATS SOMETHING WELL TAKE CARE OF WHEN IT HAPPENS IN THE MEAN TIME KEEP RUNNING SOME IDEAS BY ME
Taylor4_LV,541,0,Person,BUT YOU AR YOU ARE ABSOLUTELY EXPENDABLE AS SOON AS YOU WALK OUT OF THAT BANK AS SOON AS YOU EXPOSE YOURSELF
Taylor4_LV,542,0,Hostage_Taker,NOT AS LONG AS IVE GOT THE GIRL
Taylor4_LV,543,1,Person,WELL NOW THAT MAY BE TRUE BUT YOURE STILL AGAIN I TOLD YOU THERES JUST NO WAY THAT WE CAN GUARANTEE EITHER OF YOUR SAFETY ONCE YOU GET OUT OF THAT BANK ONCE YOU TAKE OFF IN THAT CAR
Taylor4_LV,544,0,Hostage_Taker,NO WAY YOU CAN GUARANTEE HER SAFETY
Taylor4_LV,545,1,Person,NOT REALLY BECAUSE THERE ARE JUST TOO MANY PEOPLE AROUND AND AND I DONT KNOW WHAT YOURE GONNA DO I REALLY DONT BECAUSE NOW YOUVE BEEN COOPED UP IN THERE ALL AFTERNOON
Taylor4_LV,546,0,Hostage_Taker,IF I DONT GET THE CAR YOU KNOW WHAT IM GONNA DO
Taylor4_LV,547,5,Person,WELL I HOPE YOURE NOT GONNA DO THAT BECAUSE I THINK YOURE A LITTLE MORE INTELLIGENT THAN THAT THAT YOURE GONNA JUST TAKE A LIFE
Taylor4_LV,548,0,Hostage_Taker,WELL YOU DONT KNOW THAT DO YOU
Taylor4_LV,549,0,Person,YOU DONT WANNA JUST TAKE A LIFE
Taylor4_LV,550,0,Hostage_Taker,YEAH BUT YOU DONT KNOW THAT
Taylor4_LV,551,0,Person,WELL NO I DONT IM GUESSING JUST BY TALKING TO YOU PARDON
Taylor4_LV,552,0,Hostage_Taker,I MEAN YOURE REALLY PUSHING ME
Taylor4_LV,553,0,Person,NO IM TRYING NOT TO PUSH YOU
Taylor4_LV,554,0,Hostage_Taker,NO
Taylor4_LV,555,0,Person,TRYING TO THINK OF SOME ALTERNATIVES
Taylor4_LV,556,0,Hostage_Taker,NOW I KNOW THAT YOU CAN HAVE A CAR OUT THERE IN THIRTY SECONDS IF YOU WANTED TO
Taylor4_LV,557,0,Person,WELL WE CAN HAVE A CAR OUT IN FOUR OR FIVE MINUTES YOU MADE US PULL ALL THE UNITS BACK AND THATS ONE OF THEM ITS BACK WED HAVE TO GET TO IT YOUD HAVE TO GIVE US SOME IDEA WHAT YOU WANT US TO DO WITH IT IF WE DECIDE TO GIVE YOU AN AUTOMOBILE
Taylor4_LV,558,3,Hostage_Taker,WELL YOU DONT HAVE ANY CHOICE BUT TO GIVE ME THE AUTOMOBILE I MEAN ARE YOU GONNA LET ME HANG IN HERE AND KILL THIS GIRL
Taylor4_LV,559,0,Person,NO IM NOT GONNA LET YOU DO THAT
Taylor4_LV,560,4,Hostage_Taker,RIGHT YOURE GONNA GIVE ME THE CAR
Taylor4_LV,561,7,Person,WELL THE AGAIN ITS NOT MY DECISION I KEEP TELLING YOU THAT BECAUSE ILL ID WALK OVER THERE RIGHT NOW AND GIVE YOU AN AUTOMOBILE WELL BUT AGAIN IT THINGS GET AWFUL HAIRY AS SOON AS YOU GET OUT I STILL THINK YOURE BEST BET IS TO SURRENDER YOURSELF TO ME
Taylor4_LV,562,0,Hostage_Taker,YEAH
Taylor4_LV,563,1,Person,AND THEN BOTH OF YOU CAN LIVE AND BOTH OF YOU CAN LIVE THERES NO SENSE IN YOU KILLING HER OR YOU GETTING KILLED YOURSELF
Taylor4_LV,564,0,Hostage_Taker,YOU PEOPLE PLAYING BALL WITH ME AND BOTH OF US ARE GONNA LIVE TOO
Taylor4_LV,565,0,Person,NOW I HAVE BEEN PLAYING BALL WITH YOU I THINK
Taylor4_LV,566,0,Hostage_Taker,AND YOU CONTINUE YOU CONTINUE
Taylor4_LV,567,5,Person,AND IM I AM TRYING I REALLY AM TO TO TALK TO YOU LOGICALLY ABOUT THIS THING AND AND GET YOU OUTTA THERE AND SAVE HER LIFE AND SAVE YOURS TOO BECAUSE YOUR LIFE MEANS AS MUCH TO ME AS HERS DOES
Taylor4_LV,568,0,Hostage_Taker,THE ONLY WAY THAT YOU ARE GONNA DO THAT IS MEET MY DEMAND FOR AN AUTOMOBILE
Taylor4_LV,569,3,Person,YOU WONT RECONSIDER ON A SWAP ANY NUMBER OF US PARDON
Taylor4_LV,570,0,Hostage_Taker,UNDER WHAT TERMS
Taylor4_LV,571,3,Person,WELL JUST SWAP HER FOR ONE OF US ANY ONE OF US
Taylor4_LV,572,0,Hostage_Taker,YEAH BUT AS SOON AS I WALK OUT WITH YOU THEYRE GONNA START FIRING
Taylor4_LV,573,1,Person,NO WE ARE NOT THAT EXPENDABLE NO THAT ISNT TRUE BECAUSE THEYRE NOT GONNA THEYRE NOT GONNA PRECIPITOUSLY JUST KILL US JUST BECAUSE WE HAPPEN TO BE WITH YOU NO THAT ISNT TRUE
Taylor4_LV,574,0,Hostage_Taker,OKAY WELL I AM GONNA ONCE AGAIN VETO A SWAP OKAY ONCE WE GET IN THAT CAR AND DRIVE AWAY THAT YOU HAVE LOST ALL CONTROL OF THE SITUATION ALSO IT IS ALSO TRUE EQUALLY TRUE THAT YOU DONT HAVE ANY CONTROL OVER THE SITUATION NOW
Taylor4_LV,575,0,Person,WELL NO WE DONT THATS TRUE AND THAT AS LONG AS YOURE IN THERE AND WE ARE OUT HERE THEN WEVE GOT MORE CONTROL THAN WE HAVE IF YOURE OUT RIDING AROUND IN A AUTOMOBILE WEVE GOT MORE CONTROL
Taylor4_LV,576,0,Hostage_Taker,OH YEAH WELL I GRANT YOU THAT I GRANT YOU THAT HOWEVER NOW IF YOU WANT TO PLAY AROUND WITH THIS GIRLS LIFE YOU GO RIGHT AHEAD
Taylor4_LV,577,0,Person,BY GOD THATS THE LAST THING I WANT TO DO IVE TOLD YOU THAT SEVERAL TIMES TODAY THATS THE LAST THING I WANT TO DO IS
Taylor4_LV,578,0,Hostage_Taker,I SUGGEST THAT YOU GET ON THE STICK AND YOU GET ME A CAR
Taylor4_LV,579,0,Person,THE LAST THING I WANT TO DO IS TO IS TO PLAY AROUND WITH YOUR LIFE ITS YOUR LIFE TOO YOU KNOW YOUVE THOUGHT ABOUT THAT
Taylor4_LV,580,0,Hostage_Taker,WELL LETS FORGET ABOUT THAT FOR THE TIME TALK ABOUT THE GIRLS LIFE
Taylor4_LV,581,5,Person,WELL THATS THE ONE IM CONCERNED ABOUT BUT IM ALSO CONCERNED ABOUT YOU BECAUSE YOU ALSO ARE A HUMAN BEING AND I DONT WANT TO SEE YOU WASTED EITHER
Taylor4_LV,582,0,Hostage_Taker,WELL I DONT FIGURE THAT I GOT MUCH TO LIVE FOR SO
Taylor4_LV,583,3,Person,I CAN SEE HOW YOU FIGURE THAT I TOLD YOU YOU COULD GET HELP IF YOU WE ARE OUT OF THERE AND IN CUSTODY
Taylor4_LV,584,6,Hostage_Taker,GET HELP OH YEAH OKAY ANYWAY NOW IT IS PRECISELY FIFTEEN MINLITES AFTER FOUR OCLOCK
Taylor4_LV,585,0,Person,THATS RIGHT
Taylor4_LV,586,0,Hostage_Taker,DO YOU YOU HAVE A CAR
Taylor4_LV,587,0,Person,WE HAVE WE HAVE SEVERAL AUTOMOBILES
Taylor4_LV,588,0,Hostage_Taker,OKAY YOU HAVE ONE EQUIPPED
Taylor4_LV,589,0,Person,YEAH WE HAVE ONE WE HAVE ONE CONFIGURED LIKE YOU SAID YES
Taylor4_LV,590,0,Hostage_Taker,I WANT THAT CAR BROUGHT TO THE FRONT DOOR RIGHT
Taylor4_LV,591,0,Person,OKAY GO AHEAD IM LISTENING
Taylor4_LV,592,0,Hostage_Taker,I WANT IT PARKED IN SUCH A WAY THAT THE PASSENGER SIDE IS FACING THE FRONT DOOR AND I WANT IT AS CLOSE AS POSSIBLE NOW THERE ARE TWO PILLARS OUT THERE IN FRONT
Taylor4_LV,593,0,Person,OKAY
Taylor4_LV,594,0,Hostage_Taker,IF YOU CANT GET CAR BETWEEN I I I WANT YOU TO GET IT LIKE WITHIN AN INCH OF THOSE PILLARS WITH THE PASSENGER SIDE FACING HERE
Taylor4_LV,595,0,Person,ALRIGHT
Taylor4_LV,596,0,Hostage_Taker,RIGHT
Taylor4_LV,597,0,Person,WELL THATS THATS THE THING AGAIN
Taylor4_LV,598,0,Hostage_Taker,I WANT I WANT THE PASSENGER SIDE DOOR OPEN
Taylor4_LV,599,0,Person,ALRIGHT
Taylor4_LV,600,0,Hostage_Taker,RIGHT
Taylor4_LV,601,0,Person,GO AHEAD
Taylor4_LV,602,0,Hostage_Taker,AND I WANT WHOEVER DRIVES IT TO GET THE HELL OUT
Taylor4_LV,603,0,Person,ALRIGHT
